indicator_id,대분류코드,대분류,소주제코드,소주제,응답주체,원영역,문항명,하위문항,지표명,var_2021,var_2025,연계판정,통계유형,선지수,척도최소,척도최대,척도최소라벨,척도최대라벨,긍정코드,역문항,시계열비교가능,주체간비교,확인필요,데이터이슈,응답기저,주의사항,출처
ST_PRIVED_TYPE_01,C07,교육격차·가정배경,S0702,사교육 참여,학생,여건>가정 특성,사교육 참여 유형,"1)국어, 영어, 수학 등 주요교과","사교육 참여 유형 - 1)국어, 영어, 수학 등 주요교과",Q10_1_1,STQ7_1_1,① 연계가능,binary,2→2,0.0,1.0,해당없음,참여,1.0,N,Y,,,,,"2주기 0의 라벨이 ""해당없음""이므로 미참여자와 무응답 구분 확인 필요",변수매칭_6_최종연계목록
ST_PRIVED_TYPE_02,C07,교육격차·가정배경,S0702,사교육 참여,학생,여건>가정 특성,사교육 참여 유형,2)영어를 제외한 외국어,사교육 참여 유형 - 2)영어를 제외한 외국어,Q10_1_2,STQ7_1_2,① 연계가능,binary,2→2,0.0,1.0,해당없음,참여,1.0,N,Y,,,,,항목·이분코딩 동일,변수매칭_6_최종연계목록
ST_PRIVED_TYPE_03,C07,교육격차·가정배경,S0702,사교육 참여,학생,여건>가정 특성,사교육 참여 유형,3)예체능,사교육 참여 유형 - 3)예체능,Q10_1_3,STQ7_1_3,① 연계가능,binary,2→2,0.0,1.0,해당없음,참여,1.0,N,Y,,,,,항목·이분코딩 동일,변수매칭_6_최종연계목록
ST_CULTURE_01,C07,교육격차·가정배경,S0704,문화활동 경험,학생,여건>가정 특성,가족/친구 동반 문화 활동,가족_1)과학관이나 박람회 관람,가족/친구 동반 문화 활동 - 가족_1)과학관이나 박람회 관람,Q9_가족_1,STQ8_1_1,① 연계가능,likert,4→4,1.0,4.0,전혀 없음,5회 이상,,N,Y,,,,,"항목·4점 빈도 척도 동일(1주기 ""대면·비대면 포함"" 문구는 코로나 맥락 표기로 실질 동일)",변수매칭_6_최종연계목록
ST_CULTURE_02,C07,교육격차·가정배경,S0704,문화활동 경험,학생,여건>가정 특성,가족/친구 동반 문화 활동,가족_2)미술관이나 박물관 관람,가족/친구 동반 문화 활동 - 가족_2)미술관이나 박물관 관람,Q9_가족_2,STQ8_1_2,① 연계가능,likert,4→4,1.0,4.0,전혀 없음,5회 이상,,N,Y,,,,,항목·척도 동일,변수매칭_6_최종연계목록
ST_CULTURE_03,C07,교육격차·가정배경,S0704,문화활동 경험,학생,여건>가정 특성,가족/친구 동반 문화 활동,가족_3)공연이나 음악회 관람,가족/친구 동반 문화 활동 - 가족_3)공연이나 음악회 관람,Q9_가족_3,STQ8_1_3,① 연계가능,likert,4→4,1.0,4.0,전혀 없음,5회 이상,,N,Y,,,,,항목·척도 동일,변수매칭_6_최종연계목록
ST_CULTURE_04,C07,교육격차·가정배경,S0704,문화활동 경험,학생,여건>가정 특성,가족/친구 동반 문화 활동,가족_4)서점이나 도서관 방문,가족/친구 동반 문화 활동 - 가족_4)서점이나 도서관 방문,Q9_가족_4,STQ8_1_4,② 조건부 가능,likert,4→4,1.0,4.0,전혀 없음,5회 이상,,N,조건부,,,,,2주기 값이 구조적으로 높을 수 있음. 증감 해석 시 주의,변수매칭_6_최종연계목록
ST_CULTURE_05,C07,교육격차·가정배경,S0704,문화활동 경험,학생,여건>가정 특성,가족/친구 동반 문화 활동,가족_5)기타,가족/친구 동반 문화 활동 - 가족_5)기타,Q9_가족_5,STQ8_1_5,① 연계가능,likert,4→4,1.0,4.0,전혀 없음,5회 이상,,N,Y,,,,,기타 항목·척도 동일,변수매칭_6_최종연계목록
ST_CULTURE_06,C07,교육격차·가정배경,S0704,문화활동 경험,학생,여건>가정 특성,가족/친구 동반 문화 활동,친구_1)과학관이나 박람회 관람,가족/친구 동반 문화 활동 - 친구_1)과학관이나 박람회 관람,Q9_친구_1,STQ8_2_1,① 연계가능,likert,4→4,1.0,4.0,전혀 없음,5회 이상,,N,Y,,,,,항목·척도 동일,변수매칭_6_최종연계목록
ST_CULTURE_07,C07,교육격차·가정배경,S0704,문화활동 경험,학생,여건>가정 특성,가족/친구 동반 문화 활동,친구_2)미술관이나 박물관 관람,가족/친구 동반 문화 활동 - 친구_2)미술관이나 박물관 관람,Q9_친구_2,STQ8_2_2,① 연계가능,likert,4→4,1.0,4.0,전혀 없음,5회 이상,,N,Y,,,,,항목·척도 동일,변수매칭_6_최종연계목록
ST_CULTURE_08,C07,교육격차·가정배경,S0704,문화활동 경험,학생,여건>가정 특성,가족/친구 동반 문화 활동,친구_3)공연이나 음악회 관람,가족/친구 동반 문화 활동 - 친구_3)공연이나 음악회 관람,Q9_친구_3,STQ8_2_3,① 연계가능,likert,4→4,1.0,4.0,전혀 없음,5회 이상,,N,Y,,,,,항목·척도 동일,변수매칭_6_최종연계목록
ST_CULTURE_09,C07,교육격차·가정배경,S0704,문화활동 경험,학생,여건>가정 특성,가족/친구 동반 문화 활동,친구_4)서점이나 도서관 방문,가족/친구 동반 문화 활동 - 친구_4)서점이나 도서관 방문,Q9_친구_4,STQ8_2_4,② 조건부 가능,likert,4→4,1.0,4.0,전혀 없음,5회 이상,,N,조건부,,,,,"""서점에 같이 감"" → ""서점이나 도서관 방문""으로 대상 확장",변수매칭_6_최종연계목록
ST_CULTURE_10,C07,교육격차·가정배경,S0704,문화활동 경험,학생,여건>가정 특성,가족/친구 동반 문화 활동,친구_5)기타,가족/친구 동반 문화 활동 - 친구_5)기타,Q9_친구_5,STQ8_2_5,① 연계가능,likert,4→4,1.0,4.0,전혀 없음,5회 이상,,N,Y,,,,,기타 항목·척도 동일,변수매칭_6_최종연계목록
ST_MOTIV_01,C02,학업,S0201A,학습동기(외재적),학생,여건>학습 특성,"학습동기(1~4 외재적, 5~8 내재적)",1)나는 공부를 하지 않으면 부모님이 화를 내시기 때문에 공부한다,"학습동기(1~4 외재적, 5~8 내재적) - 1)나는 공부를 하지 않으면 부모님이 화를 내시기 때문에 공부한다",Q11_1,STQ9_1,① 연계가능,likert,5→5,1.0,5.0,전혀그렇지않다,매우그렇다,,N,Y,,,,,문항 내용·5점 척도 동일,변수매칭_6_최종연계목록
ST_MOTIV_02,C02,학업,S0201A,학습동기(외재적),학생,여건>학습 특성,"학습동기(1~4 외재적, 5~8 내재적)",2)나는 공부를 하지 않으면 선생님께 혼나기 때문에 공부한다,"학습동기(1~4 외재적, 5~8 내재적) - 2)나는 공부를 하지 않으면 선생님께 혼나기 때문에 공부한다",Q11_2,STQ9_2,② 조건부 가능,likert,5→5,1.0,5.0,전혀그렇지않다,매우그렇다,,N,조건부,,,,,문항 수준 비교보다 하위척도(외재적 동기) 평균 비교 권장,변수매칭_6_최종연계목록
ST_MOTIV_03,C02,학업,S0201A,학습동기(외재적),학생,여건>학습 특성,"학습동기(1~4 외재적, 5~8 내재적)",3)나는 부모님이 공부하라고 시키기 때문에 공부한다,"학습동기(1~4 외재적, 5~8 내재적) - 3)나는 부모님이 공부하라고 시키기 때문에 공부한다",Q11_3,STQ9_3,① 연계가능,likert,5→5,1.0,5.0,전혀그렇지않다,매우그렇다,,N,Y,,,,,"""하라고 시키므로""→""공부하라고 시키기 때문에"" 표현만 변경",변수매칭_6_최종연계목록
ST_MOTIV_04,C02,학업,S0201A,학습동기(외재적),학생,여건>학습 특성,"학습동기(1~4 외재적, 5~8 내재적)",4)나는 선생님이 공부하라고 시키기 때문에 공부한다,"학습동기(1~4 외재적, 5~8 내재적) - 4)나는 선생님이 공부하라고 시키기 때문에 공부한다",Q11_4,STQ9_4,① 연계가능,likert,5→5,1.0,5.0,전혀그렇지않다,매우그렇다,,N,Y,,,,,표현만 변경,변수매칭_6_최종연계목록
ST_MOTIV_05,C02,학업,S0201B,학습동기(내재적),학생,여건>학습 특성,"학습동기(1~4 외재적, 5~8 내재적)",5)나는 지식을 쌓는 것이 즐거우므로 공부한다,"학습동기(1~4 외재적, 5~8 내재적) - 5)나는 지식을 쌓는 것이 즐거우므로 공부한다",Q11_5,STQ9_5,① 연계가능,likert,5→5,1.0,5.0,전혀그렇지않다,매우그렇다,,N,Y,,,,,문항 내용·척도 동일,변수매칭_6_최종연계목록
ST_MOTIV_06,C02,학업,S0201B,학습동기(내재적),학생,여건>학습 특성,"학습동기(1~4 외재적, 5~8 내재적)",6)나는 공부하는 것이 재미있기 때문에 공부한다,"학습동기(1~4 외재적, 5~8 내재적) - 6)나는 공부하는 것이 재미있기 때문에 공부한다",Q11_6,STQ9_6,① 연계가능,likert,5→5,1.0,5.0,전혀그렇지않다,매우그렇다,,N,Y,,,,,문항 내용·척도 동일,변수매칭_6_최종연계목록
ST_MOTIV_07,C02,학업,S0201B,학습동기(내재적),학생,여건>학습 특성,"학습동기(1~4 외재적, 5~8 내재적)",7)나는 어려운 도전들로부터 기쁨을 얻기 때문에 공부한다,"학습동기(1~4 외재적, 5~8 내재적) - 7)나는 어려운 도전들로부터 기쁨을 얻기 때문에 공부한다",Q11_7,STQ9_7,① 연계가능,likert,5→5,1.0,5.0,전혀그렇지않다,매우그렇다,,N,Y,,,,,문항 내용·척도 동일,변수매칭_6_최종연계목록
ST_MOTIV_08,C02,학업,S0201B,학습동기(내재적),학생,여건>학습 특성,"학습동기(1~4 외재적, 5~8 내재적)",8)나는 생각하는 것을 좋아하기 때문에 공부한다,"학습동기(1~4 외재적, 5~8 내재적) - 8)나는 생각하는 것을 좋아하기 때문에 공부한다",Q11_8,STQ9_8,① 연계가능,likert,5→5,1.0,5.0,전혀그렇지않다,매우그렇다,,N,Y,,,,,문항 내용·척도 동일,변수매칭_6_최종연계목록
ST_STRESS_01,C02,학업,S0204,학업스트레스,학생,여건>학습 특성,학업 스트레스,1)좋은 성적을 위해 공부를 열심히 하지 않으면 불안하다,학업 스트레스 - 1)좋은 성적을 위해 공부를 열심히 하지 않으면 불안하다,Q14_1,STQ10_1,① 연계가능,likert,5→5,1.0,5.0,전혀그렇지않다,매우그렇다,,N,Y,,,,,문항 내용·5점 척도 동일(문두 표현만 변경),변수매칭_6_최종연계목록
ST_STRESS_02,C02,학업,S0204,학업스트레스,학생,여건>학습 특성,학업 스트레스,"2)사교육(과외, 학원 등)을 받지 않으면 불안하다","학업 스트레스 - 2)사교육(과외, 학원 등)을 받지 않으면 불안하다",Q14_2,STQ10_2,① 연계가능,likert,5→5,1.0,5.0,전혀그렇지않다,매우그렇다,,N,Y,,,,,문항 내용·5점 척도 동일(문두 표현만 변경),변수매칭_6_최종연계목록
ST_STRESS_03,C02,학업,S0204,학업스트레스,학생,여건>학습 특성,학업 스트레스,3)원하는 학교에 진학해야 한다는 정신적 부담이 크다,학업 스트레스 - 3)원하는 학교에 진학해야 한다는 정신적 부담이 크다,Q14_3,STQ10_3,① 연계가능,likert,5→5,1.0,5.0,전혀그렇지않다,매우그렇다,,N,Y,,,,,문항 내용·5점 척도 동일(문두 표현만 변경),변수매칭_6_최종연계목록
ST_STRESS_04,C02,학업,S0204,학업스트레스,학생,여건>학습 특성,학업 스트레스,4)다른 학생들과 학업 성적과 관련하여 경쟁의식을 느낀다,학업 스트레스 - 4)다른 학생들과 학업 성적과 관련하여 경쟁의식을 느낀다,Q14_4,STQ10_4,① 연계가능,likert,5→5,1.0,5.0,전혀그렇지않다,매우그렇다,,N,Y,,,,,문항 내용·5점 척도 동일(문두 표현만 변경),변수매칭_6_최종연계목록
ST_STRATEGY_01,C02,학업,S0202A,학습전략(정교화),학생,여건>학습 특성,"학습전략(1~4 정교화, 5~8 조직화)",1)다른 과목에서 이미 배운 것과 새로 배우는 내용을 연결하려고 한다,"학습전략(1~4 정교화, 5~8 조직화) - 1)다른 과목에서 이미 배운 것과 새로 배우는 내용을 연결하려고 한다",Q12_1,STQ11_1,① 연계가능,likert,5→5,1.0,5.0,전혀그렇지않다,매우그렇다,,N,Y,,,,,문항 내용·5점 척도 동일(어미 미세 변경),변수매칭_6_최종연계목록
ST_STRATEGY_02,C02,학업,S0202A,학습전략(정교화),학생,여건>학습 특성,"학습전략(1~4 정교화, 5~8 조직화)",2)배우는 내용을 어떻게 실생활에서 사용할 수 있을지 생각해 본다,"학습전략(1~4 정교화, 5~8 조직화) - 2)배우는 내용을 어떻게 실생활에서 사용할 수 있을지 생각해 본다",Q12_2,STQ11_2,① 연계가능,likert,5→5,1.0,5.0,전혀그렇지않다,매우그렇다,,N,Y,,,,,문항 내용·5점 척도 동일(어미 미세 변경),변수매칭_6_최종연계목록
ST_STRATEGY_03,C02,학업,S0202A,학습전략(정교화),학생,여건>학습 특성,"학습전략(1~4 정교화, 5~8 조직화)",3)내가 이미 알고 있는 것과 연결시킬 때 공부가 더 잘 된다,"학습전략(1~4 정교화, 5~8 조직화) - 3)내가 이미 알고 있는 것과 연결시킬 때 공부가 더 잘 된다",Q12_3,STQ11_3,① 연계가능,likert,5→5,1.0,5.0,전혀그렇지않다,매우그렇다,,N,Y,,,,,문항 내용·5점 척도 동일(어미 미세 변경),변수매칭_6_최종연계목록
ST_STRATEGY_04,C02,학업,S0202A,학습전략(정교화),학생,여건>학습 특성,"학습전략(1~4 정교화, 5~8 조직화)",4)공부할 내용을 내가 이미 알고 있는 것과 어떻게 연결할지 생각해 본다,"학습전략(1~4 정교화, 5~8 조직화) - 4)공부할 내용을 내가 이미 알고 있는 것과 어떻게 연결할지 생각해 본다",Q12_4,STQ11_4,① 연계가능,likert,5→5,1.0,5.0,전혀그렇지않다,매우그렇다,,N,Y,,,,,문항 내용·5점 척도 동일(어미 미세 변경),변수매칭_6_최종연계목록
ST_STRATEGY_05,C02,학업,S0202B,학습전략(조직화),학생,여건>학습 특성,"학습전략(1~4 정교화, 5~8 조직화)",5)수업 시간에 필기한 노트를 검토하고 중요한 내용을 요약 및 정리한다,"학습전략(1~4 정교화, 5~8 조직화) - 5)수업 시간에 필기한 노트를 검토하고 중요한 내용을 요약 및 정리한다",Q12_5,STQ11_5,① 연계가능,likert,5→5,1.0,5.0,전혀그렇지않다,매우그렇다,,N,Y,,,,,문항 내용·5점 척도 동일(어미 미세 변경),변수매칭_6_최종연계목록
ST_STRATEGY_06,C02,학업,S0202B,학습전략(조직화),학생,여건>학습 특성,"학습전략(1~4 정교화, 5~8 조직화)",6)공부한 내용은 내 방식대로 정리해 놓는다,"학습전략(1~4 정교화, 5~8 조직화) - 6)공부한 내용은 내 방식대로 정리해 놓는다",Q12_6,STQ11_6,① 연계가능,likert,5→5,1.0,5.0,전혀그렇지않다,매우그렇다,,N,Y,,,,,문항 내용·5점 척도 동일(어미 미세 변경),변수매칭_6_최종연계목록
ST_STRATEGY_07,C02,학업,S0202B,학습전략(조직화),학생,여건>학습 특성,"학습전략(1~4 정교화, 5~8 조직화)",7)중요한 내용은 따로 정리한다,"학습전략(1~4 정교화, 5~8 조직화) - 7)중요한 내용은 따로 정리한다",Q12_7,STQ11_7,① 연계가능,likert,5→5,1.0,5.0,전혀그렇지않다,매우그렇다,,N,Y,,,,,문항 내용·5점 척도 동일(어미 미세 변경),변수매칭_6_최종연계목록
ST_STRATEGY_08,C02,학업,S0202B,학습전략(조직화),학생,여건>학습 특성,"학습전략(1~4 정교화, 5~8 조직화)",8)공부할 때 개념들을 모아서 나름대로 관계를 정리해 본다,"학습전략(1~4 정교화, 5~8 조직화) - 8)공부할 때 개념들을 모아서 나름대로 관계를 정리해 본다",Q12_8,STQ11_8,① 연계가능,likert,5→5,1.0,5.0,전혀그렇지않다,매우그렇다,,N,Y,,,,,문항 내용·5점 척도 동일(어미 미세 변경),변수매칭_6_최종연계목록
ST_SDL_01,C02,학업,S0203A,자기주도학습(주도성·창의성),학생,여건>학습 특성,자기주도학습,"1)나는 알고 싶은 것이 있을 때, 그것을 어떻게 배워야 할지 알 수 있다","자기주도학습 - 1)나는 알고 싶은 것이 있을 때, 그것을 어떻게 배워야 할지 알 수 있다",Q13_1,STQ12_1,① 연계가능,likert,5→5,1.0,5.0,전혀그렇지않다,매우그렇다,,N,Y,,,,,문항 내용·5점 척도 동일(어미 미세 변경),변수매칭_6_최종연계목록
ST_SDL_02,C02,학업,S0203A,자기주도학습(주도성·창의성),학생,여건>학습 특성,자기주도학습,2)내가 알고 싶은 정보를 찾는 방법을 알고 있다,자기주도학습 - 2)내가 알고 싶은 정보를 찾는 방법을 알고 있다,Q13_2,STQ12_2,① 연계가능,likert,5→5,1.0,5.0,전혀그렇지않다,매우그렇다,,N,Y,,,,,문항 내용·5점 척도 동일(어미 미세 변경),변수매칭_6_최종연계목록
ST_SDL_03,C02,학업,S0203A,자기주도학습(주도성·창의성),학생,여건>학습 특성,자기주도학습,3)나는 사물에 관해 호기심을 갖고 있다,자기주도학습 - 3)나는 사물에 관해 호기심을 갖고 있다,Q13_3,STQ12_3,① 연계가능,likert,5→5,1.0,5.0,전혀그렇지않다,매우그렇다,,N,Y,,,,,문항 내용·5점 척도 동일(어미 미세 변경),변수매칭_6_최종연계목록
ST_SDL_04,C02,학업,S0203A,자기주도학습(주도성·창의성),학생,여건>학습 특성,자기주도학습,4)나는 어떤 일을 해내는 특별한 방법을 잘 생각해 낸다,자기주도학습 - 4)나는 어떤 일을 해내는 특별한 방법을 잘 생각해 낸다,Q13_4,STQ12_4,① 연계가능,likert,5→5,1.0,5.0,전혀그렇지않다,매우그렇다,,N,Y,,,,,문항 내용·5점 척도 동일(어미 미세 변경),변수매칭_6_최종연계목록
ST_SDL_05,C02,학업,S0203B,자기주도학습(자기이해),학생,여건>학습 특성,자기주도학습,5)내가 무엇을 배우고 싶은지를 안다,자기주도학습 - 5)내가 무엇을 배우고 싶은지를 안다,Q13_5,STQ12_5,① 연계가능,likert,5→5,1.0,5.0,전혀그렇지않다,매우그렇다,,N,Y,,,,,문항 내용·5점 척도 동일(어미 미세 변경),변수매칭_6_최종연계목록
ST_SDL_06,C02,학업,S0203B,자기주도학습(자기이해),학생,여건>학습 특성,자기주도학습,6)내 공부의 최종적인 책임은 내가 진다,자기주도학습 - 6)내 공부의 최종적인 책임은 내가 진다,Q13_6,STQ12_6,① 연계가능,likert,5→5,1.0,5.0,전혀그렇지않다,매우그렇다,,N,Y,,,,,문항 내용·5점 척도 동일(어미 미세 변경),변수매칭_6_최종연계목록
ST_SDL_07,C02,학업,S0203B,자기주도학습(자기이해),학생,여건>학습 특성,자기주도학습,7)지금 공부가 잘 되고 있는지 아닌지를 판단할 수 있다,자기주도학습 - 7)지금 공부가 잘 되고 있는지 아닌지를 판단할 수 있다,Q13_7,STQ12_7,① 연계가능,likert,5→5,1.0,5.0,전혀그렇지않다,매우그렇다,,N,Y,,,,,문항 내용·5점 척도 동일(어미 미세 변경),변수매칭_6_최종연계목록
ST_SDL_08,C02,학업,S0203B,자기주도학습(자기이해),학생,여건>학습 특성,자기주도학습,8)지금 공부하는 내용 중 부족한 부분을 언제 보충해야 할지 알고 있다,자기주도학습 - 8)지금 공부하는 내용 중 부족한 부분을 언제 보충해야 할지 알고 있다,Q13_8,STQ12_8,① 연계가능,likert,5→5,1.0,5.0,전혀그렇지않다,매우그렇다,,N,Y,,,,,문항 내용·5점 척도 동일(어미 미세 변경),변수매칭_6_최종연계목록
ST_SDL_09,C02,학업,S0203B,자기주도학습(자기이해),학생,여건>학습 특성,자기주도학습,9)항상 새로운 것을 배우는 사람을 존경한다,자기주도학습 - 9)항상 새로운 것을 배우는 사람을 존경한다,Q13_9,STQ12_9,① 연계가능,likert,5→5,1.0,5.0,전혀그렇지않다,매우그렇다,,N,Y,,,,,문항 내용·5점 척도 동일(어미 미세 변경),변수매칭_6_최종연계목록
ST_GRADE_SELF_01,C02,학업,S0205,학업성취(주관),학생,여건>학습 특성,현재성적,현재 성적,현재성적 - 현재 성적,Q6,STQ13,② 조건부 가능,likert,5→5,1.0,5.0,아주 낮은 편,아주 높은 편,,N,조건부,,,,,앵커 제거로 응답 분포가 이동할 수 있음. 평균 비교 시 주의,변수매칭_6_최종연계목록
ST_ASPIRE_01,C10,진로·진학,S1001,교육포부,학생,과정>진로·진학,교육포부,교육포부,교육포부 - 교육포부,Q5,STQ16,① 연계가능,likert,6→6,1.0,6.0,고등학교 졸업,잘 모르겠다,,N,Y,학생–학부모 [B],,,,"""6)잘 모르겠다""를 결측 처리할지 사전 결정 필요(양 주기 동일 규칙 적용)",변수매칭_6_최종연계목록
ST_CLASS_01,C06,수업·평가 혁신,S0602A,수업태도·참여,학생,과정>교육활동,수업(수업참여/교사수업진행/수업중평가),1)나는 수업시간에 집중한다,수업(수업참여/교사수업진행/수업중평가) - 1)나는 수업시간에 집중한다,Q20_1,STQ19_1,① 연계가능,likert,5→5,1.0,5.0,전혀그렇지않다,매우그렇다,,N,Y,,,,,문항 내용·5점 척도 동일(변수명만 재구조화),변수매칭_6_최종연계목록
ST_CLASS_02,C06,수업·평가 혁신,S0602A,수업태도·참여,학생,과정>교육활동,수업(수업참여/교사수업진행/수업중평가),2)나는 수업시간에 적극적으로 참여한다,수업(수업참여/교사수업진행/수업중평가) - 2)나는 수업시간에 적극적으로 참여한다,Q20_2,STQ19_2,① 연계가능,likert,5→5,1.0,5.0,전혀그렇지않다,매우그렇다,,N,Y,,,,,문항 내용·척도 동일,변수매칭_6_최종연계목록
ST_CLASS_03,C06,수업·평가 혁신,S0602A,수업태도·참여,학생,과정>교육활동,수업(수업참여/교사수업진행/수업중평가),3)나는 수업시간에 흥미를 가지고 참여한다,수업(수업참여/교사수업진행/수업중평가) - 3)나는 수업시간에 흥미를 가지고 참여한다,Q20_3,STQ19_3,① 연계가능,likert,5→5,1.0,5.0,전혀그렇지않다,매우그렇다,,N,Y,,,,,문항 내용·척도 동일,변수매칭_6_최종연계목록
ST_CLASS_04,C06,수업·평가 혁신,S0602B,교사 수업 진행,학생,과정>교육활동,수업(수업참여/교사수업진행/수업중평가),1)선생님은 사전에 수업 준비를 철저히 하시는 편이다,수업(수업참여/교사수업진행/수업중평가) - 1)선생님은 사전에 수업 준비를 철저히 하시는 편이다,Q20_4,STQ20_1,① 연계가능,likert,5→5,1.0,5.0,전혀그렇지않다,매우그렇다,,N,Y,,,,,문항 내용·척도 동일,변수매칭_6_최종연계목록
ST_CLASS_05,C06,수업·평가 혁신,S0602B,교사 수업 진행,학생,과정>교육활동,수업(수업참여/교사수업진행/수업중평가),2)선생님은 흥미롭게 수업을 진행하신다,수업(수업참여/교사수업진행/수업중평가) - 2)선생님은 흥미롭게 수업을 진행하신다,Q20_5,STQ20_2,① 연계가능,likert,5→5,1.0,5.0,전혀그렇지않다,매우그렇다,,N,Y,,,,,문항 내용·척도 동일,변수매칭_6_최종연계목록
ST_CLASS_06,C06,수업·평가 혁신,S0602B,교사 수업 진행,학생,과정>교육활동,수업(수업참여/교사수업진행/수업중평가),3)선생님은 학생들의 수준에 맞게 가르치신다,수업(수업참여/교사수업진행/수업중평가) - 3)선생님은 학생들의 수준에 맞게 가르치신다,Q20_6,STQ20_3,① 연계가능,likert,5→5,1.0,5.0,전혀그렇지않다,매우그렇다,,N,Y,,,,,문항 내용·척도 동일,변수매칭_6_최종연계목록
ST_CLASS_07,C06,수업·평가 혁신,S0603A,수업 중 평가(학생),학생,과정>교육활동,수업(수업참여/교사수업진행/수업중평가),"1)선생님은 다양한 형태(논술형 평가, 토론, 보고서, 현장조사, 포트폴리오 등)로 평가를 하신다","수업(수업참여/교사수업진행/수업중평가) - 1)선생님은 다양한 형태(논술형 평가, 토론, 보고서, 현장조사, 포트폴리오 등)로 평가를 하신다",Q20_7,STQ22_1,② 조건부 가능,likert,5→5,1.0,5.0,전혀그렇지않다,매우그렇다,,N,조건부,,,,,구인 범위 차이 유의,변수매칭_6_최종연계목록
ST_CLASS_08,C06,수업·평가 혁신,S0603A,수업 중 평가(학생),학생,과정>교육활동,수업(수업참여/교사수업진행/수업중평가),2)선생님은 평가 결과를 바탕으로 나의 강점과 보완할 점을 알려주신다,수업(수업참여/교사수업진행/수업중평가) - 2)선생님은 평가 결과를 바탕으로 나의 강점과 보완할 점을 알려주신다,Q20_8,STQ22_2,① 연계가능,likert,5→5,1.0,5.0,전혀그렇지않다,매우그렇다,,N,Y,,,,,"""장점과 단점""→""강점과 보완할 점"" 표현만 변경",변수매칭_6_최종연계목록
ST_CLASS_09,C06,수업·평가 혁신,S0603A,수업 중 평가(학생),학생,과정>교육활동,수업(수업참여/교사수업진행/수업중평가),3)선생님은 학생이 자신의 학습 과정을 점검하고 개선하는 기회를 제공하신다,수업(수업참여/교사수업진행/수업중평가) - 3)선생님은 학생이 자신의 학습 과정을 점검하고 개선하는 기회를 제공하신다,Q20_9,STQ22_3,③ 비교 불가,likert,5→5,1.0,5.0,전혀그렇지않다,매우그렇다,,N,N,,★연계 불가 — 제외 권장,,,별개 문항으로 취급 권장,변수매칭_6_최종연계목록
ST_CLASS_SC_01,C06,수업·평가 혁신,S0601,학생중심수업,학생,과정>교육활동,수업활동(학생중심수업/협동수업),4)선생님은 학생들이 스스로 문제를 해결할 수 있도록 도와준다,수업활동(학생중심수업/협동수업) - 4)선생님은 학생들이 스스로 문제를 해결할 수 있도록 도와준다,Q22_1,STQ20_4,① 연계가능,likert,5→5,1.0,5.0,전혀그렇지않다,매우그렇다,,N,Y,,,,,문항 내용·5점 척도 동일,변수매칭_6_최종연계목록
ST_CLASS_SC_02,C06,수업·평가 혁신,S0601,학생중심수업,학생,과정>교육활동,수업활동(학생중심수업/협동수업),5)선생님은 학생들이 스스로 자신의 학습목표를 설정할 수 있도록 도와준다,수업활동(학생중심수업/협동수업) - 5)선생님은 학생들이 스스로 자신의 학습목표를 설정할 수 있도록 도와준다,Q22_2,STQ20_5,② 조건부 가능,likert,5→5,1.0,5.0,전혀그렇지않다,매우그렇다,,N,조건부,,,,,"""스스로 수업목표를 찾아낼 수 있도록"" → ""스스로 자신의 학습목표를 설정할 수 있도록"". 주체는 동일(교사)하나 대상 개념이 수업목표→학습목표로 변경",변수매칭_6_최종연계목록
ST_ASSESS_02,C06,수업·평가 혁신,S0603,수행평가,학생,과정>교육활동,(수행)평가,1)평가는 실력향상에 도움이 된다,(수행)평가 - 1)평가는 실력향상에 도움이 된다,Q21_2,STQ21_1,② 조건부 가능,likert,5→5,1.0,5.0,전혀그렇지않다,매우그렇다,,N,조건부,,,,,구인 범위 차이 유의. 추세 비교 시 단서 표기,변수매칭_6_최종연계목록
ST_ASSESS_03,C06,수업·평가 혁신,S0603,수행평가,학생,과정>교육활동,(수행)평가,2)평가는 수업에 흥미를 가질 수 있도록 해준다,(수행)평가 - 2)평가는 수업에 흥미를 가질 수 있도록 해준다,Q21_3,STQ21_2,② 조건부 가능,likert,5→5,1.0,5.0,전혀그렇지않다,매우그렇다,,N,조건부,,,,,"대상이 ""수행평가""→""평가"" 전반으로 확대",변수매칭_6_최종연계목록
ST_ASSESS_04,C06,수업·평가 혁신,S0603,수행평가,학생,과정>교육활동,(수행)평가,3)평가 결과는 대체적으로 공정하다,(수행)평가 - 3)평가 결과는 대체적으로 공정하다,Q21_4,STQ21_3,② 조건부 가능,likert,5→5,1.0,5.0,전혀그렇지않다,매우그렇다,,N,조건부,,,,,"대상이 ""수행평가""→""평가"" 전반으로 확대",변수매칭_6_최종연계목록
ST_DIGI_EDU_01,C03,디지털 리터러시,S0302,디지털 기기 활용 교육,학생,과정>교육활동,디지털 기기 활용 교육(구:디지털 리터러시 활용 교육),"1)나는 학교에서 디지털 기기(PC, 스마트기기 등)를 활용한 온라인 쌍방향 소통 방법을 배운 적이 있다","디지털 기기 활용 교육(구:디지털 리터러시 활용 교육) - 1)나는 학교에서 디지털 기기(PC, 스마트기기 등)를 활용한 온라인 쌍방향 소통 방법을 배운 적이 있다",Q24_1,STQ23_1,② 조건부 가능,likert,5→5,1.0,5.0,전혀그렇지않다,매우그렇다,,N,조건부,,,,,참조기간 차이로 2주기 값이 낮게 나올 수 있음. ★설문지 확인 권장,변수매칭_6_최종연계목록
ST_DIGI_EDU_02,C03,디지털 리터러시,S0302,디지털 기기 활용 교육,학생,과정>교육활동,디지털 기기 활용 교육(구:디지털 리터러시 활용 교육),"2)나는 학교에서 디지털 기기(PC, 테블릿 등)에서 필요한 정보를 읽고 선택하는 방법을 배운 적이 있다","디지털 기기 활용 교육(구:디지털 리터러시 활용 교육) - 2)나는 학교에서 디지털 기기(PC, 테블릿 등)에서 필요한 정보를 읽고 선택하는 방법을 배운 적이 있다",Q24_2,STQ23_2,② 조건부 가능,likert,5→5,1.0,5.0,전혀그렇지않다,매우그렇다,,N,조건부,,,,,"항목 내용 동일하나 참조기간(1주기 ""최근 3년간"") 차이 존재",변수매칭_6_최종연계목록
ST_DIGI_EDU_03,C03,디지털 리터러시,S0302,디지털 기기 활용 교육,학생,과정>교육활동,디지털 기기 활용 교육(구:디지털 리터러시 활용 교육),"3)나는 학교에서 디지털 기기(PC, 테블릿 등)을 올바르게(도덕적으로) 사용하는 방법을 배운 적이 있다","디지털 기기 활용 교육(구:디지털 리터러시 활용 교육) - 3)나는 학교에서 디지털 기기(PC, 테블릿 등)을 올바르게(도덕적으로) 사용하는 방법을 배운 적이 있다",Q24_3,STQ23_3,② 조건부 가능,likert,5→5,1.0,5.0,전혀그렇지않다,매우그렇다,,N,조건부,,,,,항목 내용 동일하나 참조기간 차이 존재,변수매칭_6_최종연계목록
ST_DIGI_EDU_04,C03,디지털 리터러시,S0302,디지털 기기 활용 교육,학생,과정>교육활동,디지털 기기 활용 교육(구:디지털 리터러시 활용 교육),"4)나는 학교에서 디지털 기기(PC, 테블릿 등)에서 제공하는 정보가 믿을 수 있는지 확인하는 방법을 배운 적이 있다","디지털 기기 활용 교육(구:디지털 리터러시 활용 교육) - 4)나는 학교에서 디지털 기기(PC, 테블릿 등)에서 제공하는 정보가 믿을 수 있는지 확인하는 방법을 배운 적이 있다",Q24_4,STQ23_4,② 조건부 가능,likert,5→5,1.0,5.0,전혀그렇지않다,매우그렇다,,N,조건부,,,,,항목 내용 동일하나 참조기간 차이 존재,변수매칭_6_최종연계목록
ST_DIGI_LIT_01,C03,디지털 리터러시,S0301,디지털 리터러시,학생,과정>교육활동,디지털 리터러시,1)나는 한글이나 프리젠테이션 도구 또는 생성형 AI를 활용해서 문서를 만드는 데 능숙하다,디지털 리터러시 - 1)나는 한글이나 프리젠테이션 도구 또는 생성형 AI를 활용해서 문서를 만드는 데 능숙하다,Q27_1,STQ24_1,② 조건부 가능,likert,5→5,1.0,5.0,전혀그렇지않다,매우그렇다,,N,조건부,,,,,항목 단위 비교 시 주의,변수매칭_6_최종연계목록
ST_DIGI_LIT_02,C03,디지털 리터러시,S0301,디지털 리터러시,학생,과정>교육활동,디지털 리터러시,2)나는 내가 만든 자료나 파일을 온라인 플랫폼에 올려서 잘 공유한다,디지털 리터러시 - 2)나는 내가 만든 자료나 파일을 온라인 플랫폼에 올려서 잘 공유한다,Q27_2,STQ24_2,① 연계가능,likert,5→5,1.0,5.0,전혀그렇지않다,매우그렇다,,N,Y,,,,,"""인터넷에 올려서""→""온라인 플랫폼에 올려서"" 용어만 갱신",변수매칭_6_최종연계목록
ST_DIGI_LIT_03,C03,디지털 리터러시,S0301,디지털 리터러시,학생,과정>교육활동,디지털 리터러시,3)나는 온라인 학습 공간에 올려둔 자료를 잘 내려 받아 활용한다,디지털 리터러시 - 3)나는 온라인 학습 공간에 올려둔 자료를 잘 내려 받아 활용한다,Q27_3,STQ24_3,① 연계가능,likert,5→5,1.0,5.0,전혀그렇지않다,매우그렇다,,N,Y,,,,,"""인터넷 학습 공간""→""온라인 학습 공간"" 용어만 갱신",변수매칭_6_최종연계목록
ST_DIGI_LIT_04,C03,디지털 리터러시,S0301,디지털 리터러시,학생,과정>교육활동,디지털 리터러시,4)나는 필요한 정보를 찾기 위해 다양한 검색엔진이나 AI 도구를 활용할 수 있다,디지털 리터러시 - 4)나는 필요한 정보를 찾기 위해 다양한 검색엔진이나 AI 도구를 활용할 수 있다,Q27_4,STQ24_4,② 조건부 가능,likert,5→5,1.0,5.0,전혀그렇지않다,매우그렇다,,N,조건부,,,,,"""다양한 사이버 공간을 활용"" → ""다양한 검색엔진이나 AI 도구를 활용"". 활용 수단이 구체화·변경됨",변수매칭_6_최종연계목록
ST_DIGI_LIT_05,C03,디지털 리터러시,S0301,디지털 리터러시,학생,과정>교육활동,디지털 리터러시,5)나는 필요한 정보를 찾기 위해 관련된 키워드를 다양하게 생각해낼 수 있다,디지털 리터러시 - 5)나는 필요한 정보를 찾기 위해 관련된 키워드를 다양하게 생각해낼 수 있다,Q27_5,STQ24_5,① 연계가능,likert,5→5,1.0,5.0,전혀그렇지않다,매우그렇다,,N,Y,,,,,문항 내용 동일,변수매칭_6_최종연계목록
ST_DIGI_LIT_06,C03,디지털 리터러시,S0301,디지털 리터러시,학생,과정>교육활동,디지털 리터러시,6)과제를 해결하기 위해 필요한 정보를 다양하게 선택할 수 있다,디지털 리터러시 - 6)과제를 해결하기 위해 필요한 정보를 다양하게 선택할 수 있다,Q27_6,STQ24_6,① 연계가능,likert,5→5,1.0,5.0,전혀그렇지않다,매우그렇다,,N,Y,,,,,문항 내용 동일,변수매칭_6_최종연계목록
ST_DIGI_LIT_07,C03,디지털 리터러시,S0301,디지털 리터러시,학생,과정>교육활동,디지털 리터러시,7)나는 디지털 기기 사용 시간을 스스로 정한다,디지털 리터러시 - 7)나는 디지털 기기 사용 시간을 스스로 정한다,Q27_7,STQ24_7,② 조건부 가능,likert,5→5,1.0,5.0,전혀그렇지않다,매우그렇다,,N,조건부,,,,,"""인터넷 사용 시간"" → ""디지털 기기 사용 시간""으로 대상 확장",변수매칭_6_최종연계목록
ST_DIGI_LIT_08,C03,디지털 리터러시,S0301,디지털 리터러시,학생,과정>교육활동,디지털 리터러시,8)나는 놀 때와 공부할 때를 구분해서 디지털 기기를 사용한다,디지털 리터러시 - 8)나는 놀 때와 공부할 때를 구분해서 디지털 기기를 사용한다,Q27_8,STQ24_8,② 조건부 가능,likert,5→5,1.0,5.0,전혀그렇지않다,매우그렇다,,N,조건부,,,,,"""인터넷을 사용"" → ""디지털 기기를 사용""으로 대상 확장",변수매칭_6_최종연계목록
ST_DIGI_LIT_09,C03,디지털 리터러시,S0301,디지털 리터러시,학생,과정>교육활동,디지털 리터러시,9)나는 디지털 기기를 활용하여 정보를 얻을 때 나에게 필요한 정보를 골라 읽는다,디지털 리터러시 - 9)나는 디지털 기기를 활용하여 정보를 얻을 때 나에게 필요한 정보를 골라 읽는다,Q27_9,STQ24_9,② 조건부 가능,likert,5→5,1.0,5.0,전혀그렇지않다,매우그렇다,,N,조건부,,,,,"""인터넷에서 정보를 읽을 때"" → ""디지털 기기를 활용하여 정보를 얻을 때""로 대상 확장",변수매칭_6_최종연계목록
ST_DIGI_LIT_10,C03,디지털 리터러시,S0301,디지털 리터러시,학생,과정>교육활동,디지털 리터러시,10)나는 불법 사이트에 접속하지 않는다,디지털 리터러시 - 10)나는 불법 사이트에 접속하지 않는다,Q27_10,STQ24_10,① 연계가능,likert,5→5,1.0,5.0,전혀그렇지않다,매우그렇다,,N,Y,,,,,문항 내용 동일,변수매칭_6_최종연계목록
ST_DIGI_LIT_11,C03,디지털 리터러시,S0301,디지털 리터러시,학생,과정>교육활동,디지털 리터러시,11)나는 온라인 공간에 있는 정보를 무단으로 사용하지 않는다,디지털 리터러시 - 11)나는 온라인 공간에 있는 정보를 무단으로 사용하지 않는다,Q27_11,STQ24_11,① 연계가능,likert,5→5,1.0,5.0,전혀그렇지않다,매우그렇다,,N,Y,,,,,"""인터넷에 있는 정보""→""온라인 공간에 있는 정보"" 용어만 갱신",변수매칭_6_최종연계목록
ST_DIGI_LIT_12,C03,디지털 리터러시,S0301,디지털 리터러시,학생,과정>교육활동,디지털 리터러시,12)나는 온라인 공간에서 모욕적인 언어를 사용하지 않는다,디지털 리터러시 - 12)나는 온라인 공간에서 모욕적인 언어를 사용하지 않는다,Q27_12,STQ24_12,① 연계가능,likert,5→5,1.0,5.0,전혀그렇지않다,매우그렇다,,N,Y,,,,,"""인터넷에서""→""온라인 공간에서"" 용어만 갱신",변수매칭_6_최종연계목록
ST_RELATION_01,C04,학교생활·관계,S0401,또래·교사 관계,학생,과정>학교생활,"친구, 선생님과의 관계",1)학교 친구들과 있을 때 마음이 편하다,"친구, 선생님과의 관계 - 1)학교 친구들과 있을 때 마음이 편하다",Q15_1,STQ27_1,① 연계가능,likert,5→5,1.0,5.0,전혀그렇지않다,매우그렇다,,N,Y,학생–학부모 [B],,,,문항 내용·5점 척도 완전 동일(어미만 미세 변경),변수매칭_6_최종연계목록
ST_RELATION_02,C04,학교생활·관계,S0401,또래·교사 관계,학생,과정>학교생활,"친구, 선생님과의 관계",2)학교 친구들이 나에게 상처를 준 적이 있다,"친구, 선생님과의 관계 - 2)학교 친구들이 나에게 상처를 준 적이 있다",Q15_2,STQ27_2,① 연계가능,likert,5→5,1.0,5.0,전혀그렇지않다,매우그렇다,,척도 부적합,Y,학생–학부모 [A],,,,문항 내용·5점 척도 완전 동일(어미만 미세 변경),변수매칭_6_최종연계목록
ST_RELATION_03,C04,학교생활·관계,S0401,또래·교사 관계,학생,과정>학교생활,"친구, 선생님과의 관계",3)학교에서 친구들로부터 존중 받는다,"친구, 선생님과의 관계 - 3)학교에서 친구들로부터 존중 받는다",Q15_3,STQ27_3,① 연계가능,likert,5→5,1.0,5.0,전혀그렇지않다,매우그렇다,,N,Y,,,,,문항 내용·5점 척도 완전 동일(어미만 미세 변경),변수매칭_6_최종연계목록
ST_RELATION_04,C04,학교생활·관계,S0401,또래·교사 관계,학생,과정>학교생활,"친구, 선생님과의 관계",4)학교 친구들은 내가 어려움에 처해있을 때 도와준다,"친구, 선생님과의 관계 - 4)학교 친구들은 내가 어려움에 처해있을 때 도와준다",Q15_4,STQ27_4,① 연계가능,likert,5→5,1.0,5.0,전혀그렇지않다,매우그렇다,,N,Y,학생–학부모 [A],,,,문항 내용·5점 척도 완전 동일(어미만 미세 변경),변수매칭_6_최종연계목록
ST_RELATION_05,C04,학교생활·관계,S0401,또래·교사 관계,학생,과정>학교생활,"친구, 선생님과의 관계",5)학교 선생님들은 나를 이해하려고 노력하신다,"친구, 선생님과의 관계 - 5)학교 선생님들은 나를 이해하려고 노력하신다",Q15_5,STQ27_5,① 연계가능,likert,5→5,1.0,5.0,전혀그렇지않다,매우그렇다,,N,Y,학생–학부모 [A],,,,문항 내용·5점 척도 완전 동일(어미만 미세 변경),변수매칭_6_최종연계목록
ST_RELATION_06,C04,학교생활·관계,S0401,또래·교사 관계,학생,과정>학교생활,"친구, 선생님과의 관계",6)학교 선생님들은 나에게 무관심하다,"친구, 선생님과의 관계 - 6)학교 선생님들은 나에게 무관심하다",Q15_6,STQ27_6,① 연계가능,likert,5→5,1.0,5.0,전혀그렇지않다,매우그렇다,,Y,Y,학생–학부모 [B],,,,문항 내용·5점 척도 완전 동일(어미만 미세 변경),변수매칭_6_최종연계목록
ST_RELATION_07,C04,학교생활·관계,S0401,또래·교사 관계,학생,과정>학교생활,"친구, 선생님과의 관계",7)학교 선생님들에게 고민 상담을 한다,"친구, 선생님과의 관계 - 7)학교 선생님들에게 고민 상담을 한다",Q15_7,STQ27_7,① 연계가능,likert,5→5,1.0,5.0,전혀그렇지않다,매우그렇다,,N,Y,학생–학부모 [A],,,,문항 내용·5점 척도 완전 동일(어미만 미세 변경),변수매칭_6_최종연계목록
ST_RELATION_08,C04,학교생활·관계,S0401,또래·교사 관계,학생,과정>학교생활,"친구, 선생님과의 관계",8)학교 선생님은 나를 존중해 주신다,"친구, 선생님과의 관계 - 8)학교 선생님은 나를 존중해 주신다",Q15_8,STQ27_8,① 연계가능,likert,5→5,1.0,5.0,전혀그렇지않다,매우그렇다,,N,Y,,,,,문항 내용·5점 척도 완전 동일(어미만 미세 변경),변수매칭_6_최종연계목록
ST_STU_GOV_01,C08,참여·자치,S0801,학생자치,학생,과정>학교생활,학생자치 활성화,1)학생 의견 수렴,학생자치 활성화 - 1)학생 의견 수렴,Q25_1,STQ31_1,① 연계가능,likert,5→5,1.0,5.0,전혀그렇지않다,매우그렇다,,N,Y,학생–교사 [B],,,,문항 내용·5점 척도 동일,변수매칭_6_최종연계목록
ST_STU_GOV_02,C08,참여·자치,S0801,학생자치,학생,과정>학교생활,학생자치 활성화,2)학생 의견 전달,학생자치 활성화 - 2)학생 의견 전달,Q25_2,STQ31_2,① 연계가능,likert,5→5,1.0,5.0,전혀그렇지않다,매우그렇다,,N,Y,,,,,문항 내용·척도 동일,변수매칭_6_최종연계목록
ST_STU_GOV_03,C08,참여·자치,S0801,학생자치,학생,과정>학교생활,학생자치 활성화,3)의견 실현 결과 공유,학생자치 활성화 - 3)의견 실현 결과 공유,Q25_3,STQ31_3,② 조건부 가능,likert,5→5,1.0,5.0,전혀그렇지않다,매우그렇다,,N,조건부,,,,,"전달 경로가 ""학교 홈페이지 또는 학생회의""에서 ""학교 홈페이지 또는 SNS""로 변경",변수매칭_6_최종연계목록
ST_STU_GOV_04,C08,참여·자치,S0801,학생자치,학생,과정>학교생활,학생자치 활성화,4)학교행사 기획·안내,학생자치 활성화 - 4)학교행사 기획·안내,Q25_4,STQ31_4,① 연계가능,likert,5→5,1.0,5.0,전혀그렇지않다,매우그렇다,,N,Y,,,,,문항 내용·척도 동일,변수매칭_6_최종연계목록
ST_SAT_TOTAL_01,C09,만족도,S0901,전반적 만족도,학생,성과>학교 만족도,전반적인 만족도,현재 다니는 학교에 어느 정도 만족하는지,전반적인 만족도 - 현재 다니는 학교에 어느 정도 만족하는지,Q28,STQ32,① 연계가능,likert,5→5,1.0,5.0,매우 불만족,매우만족,,N,Y,학생–학부모 [A] / 학생–학부모–교사 [B],,,,단일 문항·5점 척도 동일(선지 라벨 표현만 변경). 학생·학부모 3자 비교의 대표 지표로 활용 가능,변수매칭_6_최종연계목록
ST_SAT_DETAIL_01,C09,만족도,S0902,세부 만족도,학생,성과>학교 만족도,세부적인 만족도,1)학습능력 신장,세부적인 만족도 - 1)학습능력 신장,Q29_1,STQ33_1,① 연계가능,likert,5→5,1.0,5.0,전혀그렇지않다,매우그렇다,,N,Y,학생–학부모 [A],,,,항목(학습능력 신장)·5점 척도 동일. 학부모용 대응 항목 존재,변수매칭_6_최종연계목록
ST_SAT_DETAIL_02,C09,만족도,S0902,세부 만족도,학생,성과>학교 만족도,세부적인 만족도,2)특기적성 신장,세부적인 만족도 - 2)특기적성 신장,Q29_2,STQ33_2,① 연계가능,likert,5→5,1.0,5.0,전혀그렇지않다,매우그렇다,,N,Y,학생–학부모 [A],,,,항목(특기·적성)·척도 동일. 학부모용 대응 항목 존재,변수매칭_6_최종연계목록
ST_SAT_DETAIL_03,C09,만족도,S0902,세부 만족도,학생,성과>학교 만족도,세부적인 만족도,3)진로상담,세부적인 만족도 - 3)진로상담,Q29_3,STQ33_3,② 조건부 가능,likert,5→5,1.0,5.0,전혀그렇지않다,매우그렇다,,N,조건부,,,,,"1주기 ""생활 및 진로상담"" → 2주기 ""진로상담""으로 생활상담이 제외됨",변수매칭_6_최종연계목록
ST_SAT_DETAIL_04,C09,만족도,S0902,세부 만족도,학생,성과>학교 만족도,세부적인 만족도,4)학교급식,세부적인 만족도 - 4)학교급식,Q29_4,STQ33_4,① 연계가능,likert,5→5,1.0,5.0,전혀그렇지않다,매우그렇다,,N,Y,,,,,항목(학교급식)·척도 동일,변수매칭_6_최종연계목록
ST_SAT_DETAIL_05,C09,만족도,S0902,세부 만족도,학생,성과>학교 만족도,세부적인 만족도,5)다양한 학습 프로그램,세부적인 만족도 - 5)다양한 학습 프로그램,Q29_5,STQ33_5,① 연계가능,likert,5→5,1.0,5.0,전혀그렇지않다,매우그렇다,,N,Y,,,,,항목(학습 프로그램)·척도 동일,변수매칭_6_최종연계목록
ST_SAT_DETAIL_06,C09,만족도,S0902,세부 만족도,학생,성과>학교 만족도,세부적인 만족도,6)교육시설과 환경,세부적인 만족도 - 6)교육시설과 환경,Q29_6,STQ33_6,① 연계가능,likert,5→5,1.0,5.0,전혀그렇지않다,매우그렇다,,N,Y,,,,,항목(교육시설·환경)·척도 동일. 학부모용 대응 항목 존재,변수매칭_6_최종연계목록
PR_EDU_COST_01,C07,교육격차·가정배경,S0701,교육비·사교육비,학부모,여건>가정배경,교육비 및 사교육,"1)학교에 낸 돈(체험활동비, 방과 후 학교 수강료 포함)","교육비 및 사교육 - 1)학교에 낸 돈(체험활동비, 방과 후 학교 수강료 포함)",Q3_1,PRQ2_1,① 연계가능,continuous,연속형,,,,,,N,조건부,,,"1주기는 미지출을 0으로 기입, 2주기는 공란 처리 — 전체 평균은 응답 기저가 다르다. 시계열 비교에는 가정이 필요 없는 '지출자평균/지출자중앙값'을 사용할 것. '평균'·'지출참여율'은 2주기 결측=미지출 가정을 전제한다.",,양 주기 모두 이상치 확인 필요(2주기 코드북에 이상치 주의 명시),변수매칭_6_최종연계목록
PR_EDU_COST_02,C07,교육격차·가정배경,S0701,교육비·사교육비,학부모,여건>가정배경,교육비 및 사교육,"2)사교육비_국어, 영어, 수학 등 주요교과","교육비 및 사교육 - 2)사교육비_국어, 영어, 수학 등 주요교과",Q3_2_1,PRQ2_2,① 연계가능,continuous,연속형,,,,,,N,조건부,,,"1주기는 미지출을 0으로 기입, 2주기는 공란 처리 — 전체 평균은 응답 기저가 다르다. 시계열 비교에는 가정이 필요 없는 '지출자평균/지출자중앙값'을 사용할 것. '평균'·'지출참여율'은 2주기 결측=미지출 가정을 전제한다.",,사교육비(주요교과)·연속형 동일,변수매칭_6_최종연계목록
PR_EDU_COST_03,C07,교육격차·가정배경,S0701,교육비·사교육비,학부모,여건>가정배경,교육비 및 사교육,3)사교육비_영어를 제외한 외국어,교육비 및 사교육 - 3)사교육비_영어를 제외한 외국어,Q3_2_2,PRQ2_3,① 연계가능,continuous,연속형,,,,,,N,조건부,,,"1주기는 미지출을 0으로 기입, 2주기는 공란 처리 — 전체 평균은 응답 기저가 다르다. 시계열 비교에는 가정이 필요 없는 '지출자평균/지출자중앙값'을 사용할 것. '평균'·'지출참여율'은 2주기 결측=미지출 가정을 전제한다.",,사교육비(영어 제외 외국어)·연속형 동일,변수매칭_6_최종연계목록
PR_EDU_COST_04,C07,교육격차·가정배경,S0701,교육비·사교육비,학부모,여건>가정배경,교육비 및 사교육,4)사교육비_예체능,교육비 및 사교육 - 4)사교육비_예체능,Q3_2_3,PRQ2_4,① 연계가능,continuous,연속형,,,,,,N,조건부,,,"1주기는 미지출을 0으로 기입, 2주기는 공란 처리 — 전체 평균은 응답 기저가 다르다. 시계열 비교에는 가정이 필요 없는 '지출자평균/지출자중앙값'을 사용할 것. '평균'·'지출참여율'은 2주기 결측=미지출 가정을 전제한다.",,사교육비(예체능)·연속형 동일,변수매칭_6_최종연계목록
PR_EDU_COST_05,C07,교육격차·가정배경,S0701,교육비·사교육비,학부모,여건>가정배경,교육비 및 사교육,5)사교육비_기타,교육비 및 사교육 - 5)사교육비_기타,Q3_2_4,PRQ2_5,① 연계가능,continuous,연속형,,,,,,N,조건부,,,"1주기는 미지출을 0으로 기입, 2주기는 공란 처리 — 전체 평균은 응답 기저가 다르다. 시계열 비교에는 가정이 필요 없는 '지출자평균/지출자중앙값'을 사용할 것. '평균'·'지출참여율'은 2주기 결측=미지출 가정을 전제한다.",,사교육비(기타)·연속형 동일,변수매칭_6_최종연계목록
PR_TALK_01,C07,교육격차·가정배경,S0703,가정 내 대화,학부모,여건>가정배경,자녀와 대화 시간 및 주제,자녀와 대화 시간,자녀와 대화 시간 및 주제 - 자녀와 대화 시간,Q8_1,PRQ3_1,① 연계가능,likert,6→6,1.0,6.0,없음,3시간 이상,,N,Y,,,,,대화 시간·6점 구간 척도 동일(일주일 평균),변수매칭_6_최종연계목록
PR_TALK_02,C07,교육격차·가정배경,S0703,가정 내 대화,학부모,여건>가정배경,자녀와 대화 시간 및 주제,1)공부,자녀와 대화 시간 및 주제 - 1)공부,Q8_2_1,PRQ3_2_1,① 연계가능,binary,2→2,0.0,1.0,해당없음,해당,1.0,N,Y,,,,,대화 주제(공부)·복수응답 동일,변수매칭_6_최종연계목록
PR_TALK_03,C07,교육격차·가정배경,S0703,가정 내 대화,학부모,여건>가정배경,자녀와 대화 시간 및 주제,2)용돈,자녀와 대화 시간 및 주제 - 2)용돈,Q8_2_2,PRQ3_2_2,① 연계가능,binary,2→2,0.0,1.0,해당없음,해당,1.0,N,Y,,,,,대화 주제(용돈)·복수응답 동일,변수매칭_6_최종연계목록
PR_TALK_04,C07,교육격차·가정배경,S0703,가정 내 대화,학부모,여건>가정배경,자녀와 대화 시간 및 주제,3)건강,자녀와 대화 시간 및 주제 - 3)건강,Q8_2_3,PRQ3_2_3,① 연계가능,binary,2→2,0.0,1.0,해당없음,해당,1.0,N,Y,,,,,대화 주제(건강)·복수응답 동일,변수매칭_6_최종연계목록
PR_TALK_05,C07,교육격차·가정배경,S0703,가정 내 대화,학부모,여건>가정배경,자녀와 대화 시간 및 주제,4)진로,자녀와 대화 시간 및 주제 - 4)진로,Q8_2_4,PRQ3_2_4,① 연계가능,binary,2→2,0.0,1.0,해당없음,해당,1.0,N,Y,,,,,대화 주제(진로)·복수응답 동일,변수매칭_6_최종연계목록
PR_TALK_06,C07,교육격차·가정배경,S0703,가정 내 대화,학부모,여건>가정배경,자녀와 대화 시간 및 주제,5)학교생활,자녀와 대화 시간 및 주제 - 5)학교생활,Q8_2_5,PRQ3_2_5,① 연계가능,binary,2→2,0.0,1.0,해당없음,해당,1.0,N,N,,,2주기 PRQ3_2_5에 1(해당) 코드가 없고 0/결측만 존재 — 결측이 '해당'일 가능성. 연구원 확인 필요,,대화 주제(학교생활)·복수응답 동일,변수매칭_6_최종연계목록
PR_TALK_07,C07,교육격차·가정배경,S0703,가정 내 대화,학부모,여건>가정배경,자녀와 대화 시간 및 주제,6)친구관계,자녀와 대화 시간 및 주제 - 6)친구관계,Q8_2_6,PRQ3_2_6,① 연계가능,binary,2→2,0.0,1.0,해당없음,해당,1.0,N,N,,,2주기 PRQ3_2_6에 1(해당) 코드가 없고 0/결측만 존재 — 결측이 '해당'일 가능성. 연구원 확인 필요,,대화 주제(친구관계)·복수응답 동일,변수매칭_6_최종연계목록
PR_CAREER_01,C10,진로·진학,S1002,진로·진학 준비,학부모,여건>가정배경,진로·진학 준비 경험 및 인식,1)학교 담임교사와 상담(전화 상담 및 비대면 상담 포함),진로·진학 준비 경험 및 인식 - 1)학교 담임교사와 상담(전화 상담 및 비대면 상담 포함),Q4_1_1,PRQ7_1_1,① 연계가능,binary,2→2,1.0,2.0,경험여부 있다,경험여부 없다,,N,Y,,,,,항목·경험여부 이분응답 동일,변수매칭_6_최종연계목록
PR_CAREER_02,C10,진로·진학,S1002,진로·진학 준비,학부모,여건>가정배경,진로·진학 준비 경험 및 인식,2)학교 진로담당교사와 상담(전화 상담 및 비대면 상담 포함),진로·진학 준비 경험 및 인식 - 2)학교 진로담당교사와 상담(전화 상담 및 비대면 상담 포함),Q4_1_2,PRQ7_1_2,① 연계가능,binary,2→2,1.0,2.0,경험여부 있다,경험여부 없다,,N,Y,,,,,항목·경험여부 이분응답 동일,변수매칭_6_최종연계목록
PR_CAREER_03,C10,진로·진학,S1002,진로·진학 준비,학부모,여건>가정배경,진로·진학 준비 경험 및 인식,3)학교 교과담당교사와 상담(전화 상담 및 비대면 상담 포함),진로·진학 준비 경험 및 인식 - 3)학교 교과담당교사와 상담(전화 상담 및 비대면 상담 포함),Q4_1_3,PRQ7_1_3,① 연계가능,binary,2→2,1.0,2.0,경험여부 있다,경험여부 없다,,N,Y,,,,,항목·경험여부 이분응답 동일,변수매칭_6_최종연계목록
PR_CAREER_04,C10,진로·진학,S1002,진로·진학 준비,학부모,여건>가정배경,진로·진학 준비 경험 및 인식,"4)사교육종사자(학원강사, 과외교사, 입시진로 컨설팅 회사 등)와 상담","진로·진학 준비 경험 및 인식 - 4)사교육종사자(학원강사, 과외교사, 입시진로 컨설팅 회사 등)와 상담",Q4_1_4,PRQ7_1_4,① 연계가능,binary,2→2,1.0,2.0,경험여부 있다,경험여부 없다,,N,Y,,,,,항목·경험여부 이분응답 동일,변수매칭_6_최종연계목록
PR_CAREER_05,C10,진로·진학,S1002,진로·진학 준비,학부모,여건>가정배경,진로·진학 준비 경험 및 인식,"5)진로 관련 검사(적성, 흥미검사 등) 실시","진로·진학 준비 경험 및 인식 - 5)진로 관련 검사(적성, 흥미검사 등) 실시",Q4_1_5,PRQ7_1_5,① 연계가능,binary,2→2,1.0,2.0,경험여부 있다,경험여부 없다,,N,Y,,,,,항목·경험여부 이분응답 동일,변수매칭_6_최종연계목록
PR_CAREER_06,C10,진로·진학,S1002,진로·진학 준비,학부모,여건>가정배경,진로·진학 준비 경험 및 인식,6)상급학교(고등학교·대학교) 직접 방문(입시설명회 포함) 및 전화 상담,진로·진학 준비 경험 및 인식 - 6)상급학교(고등학교·대학교) 직접 방문(입시설명회 포함) 및 전화 상담,Q4_1_6,PRQ7_1_6,② 조건부 가능,binary,2→2,1.0,2.0,경험여부 있다,경험여부 없다,,N,조건부,,,,,2주기 값이 높게 나올 수 있음,변수매칭_6_최종연계목록
PR_CAREER_07,C10,진로·진학,S1002,진로·진학 준비,학부모,여건>가정배경,진로·진학 준비 경험 및 인식,7)상급학교 안내책자(홍보자료)를 통한 정보 수집,진로·진학 준비 경험 및 인식 - 7)상급학교 안내책자(홍보자료)를 통한 정보 수집,Q4_1_7,PRQ7_1_7,① 연계가능,binary,2→2,1.0,2.0,경험여부 있다,경험여부 없다,,N,Y,,,,,항목·경험여부 이분응답 동일,변수매칭_6_최종연계목록
PR_CAREER_08,C10,진로·진학,S1002,진로·진학 준비,학부모,여건>가정배경,진로·진학 준비 경험 및 인식,"8)대중매체(TV, 신문 등)를 통한 정보 수집","진로·진학 준비 경험 및 인식 - 8)대중매체(TV, 신문 등)를 통한 정보 수집",Q4_1_8,PRQ7_1_8,① 연계가능,binary,2→2,1.0,2.0,경험여부 있다,경험여부 없다,,N,Y,,,,,항목·경험여부 이분응답 동일,변수매칭_6_최종연계목록
PR_CAREER_09,C10,진로·진학,S1002,진로·진학 준비,학부모,여건>가정배경,진로·진학 준비 경험 및 인식,9)온라인 커뮤니티를 통한 정보 수집,진로·진학 준비 경험 및 인식 - 9)온라인 커뮤니티를 통한 정보 수집,Q4_1_9,PRQ7_1_9,① 연계가능,binary,2→2,1.0,2.0,경험여부 있다,경험여부 없다,,N,Y,,,,,항목·경험여부 이분응답 동일,변수매칭_6_최종연계목록
PR_CAREER_10,C10,진로·진학,S1002,진로·진학 준비,학부모,여건>가정배경,진로·진학 준비 경험 및 인식,1)학교 담임교사와 상담(전화 상담 및 비대면 상담 포함),진로·진학 준비 경험 및 인식 - 1)학교 담임교사와 상담(전화 상담 및 비대면 상담 포함),Q4_2_1,PRQ7_2_1,① 연계가능,likert,5→5,1.0,5.0,전혀도움 되지않는다,매우도움된다,,N,Y,,,,선행 경험 문항(PR_CAREER_01~09)에서 '예'로 응답한 학부모만 응답 — 표본 기저가 주기별로 다름,"★비교표에는 ""도움정도 문항 추가""로 적혀 있으나 1주기 코드북에 Q4_2_1~9(진학·진로 만족도)가 이미 존재함(비교표 수정 필요). 5점 척도 동일",변수매칭_6_최종연계목록
PR_CAREER_11,C10,진로·진학,S1002,진로·진학 준비,학부모,여건>가정배경,진로·진학 준비 경험 및 인식,2)학교 진로담당교사와 상담(전화 상담 및 비대면 상담 포함),진로·진학 준비 경험 및 인식 - 2)학교 진로담당교사와 상담(전화 상담 및 비대면 상담 포함),Q4_2_2,PRQ7_2_2,① 연계가능,likert,5→5,1.0,5.0,전혀도움 되지않는다,매우도움된다,,N,Y,,,,선행 경험 문항(PR_CAREER_01~09)에서 '예'로 응답한 학부모만 응답 — 표본 기저가 주기별로 다름,도움정도 항목·5점 척도 동일,변수매칭_6_최종연계목록
PR_CAREER_12,C10,진로·진학,S1002,진로·진학 준비,학부모,여건>가정배경,진로·진학 준비 경험 및 인식,3)학교 교과담당교사와 상담(전화 상담 및 비대면 상담 포함),진로·진학 준비 경험 및 인식 - 3)학교 교과담당교사와 상담(전화 상담 및 비대면 상담 포함),Q4_2_3,PRQ7_2_3,① 연계가능,likert,5→5,1.0,5.0,전혀도움 되지않는다,매우도움된다,,N,Y,,,,선행 경험 문항(PR_CAREER_01~09)에서 '예'로 응답한 학부모만 응답 — 표본 기저가 주기별로 다름,도움정도 항목·5점 척도 동일,변수매칭_6_최종연계목록
PR_CAREER_13,C10,진로·진학,S1002,진로·진학 준비,학부모,여건>가정배경,진로·진학 준비 경험 및 인식,"4)사교육종사자(학원강사, 과외교사, 입시진로 컨설팅 회사 등)와 상담","진로·진학 준비 경험 및 인식 - 4)사교육종사자(학원강사, 과외교사, 입시진로 컨설팅 회사 등)와 상담",Q4_2_4,PRQ7_2_4,① 연계가능,likert,5→5,1.0,5.0,전혀도움 되지않는다,매우도움된다,,N,Y,,,,선행 경험 문항(PR_CAREER_01~09)에서 '예'로 응답한 학부모만 응답 — 표본 기저가 주기별로 다름,도움정도 항목·5점 척도 동일,변수매칭_6_최종연계목록
PR_CAREER_14,C10,진로·진학,S1002,진로·진학 준비,학부모,여건>가정배경,진로·진학 준비 경험 및 인식,"5)진로 관련 검사(적성, 흥미검사 등) 실시","진로·진학 준비 경험 및 인식 - 5)진로 관련 검사(적성, 흥미검사 등) 실시",Q4_2_5,PRQ7_2_5,① 연계가능,likert,5→5,1.0,5.0,전혀도움 되지않는다,매우도움된다,,N,Y,,,,선행 경험 문항(PR_CAREER_01~09)에서 '예'로 응답한 학부모만 응답 — 표본 기저가 주기별로 다름,도움정도 항목·5점 척도 동일,변수매칭_6_최종연계목록
PR_CAREER_15,C10,진로·진학,S1002,진로·진학 준비,학부모,여건>가정배경,진로·진학 준비 경험 및 인식,6)상급학교(고등학교·대학교) 직접 방문(입시설명회 포함) 및 전화 상담,진로·진학 준비 경험 및 인식 - 6)상급학교(고등학교·대학교) 직접 방문(입시설명회 포함) 및 전화 상담,Q4_2_6,PRQ7_2_6,② 조건부 가능,likert,5→5,1.0,5.0,전혀도움 되지않는다,매우도움된다,,N,조건부,,,,선행 경험 문항(PR_CAREER_01~09)에서 '예'로 응답한 학부모만 응답 — 표본 기저가 주기별로 다름,항목 범위 확장(입시설명회·전화상담 포함),변수매칭_6_최종연계목록
PR_CAREER_16,C10,진로·진학,S1002,진로·진학 준비,학부모,여건>가정배경,진로·진학 준비 경험 및 인식,7)상급학교 안내책자(홍보자료)를 통한 정보 수집,진로·진학 준비 경험 및 인식 - 7)상급학교 안내책자(홍보자료)를 통한 정보 수집,Q4_2_7,PRQ7_2_7,① 연계가능,likert,5→5,1.0,5.0,전혀도움 되지않는다,매우도움된다,,N,Y,,,,선행 경험 문항(PR_CAREER_01~09)에서 '예'로 응답한 학부모만 응답 — 표본 기저가 주기별로 다름,도움정도 항목·5점 척도 동일,변수매칭_6_최종연계목록
PR_CAREER_17,C10,진로·진학,S1002,진로·진학 준비,학부모,여건>가정배경,진로·진학 준비 경험 및 인식,"8)대중매체(TV, 신문 등)를 통한 정보 수집","진로·진학 준비 경험 및 인식 - 8)대중매체(TV, 신문 등)를 통한 정보 수집",Q4_2_8,PRQ7_2_8,① 연계가능,likert,5→5,1.0,5.0,전혀도움 되지않는다,매우도움된다,,N,Y,,,,선행 경험 문항(PR_CAREER_01~09)에서 '예'로 응답한 학부모만 응답 — 표본 기저가 주기별로 다름,도움정도 항목·5점 척도 동일,변수매칭_6_최종연계목록
PR_CAREER_18,C10,진로·진학,S1002,진로·진학 준비,학부모,여건>가정배경,진로·진학 준비 경험 및 인식,9)온라인 커뮤니티를 통한 정보 수집,진로·진학 준비 경험 및 인식 - 9)온라인 커뮤니티를 통한 정보 수집,Q4_2_9,PRQ7_2_9,① 연계가능,likert,5→5,1.0,5.0,전혀도움 되지않는다,매우도움된다,,N,Y,,,,선행 경험 문항(PR_CAREER_01~09)에서 '예'로 응답한 학부모만 응답 — 표본 기저가 주기별로 다름,도움정도 항목·5점 척도 동일,변수매칭_6_최종연계목록
PR_ASPIRE_01,C10,진로·진학,S1001,교육포부,학부모,여건>가정배경,교육포부,교육포부,교육포부 - 교육포부,Q5,PRQ8,① 연계가능,likert,5→5,1.0,5.0,고등학교 졸업,대학원 박사 졸업,,N,Y,학생–학부모 [B],,,,"학생-학부모 비교 시 학생의 ""6)잘 모르겠다""를 결측 처리한 뒤 5점으로 맞출 것",변수매칭_6_최종연계목록
PR_PARTICIP_08,C08,참여·자치,S0802,학부모 참여,학부모,과정>학교 참여,학교활동 참여,7)공개수업 참석,학교활동 참여 - 7)공개수업 참석,Q9_8,PRQ9_7,① 연계가능,likert,4→4,1.0,4.0,전혀 없음,5회 이상,,N,Y,,,,,항목(공개수업 참석)·척도 동일,변수매칭_6_최종연계목록
PR_OPEN_SAT_01,C08,참여·자치,S0802,학부모 참여,학부모,과정>학교 참여,공개수업 만족도,1)학교 수업에 대하여 학부모의 의견 수렴,공개수업 만족도 - 1)학교 수업에 대하여 학부모의 의견 수렴,Q12_1,PRQ12_1,① 연계가능,likert,4→4,1.0,4.0,전혀 도움이 되지 않는다,매우 도움이 된다,,N,Y,,,,,항목·4점 척도 완전 동일,변수매칭_6_최종연계목록
PR_OPEN_SAT_02,C08,참여·자치,S0802,학부모 참여,학부모,과정>학교 참여,공개수업 만족도,2)교사의 수업과 자녀의 수업태도에 대한 학부모의 이해 증진,공개수업 만족도 - 2)교사의 수업과 자녀의 수업태도에 대한 학부모의 이해 증진,Q12_2,PRQ12_2,① 연계가능,likert,4→4,1.0,4.0,전혀 도움이 되지 않는다,매우 도움이 된다,,N,Y,,,,,항목·4점 척도 완전 동일,변수매칭_6_최종연계목록
PR_OPEN_SAT_03,C08,참여·자치,S0802,학부모 참여,학부모,과정>학교 참여,공개수업 만족도,3)학교교육에 대한 학부모의 참여와 관심증가,공개수업 만족도 - 3)학교교육에 대한 학부모의 참여와 관심증가,Q12_3,PRQ12_3,① 연계가능,likert,4→4,1.0,4.0,전혀 도움이 되지 않는다,매우 도움이 된다,,N,Y,,,,,항목·4점 척도 완전 동일,변수매칭_6_최종연계목록
PR_RELATION_01,C04,학교생활·관계,S0401,또래·교사 관계,학부모,과정>학교 참여,학교생활(친구·선생님과의 관계),1)내 아이는 학교 친구들과 있는 것을 좋아한다,학교생활(친구·선생님과의 관계) - 1)내 아이는 학교 친구들과 있는 것을 좋아한다,Q13_1,PRQ13_1,① 연계가능,likert,5→5,1.0,5.0,전혀그렇지않다,매우그렇다,,N,Y,학생–학부모 [B],,,,문항 내용·5점 척도 동일. 학생용 대응 문항 존재(대리보고 vs 자기보고),변수매칭_6_최종연계목록
PR_RELATION_02,C04,학교생활·관계,S0401,또래·교사 관계,학부모,과정>학교 참여,학교생활(친구·선생님과의 관계),2)학교 친구들이 내 아이에게 상처를 준 적이 있다,학교생활(친구·선생님과의 관계) - 2)학교 친구들이 내 아이에게 상처를 준 적이 있다,Q13_2,PRQ13_2,① 연계가능,likert,5→5,1.0,5.0,전혀그렇지않다,매우그렇다,,Y,Y,학생–학부모 [A],,,,문항 내용·척도 동일,변수매칭_6_최종연계목록
PR_RELATION_03,C04,학교생활·관계,S0401,또래·교사 관계,학부모,과정>학교 참여,학교생활(친구·선생님과의 관계),3)학교 친구들은 내 아이가 어려움에 처해있을 때 도와준다,학교생활(친구·선생님과의 관계) - 3)학교 친구들은 내 아이가 어려움에 처해있을 때 도와준다,Q13_3,PRQ13_3,① 연계가능,likert,5→5,1.0,5.0,전혀그렇지않다,매우그렇다,,N,Y,학생–학부모 [A],,,,문항 내용·척도 동일,변수매칭_6_최종연계목록
PR_RELATION_04,C04,학교생활·관계,S0401,또래·교사 관계,학부모,과정>학교 참여,학교생활(친구·선생님과의 관계),4)학교 선생님들은 내 아이를 이해하려고 노력하신다,학교생활(친구·선생님과의 관계) - 4)학교 선생님들은 내 아이를 이해하려고 노력하신다,Q13_4,PRQ13_4,① 연계가능,likert,5→5,1.0,5.0,전혀그렇지않다,매우그렇다,,N,Y,학생–학부모 [A],,,,문항 내용·척도 동일,변수매칭_6_최종연계목록
PR_RELATION_05,C04,학교생활·관계,S0401,또래·교사 관계,학부모,과정>학교 참여,학교생활(친구·선생님과의 관계),5)학교 선생님들은 내 아이에게 관심이 부족하다,학교생활(친구·선생님과의 관계) - 5)학교 선생님들은 내 아이에게 관심이 부족하다,Q13_5,PRQ13_5,② 조건부 가능,likert,5→5,1.0,5.0,전혀그렇지않다,매우그렇다,,Y,조건부,학생–학부모 [B],,,,역문항 역채점 필요. 표현 완화로 응답 분포 이동 가능,변수매칭_6_최종연계목록
PR_RELATION_06,C04,학교생활·관계,S0401,또래·교사 관계,학부모,과정>학교 참여,학교생활(친구·선생님과의 관계),6)내 아이는 학교 선생님들에게 고민을 잘 털어놓는다,학교생활(친구·선생님과의 관계) - 6)내 아이는 학교 선생님들에게 고민을 잘 털어놓는다,Q13_6,PRQ13_6,① 연계가능,likert,5→5,1.0,5.0,전혀그렇지않다,매우그렇다,,N,Y,학생–학부모 [A],,,,문항 내용·척도 동일,변수매칭_6_최종연계목록
PR_SAT_TOTAL_01,C09,만족도,S0901,전반적 만족도,학부모,성과>학교 만족도,학교에 대한 전반적인 만족도,현재 자녀가 다니는 학교에 어느 정도 만족하는지,학교에 대한 전반적인 만족도 - 현재 자녀가 다니는 학교에 어느 정도 만족하는지,Q15,PRQ14,① 연계가능,likert,5→5,1.0,5.0,전혀 만족하지 않는다,매우 만족한다,,N,Y,학생–학부모 [A] / 학생–학부모–교사 [B],,,,단일 문항·5점 척도 동일. 학생용 STQ32와 대응되어 학생-학부모 비교의 대표 지표,변수매칭_6_최종연계목록
PR_SAT_DETAIL_01,C09,만족도,S0902,세부 만족도,학부모,성과>학교 만족도,학교에 대한 세부적인 만족도,1)자녀의 학습능력을 잘 길러주고 있다,학교에 대한 세부적인 만족도 - 1)자녀의 학습능력을 잘 길러주고 있다,Q16_1,PRQ15_1,① 연계가능,likert,5→5,1.0,5.0,전혀그렇지않다,매우그렇다,,N,Y,학생–학부모 [A],,,,항목·5점 척도 동일,변수매칭_6_최종연계목록
PR_SAT_DETAIL_02,C09,만족도,S0902,세부 만족도,학부모,성과>학교 만족도,학교에 대한 세부적인 만족도,2)자녀의 특기와 적성을 잘 계발해주고 있다,학교에 대한 세부적인 만족도 - 2)자녀의 특기와 적성을 잘 계발해주고 있다,Q16_2,PRQ15_2,① 연계가능,likert,5→5,1.0,5.0,전혀그렇지않다,매우그렇다,,N,Y,학생–학부모 [A],,,,항목·5점 척도 동일,변수매칭_6_최종연계목록
PR_SAT_DETAIL_03,C09,만족도,S0902,세부 만족도,학부모,성과>학교 만족도,학교에 대한 세부적인 만족도,3)자녀의 수준에 맞게 잘 가르치고 있다,학교에 대한 세부적인 만족도 - 3)자녀의 수준에 맞게 잘 가르치고 있다,Q16_3,PRQ15_3,① 연계가능,likert,5→5,1.0,5.0,전혀그렇지않다,매우그렇다,,N,Y,,,,,항목·5점 척도 동일,변수매칭_6_최종연계목록
PR_SAT_DETAIL_04,C09,만족도,S0902,세부 만족도,학부모,성과>학교 만족도,학교에 대한 세부적인 만족도,4)자녀의 학교생활에 대하여 잘 알려준다,학교에 대한 세부적인 만족도 - 4)자녀의 학교생활에 대하여 잘 알려준다,Q16_4,PRQ15_4,① 연계가능,likert,5→5,1.0,5.0,전혀그렇지않다,매우그렇다,,N,Y,,,,,항목·5점 척도 동일,변수매칭_6_최종연계목록
PR_SAT_DETAIL_05,C09,만족도,S0902,세부 만족도,학부모,성과>학교 만족도,학교에 대한 세부적인 만족도,5)자녀의 평가결과를 학부모에게 잘 전달한다,학교에 대한 세부적인 만족도 - 5)자녀의 평가결과를 학부모에게 잘 전달한다,Q16_5,PRQ15_5,① 연계가능,likert,5→5,1.0,5.0,전혀그렇지않다,매우그렇다,,N,Y,,,,,항목·5점 척도 동일,변수매칭_6_최종연계목록
PR_SAT_DETAIL_06,C09,만족도,S0902,세부 만족도,학부모,성과>학교 만족도,학교에 대한 세부적인 만족도,6)자녀의 흥미와 적성에 맞는 교육을 하고 있다,학교에 대한 세부적인 만족도 - 6)자녀의 흥미와 적성에 맞는 교육을 하고 있다,Q16_6,PRQ15_6,① 연계가능,likert,5→5,1.0,5.0,전혀그렇지않다,매우그렇다,,N,Y,,,,,항목·5점 척도 동일,변수매칭_6_최종연계목록
PR_SAT_DETAIL_07,C09,만족도,S0902,세부 만족도,학부모,성과>학교 만족도,학교에 대한 세부적인 만족도,7)학교운영위원회는 학부모들의 의견을 잘 수렴한다,학교에 대한 세부적인 만족도 - 7)학교운영위원회는 학부모들의 의견을 잘 수렴한다,Q16_7,PRQ15_7,① 연계가능,likert,5→5,1.0,5.0,전혀그렇지않다,매우그렇다,,N,Y,,,,,항목·5점 척도 동일,변수매칭_6_최종연계목록
PR_SAT_DETAIL_08,C09,만족도,S0902,세부 만족도,학부모,성과>학교 만족도,학교에 대한 세부적인 만족도,"8)교사, 학부모, 학생들이 협의하여 학교운영을 자율적으로 하고 있다","학교에 대한 세부적인 만족도 - 8)교사, 학부모, 학생들이 협의하여 학교운영을 자율적으로 하고 있다",Q16_8,PRQ15_8,① 연계가능,likert,5→5,1.0,5.0,전혀그렇지않다,매우그렇다,,N,Y,,,,,항목·5점 척도 동일,변수매칭_6_최종연계목록
PR_SAT_DETAIL_09,C09,만족도,S0902,세부 만족도,학부모,성과>학교 만족도,학교에 대한 세부적인 만족도,9)학습에 불편하지 않게 교육시설과 환경을 잘 갖추고 있다,학교에 대한 세부적인 만족도 - 9)학습에 불편하지 않게 교육시설과 환경을 잘 갖추고 있다,Q16_9,PRQ15_9,① 연계가능,likert,5→5,1.0,5.0,전혀그렇지않다,매우그렇다,,N,Y,,,,,항목·5점 척도 동일,변수매칭_6_최종연계목록
PR_SAT_DETAIL_10,C09,만족도,S0902,세부 만족도,학부모,성과>학교 만족도,학교에 대한 세부적인 만족도,10)학생의 안전을 위해 노력하고 있다,학교에 대한 세부적인 만족도 - 10)학생의 안전을 위해 노력하고 있다,Q16_10,PRQ15_10,① 연계가능,likert,5→5,1.0,5.0,전혀그렇지않다,매우그렇다,,N,Y,,,,,항목·5점 척도 동일,변수매칭_6_최종연계목록
TR_EFFICACY_01,C11,교사 전문성,S1101A,교사효능감,교사,과정>심리적 특성,교사효능감·교사의 사기,1)학생들이 수업에 집중하지 않을 때 왜 그런지 이유를 파악할 수 있다,교사효능감·교사의 사기 - 1)학생들이 수업에 집중하지 않을 때 왜 그런지 이유를 파악할 수 있다,Q9_1,TRQ11_1,① 연계가능,likert,5→5,1.0,5.0,전혀그렇지않다,매우그렇다,,N,Y,,,,,문항 내용·5점 척도 동일(어미 미세 변경),변수매칭_6_최종연계목록
TR_EFFICACY_02,C11,교사 전문성,S1101A,교사효능감,교사,과정>심리적 특성,교사효능감·교사의 사기,2)학생들의 학업 능력에 대해 판단할 수 있다,교사효능감·교사의 사기 - 2)학생들의 학업 능력에 대해 판단할 수 있다,Q9_2,TRQ11_2,① 연계가능,likert,5→5,1.0,5.0,전혀그렇지않다,매우그렇다,,N,Y,,,,,문항 내용·척도 동일,변수매칭_6_최종연계목록
TR_EFFICACY_03,C11,교사 전문성,S1101A,교사효능감,교사,과정>심리적 특성,교사효능감·교사의 사기,3)수업에 대한 학생들의 관심 정도를 파악할 수 있다,교사효능감·교사의 사기 - 3)수업에 대한 학생들의 관심 정도를 파악할 수 있다,Q9_3,TRQ11_3,① 연계가능,likert,5→5,1.0,5.0,전혀그렇지않다,매우그렇다,,N,Y,,,,,문항 내용·척도 동일,변수매칭_6_최종연계목록
TR_EFFICACY_04,C11,교사 전문성,S1101A,교사효능감,교사,과정>심리적 특성,교사효능감·교사의 사기,4)학생들이 학업에 흥미를 가지지 못하는 이유를 분석할 수 있다,교사효능감·교사의 사기 - 4)학생들이 학업에 흥미를 가지지 못하는 이유를 분석할 수 있다,Q9_4,TRQ11_4,① 연계가능,likert,5→5,1.0,5.0,전혀그렇지않다,매우그렇다,,N,Y,,,,,"""분석해낼 수 있다""→""분석할 수 있다"" 표현만 변경",변수매칭_6_최종연계목록
TR_EFFICACY_05,C11,교사 전문성,S1101A,교사효능감,교사,과정>심리적 특성,교사효능감·교사의 사기,5)문제행동을 하는 학생들이 왜 그렇게 행동하는지 이유를 분석할 수 있다,교사효능감·교사의 사기 - 5)문제행동을 하는 학생들이 왜 그렇게 행동하는지 이유를 분석할 수 있다,Q9_5,TRQ11_5,① 연계가능,likert,5→5,1.0,5.0,전혀그렇지않다,매우그렇다,,N,Y,,,,,"""분석해낼 수 있다""→""분석할 수 있다"" 표현만 변경",변수매칭_6_최종연계목록
TR_EFFICACY_06,C11,교사 전문성,S1101A,교사효능감,교사,과정>심리적 특성,교사효능감·교사의 사기,6)생활지도를 할 때 학생 개인의 특성을 충분히  고려할 수 있다,교사효능감·교사의 사기 - 6)생활지도를 할 때 학생 개인의 특성을 충분히  고려할 수 있다,Q9_6,TRQ11_6,② 조건부 가능,likert,5→5,1.0,5.0,전혀그렇지않다,매우그렇다,,N,조건부,,,,,"""개인 특성을 충분히 활용할 수 있다"" → ""충분히 고려할 수 있다"". 활용(행위)에서 고려(인식)로 의미가 약화됨",변수매칭_6_최종연계목록
TR_EFFICACY_07,C11,교사 전문성,S1101A,교사효능감,교사,과정>심리적 특성,교사효능감·교사의 사기,7)문제행동을 하는 학생을 보면 나의 지도에 따른 변화가능성을 예상할 수 있다,교사효능감·교사의 사기 - 7)문제행동을 하는 학생을 보면 나의 지도에 따른 변화가능성을 예상할 수 있다,Q9_7,TRQ11_7,② 조건부 가능,likert,5→5,1.0,5.0,전혀그렇지않다,매우그렇다,,N,조건부,,,,,"""내가 지도할 수 있는지를 판단할 수 있다"" → ""나의 지도에 따른 변화가능성을 예상할 수 있다"". 판단 대상이 자기효능에서 학생 변화로 이동",변수매칭_6_최종연계목록
TR_EFFICACY_08,C11,교사 전문성,S1101B,교사 사기,교사,과정>심리적 특성,교사효능감·교사의 사기,8)나는 책임감이 높다,교사효능감·교사의 사기 - 8)나는 책임감이 높다,Q9_8,TRQ11_8,③ 비교 불가,likert,5→5,1.0,5.0,전혀그렇지않다,매우그렇다,,N,N,,★연계 불가 — 제외 권장,,,사기 하위척도(8~10번) 평균을 시계열로 쓸 경우 8번 제외 후 2문항 평균으로 재구성 검토,변수매칭_6_최종연계목록
TR_EFFICACY_09,C11,교사 전문성,S1101B,교사 사기,교사,과정>심리적 특성,교사효능감·교사의 사기,9)나는 열의를 갖고 근무한다,교사효능감·교사의 사기 - 9)나는 열의를 갖고 근무한다,Q9_9,TRQ11_9,① 연계가능,likert,5→5,1.0,5.0,전혀그렇지않다,매우그렇다,,N,Y,,,,,문항 내용·척도 동일,변수매칭_6_최종연계목록
TR_EFFICACY_10,C11,교사 전문성,S1101B,교사 사기,교사,과정>심리적 특성,교사효능감·교사의 사기,10)나는 교사로서 자부심을 갖고 있다,교사효능감·교사의 사기 - 10)나는 교사로서 자부심을 갖고 있다,Q9_10,TRQ11_10,① 연계가능,likert,5→5,1.0,5.0,전혀그렇지않다,매우그렇다,,N,Y,,,,,문항 내용·척도 동일,변수매칭_6_최종연계목록
TR_TALK_01,C11,교사 전문성,S1102,동료 협력,교사,과정>전문적 학습활동,동료교사와의 대화(주제와 시간),1)수업 및 평가,동료교사와의 대화(주제와 시간) - 1)수업 및 평가,Q14_1,TRQ12_1,① 연계가능,likert,6→6,1.0,6.0,1시간 미만,5시간 이상,,N,Y,,,,,항목(수업 및 평가)·6점 시간구간 동일,변수매칭_6_최종연계목록
TR_TALK_02,C11,교사 전문성,S1102,동료 협력,교사,과정>전문적 학습활동,동료교사와의 대화(주제와 시간),2)진학·진로 지도,동료교사와의 대화(주제와 시간) - 2)진학·진로 지도,Q14_3,TRQ12_2,① 연계가능,likert,6→6,1.0,6.0,1시간 미만,5시간 이상,,N,Y,,변수 번호 이동 — 매핑 주의,,,변수 인덱스가 아니라 항목 내용으로 매칭할 것,변수매칭_6_최종연계목록
TR_TALK_03,C11,교사 전문성,S1102,동료 협력,교사,과정>전문적 학습활동,동료교사와의 대화(주제와 시간),3)학교 행정업무,동료교사와의 대화(주제와 시간) - 3)학교 행정업무,Q14_4,TRQ12_3,① 연계가능,likert,6→6,1.0,6.0,1시간 미만,5시간 이상,,N,Y,,변수 번호 이동 — 매핑 주의,,,변수 인덱스가 아니라 항목 내용으로 매칭할 것,변수매칭_6_최종연계목록
TR_TALK_04,C11,교사 전문성,S1102,동료 협력,교사,과정>전문적 학습활동,동료교사와의 대화(주제와 시간),4)학생 생활지도 및 상담,동료교사와의 대화(주제와 시간) - 4)학생 생활지도 및 상담,Q14_2,TRQ12_4,② 조건부 가능,likert,6→6,1.0,6.0,1시간 미만,5시간 이상,,N,조건부,,,,,대응은 가능하나 항목 내용 차이 명시,변수매칭_6_최종연계목록
TR_COLLAB_01,C11,교사 전문성,S1102,동료 협력,교사,과정>전문적 학습활동,협력을 통한 수업개선활동,1)학부모에게 나의 수업공개,협력을 통한 수업개선활동 - 1)학부모에게 나의 수업공개,Q15_1,TRQ13_1,① 연계가능,likert,6→6,1.0,6.0,참여하지 않음,연5회 이상,,N,Y,,,,,항목·6점 빈도 척도 동일,변수매칭_6_최종연계목록
TR_COLLAB_02,C11,교사 전문성,S1102,동료 협력,교사,과정>전문적 학습활동,협력을 통한 수업개선활동,2)동료교사에게 나의 수업공개,협력을 통한 수업개선활동 - 2)동료교사에게 나의 수업공개,Q15_2,TRQ13_2,① 연계가능,likert,6→6,1.0,6.0,참여하지 않음,연5회 이상,,N,Y,,,,,항목·6점 빈도 척도 동일,변수매칭_6_최종연계목록
TR_COLLAB_03,C11,교사 전문성,S1102,동료 협력,교사,과정>전문적 학습활동,협력을 통한 수업개선활동,3)동료교사의 수업 참관,협력을 통한 수업개선활동 - 3)동료교사의 수업 참관,Q15_3,TRQ13_3,① 연계가능,likert,6→6,1.0,6.0,참여하지 않음,연5회 이상,,N,Y,,,,,항목·6점 빈도 척도 동일,변수매칭_6_최종연계목록
TR_COLLAB_04,C11,교사 전문성,S1102,동료 협력,교사,과정>전문적 학습활동,협력을 통한 수업개선활동,4)교내 교과 협의회 활동,협력을 통한 수업개선활동 - 4)교내 교과 협의회 활동,Q15_4,TRQ13_4,① 연계가능,likert,6→6,1.0,6.0,참여하지 않음,연5회 이상,,N,Y,,,,,항목·6점 빈도 척도 동일,변수매칭_6_최종연계목록
TR_COLLAB_05,C11,교사 전문성,S1102,동료 협력,교사,과정>전문적 학습활동,협력을 통한 수업개선활동,5)교육청 차원의 교과교육연구회 활동,협력을 통한 수업개선활동 - 5)교육청 차원의 교과교육연구회 활동,Q15_5,TRQ13_5,① 연계가능,likert,6→6,1.0,6.0,참여하지 않음,연5회 이상,,N,Y,,,,,항목·6점 빈도 척도 동일,변수매칭_6_최종연계목록
TR_COLLAB_06,C11,교사 전문성,S1102,동료 협력,교사,과정>전문적 학습활동,협력을 통한 수업개선활동,6)교사들의 학교 안 전문적 학습 활동,협력을 통한 수업개선활동 - 6)교사들의 학교 안 전문적 학습 활동,Q15_6,TRQ13_6,① 연계가능,likert,6→6,1.0,6.0,참여하지 않음,연5회 이상,,N,Y,,,,,"★비교표에는 ""선지 2개 추가""로 적혀 있으나 1주기 코드북에 Q15_6, Q15_7이 이미 존재함(비교표 수정 필요). ""학교 안 전문적 학습공동체 활동""→""학교 안 전문적 학습 활동"" 표현만 변경",변수매칭_6_최종연계목록
TR_COLLAB_07,C11,교사 전문성,S1102,동료 협력,교사,과정>전문적 학습활동,협력을 통한 수업개선활동,7)교사들의 학교 밖 전문적 학습 활동,협력을 통한 수업개선활동 - 7)교사들의 학교 밖 전문적 학습 활동,Q15_7,TRQ13_7,① 연계가능,likert,6→6,1.0,6.0,참여하지 않음,연5회 이상,,N,Y,,,,,"""학교 밖 전문적 학습공동체 활동""→""학교 밖 전문적 학습 활동"" 표현만 변경",변수매칭_6_최종연계목록
TR_TRAIN_01,C11,교사 전문성,S1103,교사 연수,교사,과정>전문적 학습활동,교사 연수 항목 및 수강 시간,1)교수학습 및 평가,교사 연수 항목 및 수강 시간 - 1)교수학습 및 평가,Q27_1,TRQ14_1,① 연계가능,likert,6→6,1.0,6.0,없음(0시간),61시간 이상,,N,Y,,,,,항목(교수학습 및 평가)·6점 시간구간 동일,변수매칭_6_최종연계목록
TR_TRAIN_02,C11,교사 전문성,S1103,교사 연수,교사,과정>전문적 학습활동,교사 연수 항목 및 수강 시간,2)교육정보화 및 에듀테크 활용,교사 연수 항목 및 수강 시간 - 2)교육정보화 및 에듀테크 활용,Q27_2,TRQ14_2,② 조건부 가능,likert,6→6,1.0,6.0,없음(0시간),61시간 이상,,N,조건부,,,,,"""교육정보화 및 원격수업"" → ""교육정보화 및 에듀테크 활용"". 연수 내용의 정의가 달라짐",변수매칭_6_최종연계목록
TR_TRAIN_03,C11,교사 전문성,S1103,교사 연수,교사,과정>전문적 학습활동,교사 연수 항목 및 수강 시간,3)자기계발,교사 연수 항목 및 수강 시간 - 3)자기계발,Q27_3,—,④ 해당 없음,excluded,—,1.0,6.0,없음(0시간),61시간 이상,,N,N,,★한쪽 주기만 존재 — 제외 권장,,,1주기 3)자기계발 항목이 2주기에서 삭제됨,변수매칭_6_최종연계목록
TR_TRAIN_04,C11,교사 전문성,S1103,교사 연수,교사,과정>전문적 학습활동,교사 연수 항목 및 수강 시간,3)진로 및 진학 지도,교사 연수 항목 및 수강 시간 - 3)진로 및 진학 지도,Q27_4,TRQ14_3,① 연계가능,likert,6→6,1.0,6.0,없음(0시간),61시간 이상,,N,Y,,변수 번호 이동 — 매핑 주의,,,항목 내용 기준으로 매칭,변수매칭_6_최종연계목록
TR_TRAIN_05,C11,교사 전문성,S1103,교사 연수,교사,과정>전문적 학습활동,교사 연수 항목 및 수강 시간,4)교육과정 및 교육정책,교사 연수 항목 및 수강 시간 - 4)교육과정 및 교육정책,Q27_5,TRQ14_4,① 연계가능,likert,6→6,1.0,6.0,없음(0시간),61시간 이상,,N,Y,,변수 번호 이동 — 매핑 주의,,,항목 내용 기준으로 매칭,변수매칭_6_최종연계목록
TR_TRAIN_06,C11,교사 전문성,S1103,교사 연수,교사,과정>전문적 학습활동,교사 연수 항목 및 수강 시간,5)상담 및 학급경영,교사 연수 항목 및 수강 시간 - 5)상담 및 학급경영,Q27_6,TRQ14_5,① 연계가능,likert,6→6,1.0,6.0,없음(0시간),61시간 이상,,N,Y,,변수 번호 이동 — 매핑 주의,,,항목 내용 기준으로 매칭,변수매칭_6_최종연계목록
TR_TRAIN_07,C11,교사 전문성,S1103,교사 연수,교사,과정>전문적 학습활동,교사 연수 항목 및 수강 시간,6)학교폭력예방 교육 및 성교육,교사 연수 항목 및 수강 시간 - 6)학교폭력예방 교육 및 성교육,Q27_7,TRQ14_6,① 연계가능,likert,6→6,1.0,6.0,없음(0시간),61시간 이상,,N,Y,,변수 번호 이동 — 매핑 주의,,,항목 내용 기준으로 매칭,변수매칭_6_최종연계목록
TR_CURRIC_01,C06,수업·평가 혁신,S0601,학생중심수업,교사,과정>수업활동,교육과정설계·수업활동·평가(구:학습자중심 수업운영),1)교과 교육과정이나 교과 운영계획을 세울 때 학생과 학부모의 의견을 수렴한다,교육과정설계·수업활동·평가(구:학습자중심 수업운영) - 1)교과 교육과정이나 교과 운영계획을 세울 때 학생과 학부모의 의견을 수렴한다,Q17_1,TRQ16_1,② 조건부 가능,likert,5→5,1.0,5.0,전혀그렇지않다,매우그렇다,,N,조건부,,,,,2주기 값이 높게 나올 수 있음,변수매칭_6_최종연계목록
TR_CURRIC_02,C06,수업·평가 혁신,S0601,학생중심수업,교사,과정>수업활동,교육과정설계·수업활동·평가(구:학습자중심 수업운영),2)학생의 흥미를 고려하여 교육과정을 재구성하려고 노력한다,교육과정설계·수업활동·평가(구:학습자중심 수업운영) - 2)학생의 흥미를 고려하여 교육과정을 재구성하려고 노력한다,Q17_3,TRQ16_2,② 조건부 가능,likert,5→5,1.0,5.0,전혀그렇지않다,매우그렇다,,N,조건부,,,,,"""학생 흥미를 고려한 교육과정을 개발하려고 노력한다"" → ""재구성하려고 노력한다"". 개발→재구성으로 행위가 달라짐",변수매칭_6_최종연계목록
TR_CURRIC_03,C06,수업·평가 혁신,S0601,학생중심수업,교사,과정>수업활동,교육과정설계·수업활동·평가(구:학습자중심 수업운영),"5)토론수업, 협력수업, 프로젝트 수업 등 학생 참여 수업을 한다","교육과정설계·수업활동·평가(구:학습자중심 수업운영) - 5)토론수업, 협력수업, 프로젝트 수업 등 학생 참여 수업을 한다",Q17_2,TRQ16_5,① 연계가능,likert,5→5,1.0,5.0,전혀그렇지않다,매우그렇다,,N,Y,,변수 번호 이동 — 매핑 주의,,,★변수 순서 주의: 1주기 2)가 2주기 5)로 이동,변수매칭_6_최종연계목록
TR_CURRIC_08,C06,수업·평가 혁신,S0603,수행평가,교사,과정>수업활동,교육과정·수업·평가 일체화,10)평가 결과를 교육과정운영계획 수립과 수업개선에 활용한다,교육과정·수업·평가 일체화 - 10)평가 결과를 교육과정운영계획 수립과 수업개선에 활용한다,Q18_1,TRQ16_10,① 연계가능,likert,5→5,1.0,5.0,전혀그렇지않다,매우그렇다,,N,Y,,변수 번호 이동 — 매핑 주의,,,★2주기에서는 TRQ16의 10)번으로 이동,변수매칭_6_최종연계목록
TR_CURRIC_09,C06,수업·평가 혁신,S0603,수행평가,교사,과정>수업활동,교육과정·수업·평가 일체화,"8)논술형 평가, 토론, 보고서, 현장조사, 포트폴리오 등 다양한 평가방법을 사용한다","교육과정·수업·평가 일체화 - 8)논술형 평가, 토론, 보고서, 현장조사, 포트폴리오 등 다양한 평가방법을 사용한다",Q18_2,TRQ16_8,② 조건부 가능,likert,5→5,1.0,5.0,전혀그렇지않다,매우그렇다,,N,조건부,,,,,"""서·논술형 시험, 토론, 보고서…"" → ""논술형 평가, 토론, 보고서…"". 서술형이 빠짐",변수매칭_6_최종연계목록
TR_CURRIC_11,C06,수업·평가 혁신,S0603,수행평가,교사,과정>수업활동,교육과정·수업·평가 일체화,"9)학생의 성장, 발달을 평가하여 그 결과를 학생의 계속적인 성장을 돕는 자료로 활용한다","교육과정·수업·평가 일체화 - 9)학생의 성장, 발달을 평가하여 그 결과를 학생의 계속적인 성장을 돕는 자료로 활용한다",Q18_4,TRQ16_9,① 연계가능,likert,5→5,1.0,5.0,전혀그렇지않다,매우그렇다,,N,Y,,,,,"""성장·발달을 평가하여 결과를 학생의 계속적 성장 자료로 활용"" 내용 동일",변수매칭_6_최종연계목록
TR_LEADER_01,C12,학교풍토·리더십,S1201,학교장 리더십,교사,과정>교육주체와의 관계,학교장의 리더십(구:학교장의 변혁적 리더십),"1)교장선생님은 학교발전에 대해 분명한 계획을 가지고, 교사 및 학부모와 학교 교육목표를 공유한다","학교장의 리더십(구:학교장의 변혁적 리더십) - 1)교장선생님은 학교발전에 대해 분명한 계획을 가지고, 교사 및 학부모와 학교 교육목표를 공유한다",Q22_1,TRQ21_1,① 연계가능,likert,5→5,1.0,5.0,전혀그렇지않다,매우그렇다,,N,Y,,,,,문항 내용·5점 척도 완전 동일,변수매칭_6_최종연계목록
TR_LEADER_02,C12,학교풍토·리더십,S1201,학교장 리더십,교사,과정>교육주체와의 관계,학교장의 리더십(구:학교장의 변혁적 리더십),2)교장선생님은 학교목표의 설정과 학교 자체 평가 과정에 교사를 참여시킨다,학교장의 리더십(구:학교장의 변혁적 리더십) - 2)교장선생님은 학교목표의 설정과 학교 자체 평가 과정에 교사를 참여시킨다,Q22_2,TRQ21_2,① 연계가능,likert,5→5,1.0,5.0,전혀그렇지않다,매우그렇다,,N,Y,,,,,문항 내용·5점 척도 완전 동일,변수매칭_6_최종연계목록
TR_LEADER_03,C12,학교풍토·리더십,S1201,학교장 리더십,교사,과정>교육주체와의 관계,학교장의 리더십(구:학교장의 변혁적 리더십),"3)교장선생님은 학교혁신과 발전에 대해서 교사와 학부모, 학생에게 조언을 구한다","학교장의 리더십(구:학교장의 변혁적 리더십) - 3)교장선생님은 학교혁신과 발전에 대해서 교사와 학부모, 학생에게 조언을 구한다",Q22_3,TRQ21_3,① 연계가능,likert,5→5,1.0,5.0,전혀그렇지않다,매우그렇다,,N,Y,,,,,문항 내용·5점 척도 완전 동일,변수매칭_6_최종연계목록
TR_LEADER_04,C12,학교풍토·리더십,S1201,학교장 리더십,교사,과정>교육주체와의 관계,학교장의 리더십(구:학교장의 변혁적 리더십),4)교장선생님은 교사에게 영향을 줄 수 있는 의사결정에 대해 교사들과 상의한다,학교장의 리더십(구:학교장의 변혁적 리더십) - 4)교장선생님은 교사에게 영향을 줄 수 있는 의사결정에 대해 교사들과 상의한다,Q22_4,TRQ21_4,① 연계가능,likert,5→5,1.0,5.0,전혀그렇지않다,매우그렇다,,N,Y,,,,,문항 내용·5점 척도 완전 동일,변수매칭_6_최종연계목록
TR_COUNCIL_01,C08,참여·자치,S0801,학생자치,교사,과정>학교풍토,학교 자치회 활성화,1)학교운영위원회,학교 자치회 활성화 - 1)학교운영위원회,Q25_1,TRQ23_1,① 연계가능,likert,5→5,1.0,5.0,전혀그렇지않다,매우그렇다,,N,Y,,,,,항목·5점 척도 동일,변수매칭_6_최종연계목록
TR_COUNCIL_02,C08,참여·자치,S0801,학생자치,교사,과정>학교풍토,학교 자치회 활성화,2)학년 협의회,학교 자치회 활성화 - 2)학년 협의회,Q25_2,TRQ23_2,① 연계가능,likert,5→5,1.0,5.0,전혀그렇지않다,매우그렇다,,N,Y,,,,,항목·5점 척도 동일,변수매칭_6_최종연계목록
TR_COUNCIL_03,C08,참여·자치,S0801,학생자치,교사,과정>학교풍토,학교 자치회 활성화,3)교과 협의회,학교 자치회 활성화 - 3)교과 협의회,Q25_3,TRQ23_3,① 연계가능,likert,5→5,1.0,5.0,전혀그렇지않다,매우그렇다,,N,Y,,,,,항목·5점 척도 동일,변수매칭_6_최종연계목록
TR_COUNCIL_04,C08,참여·자치,S0801,학생자치,교사,과정>학교풍토,학교 자치회 활성화,4)교직원 협의회,학교 자치회 활성화 - 4)교직원 협의회,Q25_4,TRQ23_4,① 연계가능,likert,5→5,1.0,5.0,전혀그렇지않다,매우그렇다,,N,Y,,,,,항목·5점 척도 동일,변수매칭_6_최종연계목록
TR_COUNCIL_05,C08,참여·자치,S0801,학생자치,교사,과정>학교풍토,학교 자치회 활성화,5)교사 동호회,학교 자치회 활성화 - 5)교사 동호회,Q25_5,TRQ23_5,① 연계가능,likert,5→5,1.0,5.0,전혀그렇지않다,매우그렇다,,N,Y,,,,,항목·5점 척도 동일,변수매칭_6_최종연계목록
TR_COUNCIL_06,C08,참여·자치,S0801,학생자치,교사,과정>학교풍토,학교 자치회 활성화,6)학생자치회,학교 자치회 활성화 - 6)학생자치회,Q25_6,TRQ23_6,① 연계가능,likert,5→5,1.0,5.0,전혀그렇지않다,매우그렇다,,N,Y,학생–교사 [B],,,,"""학생회""→""학생자치회"" 명칭만 변경, 지시대상 동일",변수매칭_6_최종연계목록
TR_COUNCIL_07,C08,참여·자치,S0801,학생자치,교사,과정>학교풍토,학교 자치회 활성화,7)학생 동아리,학교 자치회 활성화 - 7)학생 동아리,Q25_7,TRQ23_7,① 연계가능,likert,5→5,1.0,5.0,전혀그렇지않다,매우그렇다,,N,Y,,,,,항목(학생 동아리)·척도 동일,변수매칭_6_최종연계목록
TR_COUNCIL_08,C08,참여·자치,S0801,학생자치,교사,과정>학교풍토,학교 자치회 활성화,8)학부모회,학교 자치회 활성화 - 8)학부모회,Q25_8,TRQ23_8,① 연계가능,likert,5→5,1.0,5.0,전혀그렇지않다,매우그렇다,,N,Y,,,,,항목(학부모회)·척도 동일,변수매칭_6_최종연계목록
TR_DECISION_01,C08,참여·자치,S0803,교사 참여·의사결정,교사,과정>학교풍토,참여적 의사결정(구:교사의견 반영),1)학교 교육목표 설정,참여적 의사결정(구:교사의견 반영) - 1)학교 교육목표 설정,Q24_1,TRQ24_1,① 연계가능,likert,5→5,1.0,5.0,전혀반영되지않는다,매우 많이반영된다,,N,Y,,,,,항목·5점 반영정도 척도 동일,변수매칭_6_최종연계목록
TR_DECISION_02,C08,참여·자치,S0803,교사 참여·의사결정,교사,과정>학교풍토,참여적 의사결정(구:교사의견 반영),2)교수·학습 자료 선정,참여적 의사결정(구:교사의견 반영) - 2)교수·학습 자료 선정,Q24_2,TRQ24_2,① 연계가능,likert,5→5,1.0,5.0,전혀반영되지않는다,매우 많이반영된다,,N,Y,,,,,항목·5점 반영정도 척도 동일,변수매칭_6_최종연계목록
TR_DECISION_03,C08,참여·자치,S0803,교사 참여·의사결정,교사,과정>학교풍토,참여적 의사결정(구:교사의견 반영),3)수업 운영 방식 결정,참여적 의사결정(구:교사의견 반영) - 3)수업 운영 방식 결정,Q24_3,TRQ24_3,① 연계가능,likert,5→5,1.0,5.0,전혀반영되지않는다,매우 많이반영된다,,N,Y,,,,,항목·5점 반영정도 척도 동일,변수매칭_6_최종연계목록
TR_DECISION_04,C08,참여·자치,S0803,교사 참여·의사결정,교사,과정>학교풍토,참여적 의사결정(구:교사의견 반영),4)교육과정 편성 및 운영,참여적 의사결정(구:교사의견 반영) - 4)교육과정 편성 및 운영,Q24_4,TRQ24_4,① 연계가능,likert,5→5,1.0,5.0,전혀반영되지않는다,매우 많이반영된다,,N,Y,,,,,항목·5점 반영정도 척도 동일,변수매칭_6_최종연계목록
TR_DECISION_05,C08,참여·자치,S0803,교사 참여·의사결정,교사,과정>학교풍토,참여적 의사결정(구:교사의견 반영),5)교원 업무 조직 및 업무 분장,참여적 의사결정(구:교사의견 반영) - 5)교원 업무 조직 및 업무 분장,Q24_5,TRQ24_5,① 연계가능,likert,5→5,1.0,5.0,전혀반영되지않는다,매우 많이반영된다,,N,Y,,,,,항목·5점 반영정도 척도 동일,변수매칭_6_최종연계목록
TR_DECISION_06,C08,참여·자치,S0803,교사 참여·의사결정,교사,과정>학교풍토,참여적 의사결정(구:교사의견 반영),6)학교 예산 편성,참여적 의사결정(구:교사의견 반영) - 6)학교 예산 편성,Q24_6,TRQ24_6,① 연계가능,likert,5→5,1.0,5.0,전혀반영되지않는다,매우 많이반영된다,,N,Y,,,,,항목·5점 반영정도 척도 동일,변수매칭_6_최종연계목록
TR_DECISION_07,C08,참여·자치,S0803,교사 참여·의사결정,교사,과정>학교풍토,참여적 의사결정(구:교사의견 반영),7)학교 규칙이나 규정 제정 및 개정,참여적 의사결정(구:교사의견 반영) - 7)학교 규칙이나 규정 제정 및 개정,Q24_7,TRQ24_7,① 연계가능,likert,5→5,1.0,5.0,전혀반영되지않는다,매우 많이반영된다,,N,Y,,,,,"""학교규범 제정 및 개정""→""학교 규칙이나 규정 제정 및 개정"" 표현만 변경",변수매칭_6_최종연계목록
TR_PLC_01,C11,교사 전문성,S1102,동료 협력,교사,과정>학교풍토,전문적 학습공동체,1)우리 학교는 학습공동체를 통해 처한 공동의 문제를 해결하려고 한다,전문적 학습공동체 - 1)우리 학교는 학습공동체를 통해 처한 공동의 문제를 해결하려고 한다,Q13_1,TRQ25_1,① 연계가능,likert,5→5,1.0,5.0,전혀그렇지않다,매우그렇다,,N,Y,,,,,문항 내용·5점 척도 동일(주어 표현만 변경),변수매칭_6_최종연계목록
TR_PLC_02,C11,교사 전문성,S1102,동료 협력,교사,과정>학교풍토,전문적 학습공동체,2)우리 학교 선생님들은 협력하여 교육과정을 재구성하거나 공동 수업안을 개발한다,전문적 학습공동체 - 2)우리 학교 선생님들은 협력하여 교육과정을 재구성하거나 공동 수업안을 개발한다,Q13_2,TRQ25_2,① 연계가능,likert,5→5,1.0,5.0,전혀그렇지않다,매우그렇다,,N,Y,,,,,"""학습공동체를 통해 교육과정을 재구성하거나 공동수업안을 개발"" → ""선생님들은 협력하여 …"" 주어 표현만 변경",변수매칭_6_최종연계목록
TR_PLC_03,C11,교사 전문성,S1102,동료 협력,교사,과정>학교풍토,전문적 학습공동체,"3)교육과정 세미나, 교수학습활동 워크숍, 교사 학급경영 발표회 등 협력적 연구 활동을 운영한다","전문적 학습공동체 - 3)교육과정 세미나, 교수학습활동 워크숍, 교사 학급경영 발표회 등 협력적 연구 활동을 운영한다",Q13_3,TRQ25_3,① 연계가능,likert,5→5,1.0,5.0,전혀그렇지않다,매우그렇다,,N,Y,,,,,문항 내용·척도 완전 동일,변수매칭_6_최종연계목록
TR_PLC_04,C11,교사 전문성,S1102,동료 협력,교사,과정>학교풍토,전문적 학습공동체,4)우리 학교는 학습하는 조직이다.,전문적 학습공동체 - 4)우리 학교는 학습하는 조직이다.,Q13_4,TRQ25_4,① 연계가능,likert,5→5,1.0,5.0,전혀그렇지않다,매우그렇다,,N,Y,,,,,"""학습조직화가 되어있다"" → ""학습하는 조직이다"" 표현만 변경",변수매칭_6_최종연계목록
TR_SCH_CULTURE_01,C12,학교풍토·리더십,S1202,민주적 학교문화,교사,과정>학교풍토,혁신적·민주적 학교 문화,1)교사 개개인의 실수나 시행착오를 학습의 기회로 삼는 분위기이다,혁신적·민주적 학교 문화 - 1)교사 개개인의 실수나 시행착오를 학습의 기회로 삼는 분위기이다,Q23_1,TRQ26_1,① 연계가능,likert,5→5,1.0,5.0,전혀그렇지않다,매우그렇다,,N,Y,,,,,문항 내용·5점 척도 완전 동일,변수매칭_6_최종연계목록
TR_SCH_CULTURE_02,C12,학교풍토·리더십,S1202,민주적 학교문화,교사,과정>학교풍토,혁신적·민주적 학교 문화,2)직위나 경력에 관계없이 교사들이 참신한 아이디어를 내도록 서로 격려한다,혁신적·민주적 학교 문화 - 2)직위나 경력에 관계없이 교사들이 참신한 아이디어를 내도록 서로 격려한다,Q23_2,TRQ26_2,① 연계가능,likert,5→5,1.0,5.0,전혀그렇지않다,매우그렇다,,N,Y,,,,,문항 내용·5점 척도 완전 동일,변수매칭_6_최종연계목록
TR_SCH_CULTURE_03,C12,학교풍토·리더십,S1202,민주적 학교문화,교사,과정>학교풍토,혁신적·민주적 학교 문화,3)교장선생님의 학교경영에 대해 구성원이 자유롭게 의견을 제시한다,혁신적·민주적 학교 문화 - 3)교장선생님의 학교경영에 대해 구성원이 자유롭게 의견을 제시한다,Q23_3,TRQ26_3,① 연계가능,likert,5→5,1.0,5.0,전혀그렇지않다,매우그렇다,,N,Y,,,,,문항 내용·5점 척도 완전 동일,변수매칭_6_최종연계목록
TR_SCH_CULTURE_04,C12,학교풍토·리더십,S1202,민주적 학교문화,교사,과정>학교풍토,혁신적·민주적 학교 문화,4)교사들의 아이디어가 학교 운영에 적극적으로 반영된다,혁신적·민주적 학교 문화 - 4)교사들의 아이디어가 학교 운영에 적극적으로 반영된다,Q23_4,TRQ26_4,① 연계가능,likert,5→5,1.0,5.0,전혀그렇지않다,매우그렇다,,N,Y,,,,,문항 내용·5점 척도 완전 동일,변수매칭_6_최종연계목록
TR_SCH_CULTURE_05,C12,학교풍토·리더십,S1202,민주적 학교문화,교사,과정>학교풍토,혁신적·민주적 학교 문화,5)환경 변화에 대응하여 학교를 개선하기 위해 교사들이 능동적으로 노력한다,혁신적·민주적 학교 문화 - 5)환경 변화에 대응하여 학교를 개선하기 위해 교사들이 능동적으로 노력한다,Q23_5,TRQ26_5,① 연계가능,likert,5→5,1.0,5.0,전혀그렇지않다,매우그렇다,,N,Y,,,,,문항 내용·5점 척도 완전 동일,변수매칭_6_최종연계목록
TR_SCH_CULTURE_06,C12,학교풍토·리더십,S1202,민주적 학교문화,교사,과정>학교풍토,혁신적·민주적 학교 문화,6)지역사회와의 연계를 강화하기 위하여 노력한다,혁신적·민주적 학교 문화 - 6)지역사회와의 연계를 강화하기 위하여 노력한다,Q23_6,TRQ26_6,① 연계가능,likert,5→5,1.0,5.0,전혀그렇지않다,매우그렇다,,N,Y,,,,,문항 내용·5점 척도 완전 동일,변수매칭_6_최종연계목록
TR_COMMUNITY_01,C12,학교풍토·리더십,S1203,지역사회 연계,교사,과정>학교풍토,지역사회와의 연계,1)우리 학교는 학교와 학부모 혹은 지역사회기관과의 연계협력을 중요하게 생각한다,지역사회와의 연계 - 1)우리 학교는 학교와 학부모 혹은 지역사회기관과의 연계협력을 중요하게 생각한다,Q26_1,TRQ27_1,① 연계가능,likert,5→5,1.0,5.0,전혀그렇지않다,매우그렇다,,N,Y,,,,,문항 내용·5점 척도 완전 동일,변수매칭_6_최종연계목록
TR_COMMUNITY_02,C12,학교풍토·리더십,S1203,지역사회 연계,교사,과정>학교풍토,지역사회와의 연계,2)우리 학교는 학부모나 지역사회기관으로부터 학교 교육활동에 대한 다양한 도움을 받고 있다,지역사회와의 연계 - 2)우리 학교는 학부모나 지역사회기관으로부터 학교 교육활동에 대한 다양한 도움을 받고 있다,Q26_2,TRQ27_2,① 연계가능,likert,5→5,1.0,5.0,전혀그렇지않다,매우그렇다,,N,Y,,,,,문항 내용·5점 척도 완전 동일,변수매칭_6_최종연계목록
TR_COMMUNITY_03,C12,학교풍토·리더십,S1203,지역사회 연계,교사,과정>학교풍토,지역사회와의 연계,3)우리 학교는 지역사회에 도움을 준다,지역사회와의 연계 - 3)우리 학교는 지역사회에 도움을 준다,Q26_3,TRQ27_3,① 연계가능,likert,5→5,1.0,5.0,전혀그렇지않다,매우그렇다,,N,Y,,,,,문항 내용·5점 척도 완전 동일,변수매칭_6_최종연계목록
TR_COMMUNITY_04,C12,학교풍토·리더십,S1203,지역사회 연계,교사,과정>학교풍토,지역사회와의 연계,4)우리 학교는 학부모나 지역사회기관과 연계하여 진행하고 있는 프로그램에 학생들이 적극적으로 참여한다,지역사회와의 연계 - 4)우리 학교는 학부모나 지역사회기관과 연계하여 진행하고 있는 프로그램에 학생들이 적극적으로 참여한다,Q26_4,TRQ27_4,① 연계가능,likert,5→5,1.0,5.0,전혀그렇지않다,매우그렇다,,N,Y,,,,,문항 내용·5점 척도 완전 동일,변수매칭_6_최종연계목록
TR_COMMUNITY_05,C12,학교풍토·리더십,S1203,지역사회 연계,교사,과정>학교풍토,지역사회와의 연계,5)우리 학교는 학생들을 지원하기 위해 학부모나 지역사회기관과 협의회나 모임을 적극적으로 개최한다,지역사회와의 연계 - 5)우리 학교는 학생들을 지원하기 위해 학부모나 지역사회기관과 협의회나 모임을 적극적으로 개최한다,Q26_5,TRQ27_5,① 연계가능,likert,5→5,1.0,5.0,전혀그렇지않다,매우그렇다,,N,Y,,,,,문항 내용·5점 척도 완전 동일,변수매칭_6_최종연계목록
TR_SAT_JOB_01,C09,만족도,S0901,전반적 만족도,교사,성과>만족도,교직만족도/학교만족도,1)나는 교사라는 직업에 만족한다,교직만족도/학교만족도 - 1)나는 교사라는 직업에 만족한다,Q29_1,TRQ28_1,① 연계가능,likert,5→5,1.0,5.0,전혀그렇지않다,매우그렇다,,N,Y,,,,,"문항 내용·5점 척도 완전 동일(2주기는 1~3을 교직만족도, 4~6을 학교만족도로 구분만 명시)",변수매칭_6_최종연계목록
TR_SAT_JOB_02,C09,만족도,S0901,전반적 만족도,교사,성과>만족도,교직만족도/학교만족도,2)나는 교사로서 하는 업무에 만족한다,교직만족도/학교만족도 - 2)나는 교사로서 하는 업무에 만족한다,Q29_2,TRQ28_2,① 연계가능,likert,5→5,1.0,5.0,전혀그렇지않다,매우그렇다,,N,Y,,,,,"문항 내용·5점 척도 완전 동일(2주기는 1~3을 교직만족도, 4~6을 학교만족도로 구분만 명시)",변수매칭_6_최종연계목록
TR_SAT_JOB_03,C09,만족도,S0901,전반적 만족도,교사,성과>만족도,교직만족도/학교만족도,3)다시 직업을 선택하더라도 교사가 될 것이다,교직만족도/학교만족도 - 3)다시 직업을 선택하더라도 교사가 될 것이다,Q29_3,TRQ28_3,① 연계가능,likert,5→5,1.0,5.0,전혀그렇지않다,매우그렇다,,N,Y,,,,,"문항 내용·5점 척도 완전 동일(2주기는 1~3을 교직만족도, 4~6을 학교만족도로 구분만 명시)",변수매칭_6_최종연계목록
TR_SAT_JOB_04,C09,만족도,S0901,전반적 만족도,교사,성과>만족도,교직만족도/학교만족도,4)나는 우리 학교에서 기대감을 갖고 하루하루를 생활한다,교직만족도/학교만족도 - 4)나는 우리 학교에서 기대감을 갖고 하루하루를 생활한다,Q29_4,TRQ28_4,① 연계가능,likert,5→5,1.0,5.0,전혀그렇지않다,매우그렇다,,N,Y,학생–학부모–교사 [B],,,,"문항 내용·5점 척도 완전 동일(2주기는 1~3을 교직만족도, 4~6을 학교만족도로 구분만 명시)",변수매칭_6_최종연계목록
TR_SAT_JOB_05,C09,만족도,S0901,전반적 만족도,교사,성과>만족도,교직만족도/학교만족도,5)우리 학교에 대해 긍지를 느낀다,교직만족도/학교만족도 - 5)우리 학교에 대해 긍지를 느낀다,Q29_5,TRQ28_5,① 연계가능,likert,5→5,1.0,5.0,전혀그렇지않다,매우그렇다,,N,Y,,,,,"문항 내용·5점 척도 완전 동일(2주기는 1~3을 교직만족도, 4~6을 학교만족도로 구분만 명시)",변수매칭_6_최종연계목록
TR_SAT_JOB_06,C09,만족도,S0901,전반적 만족도,교사,성과>만족도,교직만족도/학교만족도,6)우리 학교에서의 교직 생활은 나 자신의 발전에 도움이 된다,교직만족도/학교만족도 - 6)우리 학교에서의 교직 생활은 나 자신의 발전에 도움이 된다,Q29_6,TRQ28_6,① 연계가능,likert,5→5,1.0,5.0,전혀그렇지않다,매우그렇다,,N,Y,,,,,"문항 내용·5점 척도 완전 동일(2주기는 1~3을 교직만족도, 4~6을 학교만족도로 구분만 명시)",변수매칭_6_최종연계목록
TR_SAT_DETAIL_01,C09,만족도,S0902,세부 만족도,교사,성과>만족도,학교만족도(세부),1)학교의 비전 및 중점추진사항,학교만족도(세부) - 1)학교의 비전 및 중점추진사항,Q28_1,TRQ29_1,① 연계가능,likert,5→5,1.0,5.0,전혀만족하지않는다,매우만족한다,,N,Y,,,,,항목(학교 비전·중점추진사항)·5점 만족도 척도 동일,변수매칭_6_최종연계목록
TR_SAT_DETAIL_02,C09,만족도,S0902,세부 만족도,교사,성과>만족도,학교만족도(세부),2)학교운영 참여,학교만족도(세부) - 2)학교운영 참여,Q28_2,TRQ29_2,① 연계가능,likert,5→5,1.0,5.0,전혀만족하지않는다,매우만족한다,,N,Y,,,,,항목(학교운영 참여) 동일,변수매칭_6_최종연계목록
TR_SAT_DETAIL_03,C09,만족도,S0902,세부 만족도,교사,성과>만족도,학교만족도(세부),3)교수-학습 활동 결과,학교만족도(세부) - 3)교수-학습 활동 결과,Q28_3,TRQ29_3,① 연계가능,likert,5→5,1.0,5.0,전혀만족하지않는다,매우만족한다,,N,Y,,,,,항목(교수-학습 활동 결과) 동일,변수매칭_6_최종연계목록
TR_SAT_DETAIL_04,C09,만족도,S0902,세부 만족도,교사,성과>만족도,학교만족도(세부),4)새로운 교육활동 시도,학교만족도(세부) - 4)새로운 교육활동 시도,Q28_4,TRQ29_4,① 연계가능,likert,5→5,1.0,5.0,전혀만족하지않는다,매우만족한다,,N,Y,,,,,항목(새로운 교육활동 시도) 동일,변수매칭_6_최종연계목록
ST_COMP_CC_CONV,C01,학생성장,S0101,역량점수,학생,성과>학생 핵심역량,학생 핵심역량 산출점수,인지적 역량 환산점수(0~100),인지적 역량 환산점수(0~100),CC_conversion,CC_conversion,① 연계가능,continuous,연속형,,,,,,N,Y,,,,,"양 주기 모두 24문항 기준 환산(1주기 총점 0~23/24, 2주기 1~24/24). 환산점수 사용 권장",변수매칭_참고_미분류변수
ST_COMP_SC_CONV,C01,학생성장,S0101,역량점수,학생,성과>학생 핵심역량,학생 핵심역량 산출점수,사회적 역량 환산점수(0~100),사회적 역량 환산점수(0~100),SC_conversion,SC_conversion,② 조건부 가능,continuous,연속형,,,,,,N,조건부,,,,,"구성 문항 수 상이(1주기 총점 만점 80=16문항, 2주기 100=20문항). 환산점수만 비교 가능, 수준 비교 주의",변수매칭_참고_미분류변수
ST_COMP_AC_CONV,C01,학생성장,S0101,역량점수,학생,성과>학생 핵심역량,학생 핵심역량 산출점수,자율적 역량 환산점수(0~100),자율적 역량 환산점수(0~100),AC_conversion,AC_conversion,② 조건부 가능,continuous,연속형,,,,,,N,조건부,,,,,"구성 문항 수 상이(1주기 만점 48=12문항, 2주기 60=15문항). 환산점수만 비교 가능, 수준 비교 주의",변수매칭_참고_미분류변수
ST_COMP_CC_TOT,C01,학생성장,S0101,역량점수,학생,성과>학생 핵심역량,학생 핵심역량 산출점수,인지적 역량 원점수(총점),인지적 역량 원점수(총점),CC_total,CC_total,② 조건부 가능,continuous,연속형,,,,,,N,조건부,,,,,만점 동일(24)하나 결측 처리 상이(2주기 484명 결측),변수매칭_참고_미분류변수
ST_COMP_SC_TOT,C01,학생성장,S0101,역량점수,학생,성과>학생 핵심역량,학생 핵심역량 산출점수,사회적 역량 원점수(총점),사회적 역량 원점수(총점),SC_total,SC_total,③ 비교 불가,continuous,연속형,,,,,,N,N,,,,,만점 상이(80 vs 100). 원점수 직접 비교 불가 — 환산점수 사용,변수매칭_참고_미분류변수
ST_COMP_AC_TOT,C01,학생성장,S0101,역량점수,학생,성과>학생 핵심역량,학생 핵심역량 산출점수,자율적 역량 원점수(총점),자율적 역량 원점수(총점),AC_total,AC_total,③ 비교 불가,continuous,연속형,,,,,,N,N,,,,,만점 상이(48 vs 60). 원점수 직접 비교 불가 — 환산점수 사용,변수매칭_참고_미분류변수
