indicator_id,대분류,소주제,응답주체,지표명,통계유형,시계열비교가능,역문항,데이터이슈,응답기저,주의사항,결측수_2021,결측수_2025,응답수_2021,응답수_2025,평균_2021,평균_2025
ST_PRIVED_TYPE_01,교육격차·가정배경,사교육 참여,학생,"사교육 참여 유형 - 1)국어, 영어, 수학 등 주요교과",binary,Y,N,,,"2주기 0의 라벨이 ""해당없음""이므로 미참여자와 무응답 구분 확인 필요",0.0,0.0,5922.666666666667,3448.6666666666665,0.7493333333333334,0.7458666666666667
ST_PRIVED_TYPE_02,교육격차·가정배경,사교육 참여,학생,사교육 참여 유형 - 2)영어를 제외한 외국어,binary,Y,N,,,항목·이분코딩 동일,0.0,0.0,5922.666666666667,3448.6666666666665,0.056833333333333326,0.0385
ST_PRIVED_TYPE_03,교육격차·가정배경,사교육 참여,학생,사교육 참여 유형 - 3)예체능,binary,Y,N,,,항목·이분코딩 동일,0.0,0.0,5922.666666666667,3448.6666666666665,0.17423333333333332,0.16593333333333335
ST_CULTURE_01,교육격차·가정배경,문화활동 경험,학생,가족/친구 동반 문화 활동 - 가족_1)과학관이나 박람회 관람,likert,조건부,N,2주기는 사교육 참여자만 응답(분기 오류 추정). 1주기도 사교육 참여자로 한정하여 기저 정렬,,"항목·4점 빈도 척도 동일(1주기 ""대면·비대면 포함"" 문구는 코로나 맥락 표기로 실질 동일)",1162.0,703.3333333333334,4760.666666666667,2745.3333333333335,1.4677,1.4932333333333334
ST_CULTURE_02,교육격차·가정배경,문화활동 경험,학생,가족/친구 동반 문화 활동 - 가족_2)미술관이나 박물관 관람,likert,조건부,N,2주기는 사교육 참여자만 응답(분기 오류 추정). 1주기도 사교육 참여자로 한정하여 기저 정렬,,항목·척도 동일,1162.0,703.3333333333334,4760.666666666667,2745.3333333333335,1.5516666666666667,1.6129666666666669
ST_CULTURE_03,교육격차·가정배경,문화활동 경험,학생,가족/친구 동반 문화 활동 - 가족_3)공연이나 음악회 관람,likert,조건부,N,2주기는 사교육 참여자만 응답(분기 오류 추정). 1주기도 사교육 참여자로 한정하여 기저 정렬,,항목·척도 동일,1162.0,703.3333333333334,4760.666666666667,2745.3333333333335,1.5762666666666665,1.7294333333333334
ST_CULTURE_04,교육격차·가정배경,문화활동 경험,학생,가족/친구 동반 문화 활동 - 가족_4)서점이나 도서관 방문,likert,조건부,N,2주기는 사교육 참여자만 응답(분기 오류 추정). 1주기도 사교육 참여자로 한정하여 기저 정렬,,2주기 값이 구조적으로 높을 수 있음. 증감 해석 시 주의,1162.0,703.3333333333334,4760.666666666667,2745.3333333333335,1.9982,2.4632
ST_CULTURE_05,교육격차·가정배경,문화활동 경험,학생,가족/친구 동반 문화 활동 - 가족_5)기타,likert,조건부,N,2주기는 사교육 참여자만 응답(분기 오류 추정). 1주기도 사교육 참여자로 한정하여 기저 정렬,,기타 항목·척도 동일,1162.0,703.3333333333334,4760.666666666667,2745.3333333333335,2.084566666666667,1.7044666666666668
ST_CULTURE_06,교육격차·가정배경,문화활동 경험,학생,가족/친구 동반 문화 활동 - 친구_1)과학관이나 박람회 관람,likert,조건부,N,2주기는 사교육 참여자만 응답(분기 오류 추정). 1주기도 사교육 참여자로 한정하여 기저 정렬,,항목·척도 동일,1162.0,703.3333333333334,4760.666666666667,2745.3333333333335,1.2213,1.2643333333333333
ST_CULTURE_07,교육격차·가정배경,문화활동 경험,학생,가족/친구 동반 문화 활동 - 친구_2)미술관이나 박물관 관람,likert,조건부,N,2주기는 사교육 참여자만 응답(분기 오류 추정). 1주기도 사교육 참여자로 한정하여 기저 정렬,,항목·척도 동일,1162.0,703.3333333333334,4760.666666666667,2745.3333333333335,1.2625,1.3200666666666667
ST_CULTURE_08,교육격차·가정배경,문화활동 경험,학생,가족/친구 동반 문화 활동 - 친구_3)공연이나 음악회 관람,likert,조건부,N,2주기는 사교육 참여자만 응답(분기 오류 추정). 1주기도 사교육 참여자로 한정하여 기저 정렬,,항목·척도 동일,1162.0,703.3333333333334,4760.666666666667,2745.3333333333335,1.4357,1.5959666666666668
ST_CULTURE_09,교육격차·가정배경,문화활동 경험,학생,가족/친구 동반 문화 활동 - 친구_4)서점이나 도서관 방문,likert,조건부,N,2주기는 사교육 참여자만 응답(분기 오류 추정). 1주기도 사교육 참여자로 한정하여 기저 정렬,,"""서점에 같이 감"" → ""서점이나 도서관 방문""으로 대상 확장",1162.0,703.3333333333334,4760.666666666667,2745.3333333333335,1.7874333333333334,2.2875
ST_CULTURE_10,교육격차·가정배경,문화활동 경험,학생,가족/친구 동반 문화 활동 - 친구_5)기타,likert,조건부,N,2주기는 사교육 참여자만 응답(분기 오류 추정). 1주기도 사교육 참여자로 한정하여 기저 정렬,,기타 항목·척도 동일,1162.0,703.3333333333334,4760.666666666667,2745.3333333333335,2.0396,1.6783333333333335
ST_MOTIV_01,학업,학습동기(외재적),학생,"학습동기(1~4 외재적, 5~8 내재적) - 1)나는 공부를 하지 않으면 부모님이 화를 내시기 때문에 공부한다",likert,Y,N,,,문항 내용·5점 척도 동일,0.0,0.0,5922.666666666667,3448.6666666666665,1.8662666666666665,1.9905333333333335
ST_MOTIV_02,학업,학습동기(외재적),학생,"학습동기(1~4 외재적, 5~8 내재적) - 2)나는 공부를 하지 않으면 선생님께 혼나기 때문에 공부한다",likert,조건부,N,,,문항 수준 비교보다 하위척도(외재적 동기) 평균 비교 권장,0.0,0.0,5922.666666666667,3448.6666666666665,1.4400666666666666,1.8340333333333332
ST_MOTIV_03,학업,학습동기(외재적),학생,"학습동기(1~4 외재적, 5~8 내재적) - 3)나는 부모님이 공부하라고 시키기 때문에 공부한다",likert,Y,N,,,"""하라고 시키므로""→""공부하라고 시키기 때문에"" 표현만 변경",0.0,0.0,5922.666666666667,3448.6666666666665,2.0001666666666664,2.1560666666666664
ST_MOTIV_04,학업,학습동기(외재적),학생,"학습동기(1~4 외재적, 5~8 내재적) - 4)나는 선생님이 공부하라고 시키기 때문에 공부한다",likert,Y,N,,,표현만 변경,0.0,0.0,5922.666666666667,3448.6666666666665,1.7435333333333334,1.9629333333333332
ST_MOTIV_05,학업,학습동기(내재적),학생,"학습동기(1~4 외재적, 5~8 내재적) - 5)나는 지식을 쌓는 것이 즐거우므로 공부한다",likert,Y,N,,,문항 내용·척도 동일,0.0,0.0,5922.666666666667,3448.6666666666665,2.5891,2.5963666666666665
ST_MOTIV_06,학업,학습동기(내재적),학생,"학습동기(1~4 외재적, 5~8 내재적) - 6)나는 공부하는 것이 재미있기 때문에 공부한다",likert,Y,N,,,문항 내용·척도 동일,0.0,0.0,5922.666666666667,3448.6666666666665,2.3327666666666667,2.3641666666666667
ST_MOTIV_07,학업,학습동기(내재적),학생,"학습동기(1~4 외재적, 5~8 내재적) - 7)나는 어려운 도전들로부터 기쁨을 얻기 때문에 공부한다",likert,Y,N,,,문항 내용·척도 동일,0.0,0.0,5922.666666666667,3448.6666666666665,2.5153,2.5842666666666667
ST_MOTIV_08,학업,학습동기(내재적),학생,"학습동기(1~4 외재적, 5~8 내재적) - 8)나는 생각하는 것을 좋아하기 때문에 공부한다",likert,Y,N,,,문항 내용·척도 동일,0.0,0.0,5922.666666666667,3448.6666666666665,2.4133,2.4981666666666666
ST_STRESS_01,학업,학업스트레스,학생,학업 스트레스 - 1)좋은 성적을 위해 공부를 열심히 하지 않으면 불안하다,likert,Y,N,,,문항 내용·5점 척도 동일(문두 표현만 변경),0.0,0.0,5922.666666666667,3448.6666666666665,3.128866666666667,3.0955
ST_STRESS_02,학업,학업스트레스,학생,"학업 스트레스 - 2)사교육(과외, 학원 등)을 받지 않으면 불안하다",likert,Y,N,,,문항 내용·5점 척도 동일(문두 표현만 변경),0.0,0.0,5922.666666666667,3448.6666666666665,2.776066666666667,2.7943
ST_STRESS_03,학업,학업스트레스,학생,학업 스트레스 - 3)원하는 학교에 진학해야 한다는 정신적 부담이 크다,likert,Y,N,,,문항 내용·5점 척도 동일(문두 표현만 변경),0.0,0.0,5922.666666666667,3448.6666666666665,2.8990666666666667,2.8939
ST_STRESS_04,학업,학업스트레스,학생,학업 스트레스 - 4)다른 학생들과 학업 성적과 관련하여 경쟁의식을 느낀다,likert,Y,N,,,문항 내용·5점 척도 동일(문두 표현만 변경),0.0,0.0,5922.666666666667,3448.6666666666665,2.9501333333333335,3.004
ST_STRATEGY_01,학업,학습전략(정교화),학생,"학습전략(1~4 정교화, 5~8 조직화) - 1)다른 과목에서 이미 배운 것과 새로 배우는 내용을 연결하려고 한다",likert,Y,N,,,문항 내용·5점 척도 동일(어미 미세 변경),0.0,0.0,5922.666666666667,3448.6666666666665,2.9702,3.1189666666666667
ST_STRATEGY_02,학업,학습전략(정교화),학생,"학습전략(1~4 정교화, 5~8 조직화) - 2)배우는 내용을 어떻게 실생활에서 사용할 수 있을지 생각해 본다",likert,Y,N,,,문항 내용·5점 척도 동일(어미 미세 변경),0.0,0.0,5922.666666666667,3448.6666666666665,2.9579999999999997,2.9441333333333333
ST_STRATEGY_03,학업,학습전략(정교화),학생,"학습전략(1~4 정교화, 5~8 조직화) - 3)내가 이미 알고 있는 것과 연결시킬 때 공부가 더 잘 된다",likert,Y,N,,,문항 내용·5점 척도 동일(어미 미세 변경),0.0,0.0,5922.666666666667,3448.6666666666665,3.5673999999999997,3.5508333333333333
ST_STRATEGY_04,학업,학습전략(정교화),학생,"학습전략(1~4 정교화, 5~8 조직화) - 4)공부할 내용을 내가 이미 알고 있는 것과 어떻게 연결할지 생각해 본다",likert,Y,N,,,문항 내용·5점 척도 동일(어미 미세 변경),0.0,0.0,5922.666666666667,3448.6666666666665,3.0785,3.1212666666666666
ST_STRATEGY_05,학업,학습전략(조직화),학생,"학습전략(1~4 정교화, 5~8 조직화) - 5)수업 시간에 필기한 노트를 검토하고 중요한 내용을 요약 및 정리한다",likert,Y,N,,,문항 내용·5점 척도 동일(어미 미세 변경),0.0,0.0,5922.666666666667,3448.6666666666665,2.8988,2.9867666666666666
ST_STRATEGY_06,학업,학습전략(조직화),학생,"학습전략(1~4 정교화, 5~8 조직화) - 6)공부한 내용은 내 방식대로 정리해 놓는다",likert,Y,N,,,문항 내용·5점 척도 동일(어미 미세 변경),0.0,0.0,5922.666666666667,3448.6666666666665,3.2024000000000004,3.2658
ST_STRATEGY_07,학업,학습전략(조직화),학생,"학습전략(1~4 정교화, 5~8 조직화) - 7)중요한 내용은 따로 정리한다",likert,Y,N,,,문항 내용·5점 척도 동일(어미 미세 변경),0.0,0.0,5922.666666666667,3448.6666666666665,3.243133333333333,3.2997666666666667
ST_STRATEGY_08,학업,학습전략(조직화),학생,"학습전략(1~4 정교화, 5~8 조직화) - 8)공부할 때 개념들을 모아서 나름대로 관계를 정리해 본다",likert,Y,N,,,문항 내용·5점 척도 동일(어미 미세 변경),0.0,0.0,5922.666666666667,3448.6666666666665,2.9821666666666666,3.044066666666667
ST_SDL_01,학업,자기주도학습(주도성·창의성),학생,"자기주도학습 - 1)나는 알고 싶은 것이 있을 때, 그것을 어떻게 배워야 할지 알 수 있다",likert,Y,N,,,문항 내용·5점 척도 동일(어미 미세 변경),0.0,0.0,5922.666666666667,3448.6666666666665,3.3053333333333335,3.3371333333333335
ST_SDL_02,학업,자기주도학습(주도성·창의성),학생,자기주도학습 - 2)내가 알고 싶은 정보를 찾는 방법을 알고 있다,likert,Y,N,,,문항 내용·5점 척도 동일(어미 미세 변경),0.0,0.0,5922.666666666667,3448.6666666666665,3.6826333333333334,3.680766666666667
ST_SDL_03,학업,자기주도학습(주도성·창의성),학생,자기주도학습 - 3)나는 사물에 관해 호기심을 갖고 있다,likert,Y,N,,,문항 내용·5점 척도 동일(어미 미세 변경),0.0,0.0,5922.666666666667,3448.6666666666665,3.3028,3.2311
ST_SDL_04,학업,자기주도학습(주도성·창의성),학생,자기주도학습 - 4)나는 어떤 일을 해내는 특별한 방법을 잘 생각해 낸다,likert,Y,N,,,문항 내용·5점 척도 동일(어미 미세 변경),0.0,0.0,5922.666666666667,3448.6666666666665,3.2088666666666668,3.211266666666667
ST_SDL_05,학업,자기주도학습(자기이해),학생,자기주도학습 - 5)내가 무엇을 배우고 싶은지를 안다,likert,Y,N,,,문항 내용·5점 척도 동일(어미 미세 변경),0.0,0.0,5922.666666666667,3448.6666666666665,3.5517333333333334,3.4616666666666664
ST_SDL_06,학업,자기주도학습(자기이해),학생,자기주도학습 - 6)내 공부의 최종적인 책임은 내가 진다,likert,Y,N,,,문항 내용·5점 척도 동일(어미 미세 변경),0.0,0.0,5922.666666666667,3448.6666666666665,3.887566666666667,3.859833333333333
ST_SDL_07,학업,자기주도학습(자기이해),학생,자기주도학습 - 7)지금 공부가 잘 되고 있는지 아닌지를 판단할 수 있다,likert,Y,N,,,문항 내용·5점 척도 동일(어미 미세 변경),0.0,0.0,5922.666666666667,3448.6666666666665,3.6374333333333335,3.4877000000000002
ST_SDL_08,학업,자기주도학습(자기이해),학생,자기주도학습 - 8)지금 공부하는 내용 중 부족한 부분을 언제 보충해야 할지 알고 있다,likert,Y,N,,,문항 내용·5점 척도 동일(어미 미세 변경),0.0,0.0,5922.666666666667,3448.6666666666665,3.3699999999999997,3.3283666666666663
ST_SDL_09,학업,자기주도학습(자기이해),학생,자기주도학습 - 9)항상 새로운 것을 배우는 사람을 존경한다,likert,Y,N,,,문항 내용·5점 척도 동일(어미 미세 변경),0.0,0.0,5922.666666666667,3448.6666666666665,3.759866666666667,3.8097666666666665
ST_GRADE_SELF_01,학업,학업성취(주관),학생,현재성적 - 현재 성적,likert,조건부,N,,,앵커 제거로 응답 분포가 이동할 수 있음. 평균 비교 시 주의,0.0,0.0,5922.666666666667,3448.6666666666665,3.1597666666666666,3.242266666666667
ST_ASPIRE_01,진로·진학,교육포부,학생,교육포부 - 교육포부,likert,Y,N,,,"""6)잘 모르겠다""를 결측 처리할지 사전 결정 필요(양 주기 동일 규칙 적용)",0.0,0.0,5922.666666666667,3448.6666666666665,3.365133333333333,3.3526666666666665
ST_CLASS_01,수업·평가 혁신,수업태도·참여,학생,수업(수업참여/교사수업진행/수업중평가) - 1)나는 수업시간에 집중한다,likert,Y,N,,,문항 내용·5점 척도 동일(변수명만 재구조화),0.0,0.0,5922.666666666667,3448.6666666666665,3.6133,3.6636333333333333
ST_CLASS_02,수업·평가 혁신,수업태도·참여,학생,수업(수업참여/교사수업진행/수업중평가) - 2)나는 수업시간에 적극적으로 참여한다,likert,Y,N,,,문항 내용·척도 동일,0.0,0.0,5922.666666666667,3448.6666666666665,3.4545,3.4718
ST_CLASS_03,수업·평가 혁신,수업태도·참여,학생,수업(수업참여/교사수업진행/수업중평가) - 3)나는 수업시간에 흥미를 가지고 참여한다,likert,Y,N,,,문항 내용·척도 동일,0.0,0.0,5922.666666666667,3448.6666666666665,3.3786666666666663,3.3994666666666666
ST_CLASS_04,수업·평가 혁신,교사 수업 진행,학생,수업(수업참여/교사수업진행/수업중평가) - 1)선생님은 사전에 수업 준비를 철저히 하시는 편이다,likert,Y,N,,,문항 내용·척도 동일,0.0,0.0,5922.666666666667,3448.6666666666665,3.8027333333333337,3.8711333333333333
ST_CLASS_05,수업·평가 혁신,교사 수업 진행,학생,수업(수업참여/교사수업진행/수업중평가) - 2)선생님은 흥미롭게 수업을 진행하신다,likert,Y,N,,,문항 내용·척도 동일,0.0,0.0,5922.666666666667,3448.6666666666665,3.5915999999999997,3.626133333333333
ST_CLASS_06,수업·평가 혁신,교사 수업 진행,학생,수업(수업참여/교사수업진행/수업중평가) - 3)선생님은 학생들의 수준에 맞게 가르치신다,likert,Y,N,,,문항 내용·척도 동일,0.0,0.0,5922.666666666667,3448.6666666666665,3.740766666666667,3.811133333333333
ST_CLASS_07,수업·평가 혁신,수업 중 평가(학생),학생,"수업(수업참여/교사수업진행/수업중평가) - 1)선생님은 다양한 형태(논술형 평가, 토론, 보고서, 현장조사, 포트폴리오 등)로 평가를 하신다",likert,조건부,N,,,구인 범위 차이 유의,0.0,0.0,5922.666666666667,3448.6666666666665,3.9691666666666667,3.8349999999999995
ST_CLASS_08,수업·평가 혁신,수업 중 평가(학생),학생,수업(수업참여/교사수업진행/수업중평가) - 2)선생님은 평가 결과를 바탕으로 나의 강점과 보완할 점을 알려주신다,likert,Y,N,,,"""장점과 단점""→""강점과 보완할 점"" 표현만 변경",0.0,0.0,5922.666666666667,3448.6666666666665,3.157366666666667,3.292033333333333
ST_CLASS_09,수업·평가 혁신,수업 중 평가(학생),학생,수업(수업참여/교사수업진행/수업중평가) - 3)선생님은 학생이 자신의 학습 과정을 점검하고 개선하는 기회를 제공하신다,likert,N,N,,,별개 문항으로 취급 권장,0.0,0.0,5922.666666666667,3448.6666666666665,3.381466666666667,3.455166666666667
ST_CLASS_SC_01,수업·평가 혁신,학생중심수업,학생,수업활동(학생중심수업/협동수업) - 4)선생님은 학생들이 스스로 문제를 해결할 수 있도록 도와준다,likert,Y,N,,,문항 내용·5점 척도 동일,0.0,0.0,5922.666666666667,3448.6666666666665,3.6008666666666667,3.7446333333333333
ST_CLASS_SC_02,수업·평가 혁신,학생중심수업,학생,수업활동(학생중심수업/협동수업) - 5)선생님은 학생들이 스스로 자신의 학습목표를 설정할 수 있도록 도와준다,likert,조건부,N,,,"""스스로 수업목표를 찾아낼 수 있도록"" → ""스스로 자신의 학습목표를 설정할 수 있도록"". 주체는 동일(교사)하나 대상 개념이 수업목표→학습목표로 변경",0.0,0.0,5922.666666666667,3448.6666666666665,3.5002333333333335,3.604366666666667
ST_ASSESS_02,수업·평가 혁신,수행평가,학생,(수행)평가 - 1)평가는 실력향상에 도움이 된다,likert,조건부,N,,,구인 범위 차이 유의. 추세 비교 시 단서 표기,0.0,0.0,5922.666666666667,3448.6666666666665,3.2144333333333335,3.4348666666666667
ST_ASSESS_03,수업·평가 혁신,수행평가,학생,(수행)평가 - 2)평가는 수업에 흥미를 가질 수 있도록 해준다,likert,조건부,N,,,"대상이 ""수행평가""→""평가"" 전반으로 확대",0.0,0.0,5922.666666666667,3448.6666666666665,2.7336333333333336,2.9468666666666667
ST_ASSESS_04,수업·평가 혁신,수행평가,학생,(수행)평가 - 3)평가 결과는 대체적으로 공정하다,likert,조건부,N,,,"대상이 ""수행평가""→""평가"" 전반으로 확대",0.0,0.0,5922.666666666667,3448.6666666666665,3.5411,3.5302333333333333
ST_DIGI_EDU_01,디지털 리터러시,디지털 기기 활용 교육,학생,"디지털 기기 활용 교육(구:디지털 리터러시 활용 교육) - 1)나는 학교에서 디지털 기기(PC, 스마트기기 등)를 활용한 온라인 쌍방향 소통 방법을 배운 적이 있다",likert,조건부,N,,,참조기간 차이로 2주기 값이 낮게 나올 수 있음. ★설문지 확인 권장,0.0,0.0,5922.666666666667,3448.6666666666665,3.879466666666667,3.5107999999999997
ST_DIGI_EDU_02,디지털 리터러시,디지털 기기 활용 교육,학생,"디지털 기기 활용 교육(구:디지털 리터러시 활용 교육) - 2)나는 학교에서 디지털 기기(PC, 테블릿 등)에서 필요한 정보를 읽고 선택하는 방법을 배운 적이 있다",likert,조건부,N,,,"항목 내용 동일하나 참조기간(1주기 ""최근 3년간"") 차이 존재",0.0,0.0,5922.666666666667,3448.6666666666665,3.579266666666667,3.5917
ST_DIGI_EDU_03,디지털 리터러시,디지털 기기 활용 교육,학생,"디지털 기기 활용 교육(구:디지털 리터러시 활용 교육) - 3)나는 학교에서 디지털 기기(PC, 테블릿 등)을 올바르게(도덕적으로) 사용하는 방법을 배운 적이 있다",likert,조건부,N,,,항목 내용 동일하나 참조기간 차이 존재,0.0,0.0,5922.666666666667,3448.6666666666665,3.726433333333333,3.7151333333333336
ST_DIGI_EDU_04,디지털 리터러시,디지털 기기 활용 교육,학생,"디지털 기기 활용 교육(구:디지털 리터러시 활용 교육) - 4)나는 학교에서 디지털 기기(PC, 테블릿 등)에서 제공하는 정보가 믿을 수 있는지 확인하는 방법을 배운 적이 있다",likert,조건부,N,,,항목 내용 동일하나 참조기간 차이 존재,0.0,0.0,5922.666666666667,3448.6666666666665,3.5833666666666666,3.6649333333333334
ST_DIGI_LIT_01,디지털 리터러시,디지털 리터러시,학생,디지털 리터러시 - 1)나는 한글이나 프리젠테이션 도구 또는 생성형 AI를 활용해서 문서를 만드는 데 능숙하다,likert,조건부,N,,,항목 단위 비교 시 주의,0.0,0.0,5922.666666666667,3448.6666666666665,3.2265,3.373533333333333
ST_DIGI_LIT_02,디지털 리터러시,디지털 리터러시,학생,디지털 리터러시 - 2)나는 내가 만든 자료나 파일을 온라인 플랫폼에 올려서 잘 공유한다,likert,Y,N,,,"""인터넷에 올려서""→""온라인 플랫폼에 올려서"" 용어만 갱신",0.0,0.0,5922.666666666667,3448.6666666666665,2.9682333333333335,2.9851333333333336
ST_DIGI_LIT_03,디지털 리터러시,디지털 리터러시,학생,디지털 리터러시 - 3)나는 온라인 학습 공간에 올려둔 자료를 잘 내려 받아 활용한다,likert,Y,N,,,"""인터넷 학습 공간""→""온라인 학습 공간"" 용어만 갱신",0.0,0.0,5922.666666666667,3448.6666666666665,3.4604666666666666,3.4299999999999997
ST_DIGI_LIT_04,디지털 리터러시,디지털 리터러시,학생,디지털 리터러시 - 4)나는 필요한 정보를 찾기 위해 다양한 검색엔진이나 AI 도구를 활용할 수 있다,likert,조건부,N,,,"""다양한 사이버 공간을 활용"" → ""다양한 검색엔진이나 AI 도구를 활용"". 활용 수단이 구체화·변경됨",0.0,0.0,5922.666666666667,3448.6666666666665,3.6728666666666663,3.702
ST_DIGI_LIT_05,디지털 리터러시,디지털 리터러시,학생,디지털 리터러시 - 5)나는 필요한 정보를 찾기 위해 관련된 키워드를 다양하게 생각해낼 수 있다,likert,Y,N,,,문항 내용 동일,0.0,0.0,5922.666666666667,3448.6666666666665,3.583833333333333,3.6199
ST_DIGI_LIT_06,디지털 리터러시,디지털 리터러시,학생,디지털 리터러시 - 6)과제를 해결하기 위해 필요한 정보를 다양하게 선택할 수 있다,likert,Y,N,,,문항 내용 동일,0.0,0.0,5922.666666666667,3448.6666666666665,3.630966666666667,3.6665666666666668
ST_DIGI_LIT_07,디지털 리터러시,디지털 리터러시,학생,디지털 리터러시 - 7)나는 디지털 기기 사용 시간을 스스로 정한다,likert,조건부,N,,,"""인터넷 사용 시간"" → ""디지털 기기 사용 시간""으로 대상 확장",0.0,0.0,5922.666666666667,3448.6666666666665,3.045733333333333,3.188333333333333
ST_DIGI_LIT_08,디지털 리터러시,디지털 리터러시,학생,디지털 리터러시 - 8)나는 놀 때와 공부할 때를 구분해서 디지털 기기를 사용한다,likert,조건부,N,,,"""인터넷을 사용"" → ""디지털 기기를 사용""으로 대상 확장",0.0,0.0,5922.666666666667,3448.6666666666665,3.273633333333333,3.365533333333333
ST_DIGI_LIT_09,디지털 리터러시,디지털 리터러시,학생,디지털 리터러시 - 9)나는 디지털 기기를 활용하여 정보를 얻을 때 나에게 필요한 정보를 골라 읽는다,likert,조건부,N,,,"""인터넷에서 정보를 읽을 때"" → ""디지털 기기를 활용하여 정보를 얻을 때""로 대상 확장",0.0,0.0,5922.666666666667,3448.6666666666665,3.6237666666666666,3.6444333333333336
ST_DIGI_LIT_10,디지털 리터러시,디지털 리터러시,학생,디지털 리터러시 - 10)나는 불법 사이트에 접속하지 않는다,likert,Y,N,,,문항 내용 동일,0.0,0.0,5922.666666666667,3448.6666666666665,3.9458,4.146066666666667
ST_DIGI_LIT_11,디지털 리터러시,디지털 리터러시,학생,디지털 리터러시 - 11)나는 온라인 공간에 있는 정보를 무단으로 사용하지 않는다,likert,Y,N,,,"""인터넷에 있는 정보""→""온라인 공간에 있는 정보"" 용어만 갱신",0.0,0.0,5922.666666666667,3448.6666666666665,3.847766666666667,3.9926666666666666
ST_DIGI_LIT_12,디지털 리터러시,디지털 리터러시,학생,디지털 리터러시 - 12)나는 온라인 공간에서 모욕적인 언어를 사용하지 않는다,likert,Y,N,,,"""인터넷에서""→""온라인 공간에서"" 용어만 갱신",0.0,0.0,5922.666666666667,3448.6666666666665,3.8323,3.9809
ST_RELATION_01,학교생활·관계,또래·교사 관계,학생,"친구, 선생님과의 관계 - 1)학교 친구들과 있을 때 마음이 편하다",likert,Y,N,,,문항 내용·5점 척도 완전 동일(어미만 미세 변경),0.0,0.0,5922.666666666667,3448.6666666666665,3.9362333333333335,3.9433666666666665
ST_RELATION_02,학교생활·관계,또래·교사 관계,학생,"친구, 선생님과의 관계 - 2)학교 친구들이 나에게 상처를 준 적이 있다",likert,Y,척도 부적합,,,문항 내용·5점 척도 완전 동일(어미만 미세 변경),0.0,0.0,5922.666666666667,3448.6666666666665,2.8952333333333335,3.2348666666666666
ST_RELATION_03,학교생활·관계,또래·교사 관계,학생,"친구, 선생님과의 관계 - 3)학교에서 친구들로부터 존중 받는다",likert,Y,N,,,문항 내용·5점 척도 완전 동일(어미만 미세 변경),0.0,0.0,5922.666666666667,3448.6666666666665,3.7637,3.796333333333333
ST_RELATION_04,학교생활·관계,또래·교사 관계,학생,"친구, 선생님과의 관계 - 4)학교 친구들은 내가 어려움에 처해있을 때 도와준다",likert,Y,N,,,문항 내용·5점 척도 완전 동일(어미만 미세 변경),0.0,0.0,5922.666666666667,3448.6666666666665,3.8464000000000005,3.840666666666667
ST_RELATION_05,학교생활·관계,또래·교사 관계,학생,"친구, 선생님과의 관계 - 5)학교 선생님들은 나를 이해하려고 노력하신다",likert,Y,N,,,문항 내용·5점 척도 완전 동일(어미만 미세 변경),0.0,0.0,5922.666666666667,3448.6666666666665,3.878,3.8928333333333334
ST_RELATION_06,학교생활·관계,또래·교사 관계,학생,"친구, 선생님과의 관계 - 6)학교 선생님들은 나에게 무관심하다",likert,Y,Y,,,문항 내용·5점 척도 완전 동일(어미만 미세 변경),0.0,0.0,5922.666666666667,3448.6666666666665,1.9549666666666667,2.244266666666667
ST_RELATION_07,학교생활·관계,또래·교사 관계,학생,"친구, 선생님과의 관계 - 7)학교 선생님들에게 고민 상담을 한다",likert,Y,N,,,문항 내용·5점 척도 완전 동일(어미만 미세 변경),0.0,0.0,5922.666666666667,3448.6666666666665,2.5579,2.9044666666666665
ST_RELATION_08,학교생활·관계,또래·교사 관계,학생,"친구, 선생님과의 관계 - 8)학교 선생님은 나를 존중해 주신다",likert,Y,N,,,문항 내용·5점 척도 완전 동일(어미만 미세 변경),0.0,0.0,5922.666666666667,3448.6666666666665,3.926066666666667,3.970266666666667
ST_STU_GOV_01,참여·자치,학생자치,학생,학생자치 활성화 - 1)학생 의견 수렴,likert,Y,N,,,문항 내용·5점 척도 동일,0.0,0.0,5922.666666666667,3448.6666666666665,3.4883,3.5112666666666663
ST_STU_GOV_02,참여·자치,학생자치,학생,학생자치 활성화 - 2)학생 의견 전달,likert,Y,N,,,문항 내용·척도 동일,0.0,0.0,5922.666666666667,3448.6666666666665,3.4705666666666666,3.4991
ST_STU_GOV_03,참여·자치,학생자치,학생,학생자치 활성화 - 3)의견 실현 결과 공유,likert,조건부,N,,,"전달 경로가 ""학교 홈페이지 또는 학생회의""에서 ""학교 홈페이지 또는 SNS""로 변경",0.0,0.0,5922.666666666667,3448.6666666666665,3.2387333333333337,3.3274666666666666
ST_STU_GOV_04,참여·자치,학생자치,학생,학생자치 활성화 - 4)학교행사 기획·안내,likert,Y,N,,,문항 내용·척도 동일,0.0,0.0,5922.666666666667,3448.6666666666665,3.5109999999999997,3.6345333333333336
ST_SAT_TOTAL_01,만족도,전반적 만족도,학생,전반적인 만족도 - 현재 다니는 학교에 어느 정도 만족하는지,likert,Y,N,,,단일 문항·5점 척도 동일(선지 라벨 표현만 변경). 학생·학부모 3자 비교의 대표 지표로 활용 가능,0.0,0.0,5922.666666666667,3448.6666666666665,3.5756,3.5878
ST_SAT_DETAIL_01,만족도,세부 만족도,학생,세부적인 만족도 - 1)학습능력 신장,likert,Y,N,,,항목(학습능력 신장)·5점 척도 동일. 학부모용 대응 항목 존재,0.0,0.0,5922.666666666667,3448.6666666666665,3.5532333333333335,3.5912
ST_SAT_DETAIL_02,만족도,세부 만족도,학생,세부적인 만족도 - 2)특기적성 신장,likert,Y,N,,,항목(특기·적성)·척도 동일. 학부모용 대응 항목 존재,0.0,0.0,5922.666666666667,3448.6666666666665,3.4198,3.4722333333333335
ST_SAT_DETAIL_03,만족도,세부 만족도,학생,세부적인 만족도 - 3)진로상담,likert,조건부,N,,,"1주기 ""생활 및 진로상담"" → 2주기 ""진로상담""으로 생활상담이 제외됨",0.0,0.0,5922.666666666667,3448.6666666666665,3.5484000000000004,3.604533333333334
ST_SAT_DETAIL_04,만족도,세부 만족도,학생,세부적인 만족도 - 4)학교급식,likert,Y,N,,,항목(학교급식)·척도 동일,0.0,0.0,5922.666666666667,3448.6666666666665,3.3252666666666664,3.7998666666666665
ST_SAT_DETAIL_05,만족도,세부 만족도,학생,세부적인 만족도 - 5)다양한 학습 프로그램,likert,Y,N,,,항목(학습 프로그램)·척도 동일,0.0,0.0,5922.666666666667,3448.6666666666665,3.4509333333333334,3.6008333333333336
ST_SAT_DETAIL_06,만족도,세부 만족도,학생,세부적인 만족도 - 6)교육시설과 환경,likert,Y,N,,,항목(교육시설·환경)·척도 동일. 학부모용 대응 항목 존재,0.0,0.0,5922.666666666667,3448.6666666666665,3.511233333333333,3.5820666666666665
PR_EDU_COST_01,교육격차·가정배경,교육비·사교육비,학부모,"교육비 및 사교육 - 1)학교에 낸 돈(체험활동비, 방과 후 학교 수강료 포함)",continuous,조건부,N,"1주기는 미지출을 0으로 기입, 2주기는 공란 처리 — 전체 평균은 응답 기저가 다르다. 시계열 비교에는 가정이 필요 없는 '지출자평균/지출자중앙값'을 사용할 것. '평균'·'지출참여율'은 2주기 결측=미지출 가정을 전제한다.",,양 주기 모두 이상치 확인 필요(2주기 코드북에 이상치 주의 명시),0.0,478.6666666666667,3965.3333333333335,509.3333333333333,0.7932,5.9219
PR_EDU_COST_02,교육격차·가정배경,교육비·사교육비,학부모,"교육비 및 사교육 - 2)사교육비_국어, 영어, 수학 등 주요교과",continuous,조건부,N,"1주기는 미지출을 0으로 기입, 2주기는 공란 처리 — 전체 평균은 응답 기저가 다르다. 시계열 비교에는 가정이 필요 없는 '지출자평균/지출자중앙값'을 사용할 것. '평균'·'지출참여율'은 2주기 결측=미지출 가정을 전제한다.",,사교육비(주요교과)·연속형 동일,0.0,154.66666666666666,3965.3333333333335,833.3333333333334,44.501599999999996,77.5225
PR_EDU_COST_03,교육격차·가정배경,교육비·사교육비,학부모,교육비 및 사교육 - 3)사교육비_영어를 제외한 외국어,continuous,조건부,N,"1주기는 미지출을 0으로 기입, 2주기는 공란 처리 — 전체 평균은 응답 기저가 다르다. 시계열 비교에는 가정이 필요 없는 '지출자평균/지출자중앙값'을 사용할 것. '평균'·'지출참여율'은 2주기 결측=미지출 가정을 전제한다.",,사교육비(영어 제외 외국어)·연속형 동일,0.0,817.3333333333334,3965.3333333333335,170.66666666666666,1.8406333333333331,7.158666666666666
PR_EDU_COST_04,교육격차·가정배경,교육비·사교육비,학부모,교육비 및 사교육 - 4)사교육비_예체능,continuous,조건부,N,"1주기는 미지출을 0으로 기입, 2주기는 공란 처리 — 전체 평균은 응답 기저가 다르다. 시계열 비교에는 가정이 필요 없는 '지출자평균/지출자중앙값'을 사용할 것. '평균'·'지출참여율'은 2주기 결측=미지출 가정을 전제한다.",,사교육비(예체능)·연속형 동일,0.0,612.6666666666666,3965.3333333333335,375.3333333333333,5.991666666666667,31.642300000000002
PR_EDU_COST_05,교육격차·가정배경,교육비·사교육비,학부모,교육비 및 사교육 - 5)사교육비_기타,continuous,조건부,N,"1주기는 미지출을 0으로 기입, 2주기는 공란 처리 — 전체 평균은 응답 기저가 다르다. 시계열 비교에는 가정이 필요 없는 '지출자평균/지출자중앙값'을 사용할 것. '평균'·'지출참여율'은 2주기 결측=미지출 가정을 전제한다.",,사교육비(기타)·연속형 동일,0.0,780.6666666666666,3965.3333333333335,207.33333333333334,3.2307333333333332,11.369033333333334
PR_TALK_01,교육격차·가정배경,가정 내 대화,학부모,자녀와 대화 시간 및 주제 - 자녀와 대화 시간,likert,Y,N,,,대화 시간·6점 구간 척도 동일(일주일 평균),0.0,0.0,3965.3333333333335,988.0,4.102766666666667,4.3038
PR_TALK_02,교육격차·가정배경,가정 내 대화,학부모,자녀와 대화 시간 및 주제 - 1)공부,binary,Y,N,,,대화 주제(공부)·복수응답 동일,0.0,0.0,3965.3333333333335,988.0,0.7339333333333333,0.6108
PR_TALK_03,교육격차·가정배경,가정 내 대화,학부모,자녀와 대화 시간 및 주제 - 2)용돈,binary,Y,N,,,대화 주제(용돈)·복수응답 동일,0.0,0.0,3965.3333333333335,988.0,0.3152333333333333,0.2543
PR_TALK_04,교육격차·가정배경,가정 내 대화,학부모,자녀와 대화 시간 및 주제 - 3)건강,binary,Y,N,,,대화 주제(건강)·복수응답 동일,0.0,0.0,3965.3333333333335,988.0,0.5568666666666667,0.3332
PR_TALK_05,교육격차·가정배경,가정 내 대화,학부모,자녀와 대화 시간 및 주제 - 4)진로,binary,Y,N,,,대화 주제(진로)·복수응답 동일,0.0,0.0,3965.3333333333335,988.0,0.7479,0.5684666666666667
PR_TALK_06,교육격차·가정배경,가정 내 대화,학부모,자녀와 대화 시간 및 주제 - 5)학교생활,binary,N,N,2주기 PRQ3_2_5에 1(해당) 코드가 없고 0/결측만 존재 — 결측이 '해당'일 가능성. 연구원 확인 필요,,대화 주제(학교생활)·복수응답 동일,0.0,742.0,3965.3333333333335,246.0,0.7842333333333333,0.0
PR_TALK_07,교육격차·가정배경,가정 내 대화,학부모,자녀와 대화 시간 및 주제 - 6)친구관계,binary,N,N,2주기 PRQ3_2_6에 1(해당) 코드가 없고 0/결측만 존재 — 결측이 '해당'일 가능성. 연구원 확인 필요,,대화 주제(친구관계)·복수응답 동일,0.0,640.6666666666666,3965.3333333333335,347.3333333333333,0.7791,0.0
PR_CAREER_01,진로·진학,진로·진학 준비,학부모,진로·진학 준비 경험 및 인식 - 1)학교 담임교사와 상담(전화 상담 및 비대면 상담 포함),binary,Y,N,,,항목·경험여부 이분응답 동일,0.0,0.0,3965.3333333333335,988.0,1.2901333333333334,1.2520333333333333
PR_CAREER_02,진로·진학,진로·진학 준비,학부모,진로·진학 준비 경험 및 인식 - 2)학교 진로담당교사와 상담(전화 상담 및 비대면 상담 포함),binary,Y,N,,,항목·경험여부 이분응답 동일,0.0,0.0,3965.3333333333335,988.0,1.8415333333333332,1.7505666666666666
PR_CAREER_03,진로·진학,진로·진학 준비,학부모,진로·진학 준비 경험 및 인식 - 3)학교 교과담당교사와 상담(전화 상담 및 비대면 상담 포함),binary,Y,N,,,항목·경험여부 이분응답 동일,0.0,0.0,3965.3333333333335,988.0,1.8837666666666666,1.7915666666666665
PR_CAREER_04,진로·진학,진로·진학 준비,학부모,"진로·진학 준비 경험 및 인식 - 4)사교육종사자(학원강사, 과외교사, 입시진로 컨설팅 회사 등)와 상담",binary,Y,N,,,항목·경험여부 이분응답 동일,0.0,0.0,3965.3333333333335,988.0,1.3784,1.3507666666666667
PR_CAREER_05,진로·진학,진로·진학 준비,학부모,"진로·진학 준비 경험 및 인식 - 5)진로 관련 검사(적성, 흥미검사 등) 실시",binary,Y,N,,,항목·경험여부 이분응답 동일,0.0,0.0,3965.3333333333335,988.0,1.5761,1.5246666666666666
PR_CAREER_06,진로·진학,진로·진학 준비,학부모,진로·진학 준비 경험 및 인식 - 6)상급학교(고등학교·대학교) 직접 방문(입시설명회 포함) 및 전화 상담,binary,조건부,N,,,2주기 값이 높게 나올 수 있음,0.0,0.0,3965.3333333333335,988.0,1.7847666666666668,1.4720666666666666
PR_CAREER_07,진로·진학,진로·진학 준비,학부모,진로·진학 준비 경험 및 인식 - 7)상급학교 안내책자(홍보자료)를 통한 정보 수집,binary,Y,N,,,항목·경험여부 이분응답 동일,0.0,0.0,3965.3333333333335,988.0,1.4836333333333334,1.3142666666666667
PR_CAREER_08,진로·진학,진로·진학 준비,학부모,"진로·진학 준비 경험 및 인식 - 8)대중매체(TV, 신문 등)를 통한 정보 수집",binary,Y,N,,,항목·경험여부 이분응답 동일,0.0,0.0,3965.3333333333335,988.0,1.5337666666666667,1.3681666666666665
PR_CAREER_09,진로·진학,진로·진학 준비,학부모,진로·진학 준비 경험 및 인식 - 9)온라인 커뮤니티를 통한 정보 수집,binary,Y,N,,,항목·경험여부 이분응답 동일,0.0,0.0,3965.3333333333335,988.0,1.4084666666666665,1.2613
PR_CAREER_10,진로·진학,진로·진학 준비,학부모,진로·진학 준비 경험 및 인식 - 1)학교 담임교사와 상담(전화 상담 및 비대면 상담 포함),likert,Y,N,,선행 경험 문항(PR_CAREER_01~09)에서 '예'로 응답한 학부모만 응답 — 표본 기저가 주기별로 다름,"★비교표에는 ""도움정도 문항 추가""로 적혀 있으나 1주기 코드북에 Q4_2_1~9(진학·진로 만족도)가 이미 존재함(비교표 수정 필요). 5점 척도 동일",1150.0,266.0,2815.3333333333335,722.0,3.501133333333333,4.0461
PR_CAREER_11,진로·진학,진로·진학 준비,학부모,진로·진학 준비 경험 및 인식 - 2)학교 진로담당교사와 상담(전화 상담 및 비대면 상담 포함),likert,Y,N,,선행 경험 문항(PR_CAREER_01~09)에서 '예'로 응답한 학부모만 응답 — 표본 기저가 주기별로 다름,도움정도 항목·5점 척도 동일,3377.3333333333335,760.6666666666666,588.0,227.33333333333334,3.4297,3.9326666666666665
PR_CAREER_12,진로·진학,진로·진학 준비,학부모,진로·진학 준비 경험 및 인식 - 3)학교 교과담당교사와 상담(전화 상담 및 비대면 상담 포함),likert,Y,N,,선행 경험 문항(PR_CAREER_01~09)에서 '예'로 응답한 학부모만 응답 — 표본 기저가 주기별로 다름,도움정도 항목·5점 척도 동일,3530.6666666666665,798.0,434.6666666666667,190.0,3.4460333333333337,3.9675333333333334
PR_CAREER_13,진로·진학,진로·진학 준비,학부모,"진로·진학 준비 경험 및 인식 - 4)사교육종사자(학원강사, 과외교사, 입시진로 컨설팅 회사 등)와 상담",likert,Y,N,,선행 경험 문항(PR_CAREER_01~09)에서 '예'로 응답한 학부모만 응답 — 표본 기저가 주기별로 다름,도움정도 항목·5점 척도 동일,1430.6666666666667,336.0,2534.6666666666665,652.0,3.4492333333333334,3.9436999999999998
PR_CAREER_14,진로·진학,진로·진학 준비,학부모,"진로·진학 준비 경험 및 인식 - 5)진로 관련 검사(적성, 흥미검사 등) 실시",likert,Y,N,,선행 경험 문항(PR_CAREER_01~09)에서 '예'로 응답한 학부모만 응답 — 표본 기저가 주기별로 다름,도움정도 항목·5점 척도 동일,2252.0,500.0,1713.3333333333333,488.0,3.2947333333333333,3.8049666666666666
PR_CAREER_15,진로·진학,진로·진학 준비,학부모,진로·진학 준비 경험 및 인식 - 6)상급학교(고등학교·대학교) 직접 방문(입시설명회 포함) 및 전화 상담,likert,조건부,N,,선행 경험 문항(PR_CAREER_01~09)에서 '예'로 응답한 학부모만 응답 — 표본 기저가 주기별로 다름,항목 범위 확장(입시설명회·전화상담 포함),3142.0,462.0,823.3333333333334,526.0,3.5137666666666667,4.052266666666667
PR_CAREER_16,진로·진학,진로·진학 준비,학부모,진로·진학 준비 경험 및 인식 - 7)상급학교 안내책자(홍보자료)를 통한 정보 수집,likert,Y,N,,선행 경험 문항(PR_CAREER_01~09)에서 '예'로 응답한 학부모만 응답 — 표본 기저가 주기별로 다름,도움정도 항목·5점 척도 동일,1890.0,300.6666666666667,2075.3333333333335,687.3333333333334,3.3008666666666664,3.7966333333333337
PR_CAREER_17,진로·진학,진로·진학 준비,학부모,"진로·진학 준비 경험 및 인식 - 8)대중매체(TV, 신문 등)를 통한 정보 수집",likert,Y,N,,선행 경험 문항(PR_CAREER_01~09)에서 '예'로 응답한 학부모만 응답 — 표본 기저가 주기별로 다름,도움정도 항목·5점 척도 동일,2074.6666666666665,358.0,1890.6666666666667,630.0,3.2958,3.6785666666666668
PR_CAREER_18,진로·진학,진로·진학 준비,학부모,진로·진학 준비 경험 및 인식 - 9)온라인 커뮤니티를 통한 정보 수집,likert,Y,N,,선행 경험 문항(PR_CAREER_01~09)에서 '예'로 응답한 학부모만 응답 — 표본 기저가 주기별로 다름,도움정도 항목·5점 척도 동일,1554.6666666666667,254.0,2410.6666666666665,734.0,3.3287333333333335,3.7306333333333335
PR_ASPIRE_01,진로·진학,교육포부,학부모,교육포부 - 교육포부,likert,Y,N,,,"학생-학부모 비교 시 학생의 ""6)잘 모르겠다""를 결측 처리한 뒤 5점으로 맞출 것",0.0,0.0,3965.3333333333335,988.0,3.2619000000000002,3.265333333333333
PR_PARTICIP_08,참여·자치,학부모 참여,학부모,학교활동 참여 - 7)공개수업 참석,likert,Y,N,,,항목(공개수업 참석)·척도 동일,0.0,0.0,3965.3333333333335,988.0,1.1679666666666666,1.5345666666666666
PR_OPEN_SAT_01,참여·자치,학부모 참여,학부모,공개수업 만족도 - 1)학교 수업에 대하여 학부모의 의견 수렴,likert,Y,N,,,항목·4점 척도 완전 동일,3218.6666666666665,578.6666666666666,746.6666666666666,409.3333333333333,2.9253666666666667,3.0429999999999997
PR_OPEN_SAT_02,참여·자치,학부모 참여,학부모,공개수업 만족도 - 2)교사의 수업과 자녀의 수업태도에 대한 학부모의 이해 증진,likert,Y,N,,,항목·4점 척도 완전 동일,3218.6666666666665,578.6666666666666,746.6666666666666,409.3333333333333,3.1394,3.1906
PR_OPEN_SAT_03,참여·자치,학부모 참여,학부모,공개수업 만족도 - 3)학교교육에 대한 학부모의 참여와 관심증가,likert,Y,N,,,항목·4점 척도 완전 동일,3218.6666666666665,578.6666666666666,746.6666666666666,409.3333333333333,3.0898333333333334,3.1424
PR_RELATION_01,학교생활·관계,또래·교사 관계,학부모,학교생활(친구·선생님과의 관계) - 1)내 아이는 학교 친구들과 있는 것을 좋아한다,likert,Y,N,,,문항 내용·5점 척도 동일. 학생용 대응 문항 존재(대리보고 vs 자기보고),0.0,0.0,3965.3333333333335,988.0,4.0657000000000005,4.0046
PR_RELATION_02,학교생활·관계,또래·교사 관계,학부모,학교생활(친구·선생님과의 관계) - 2)학교 친구들이 내 아이에게 상처를 준 적이 있다,likert,Y,Y,,,문항 내용·척도 동일,0.0,0.0,3965.3333333333335,988.0,2.2696,2.6342666666666665
PR_RELATION_03,학교생활·관계,또래·교사 관계,학부모,학교생활(친구·선생님과의 관계) - 3)학교 친구들은 내 아이가 어려움에 처해있을 때 도와준다,likert,Y,N,,,문항 내용·척도 동일,0.0,0.0,3965.3333333333335,988.0,3.834166666666667,3.7632
PR_RELATION_04,학교생활·관계,또래·교사 관계,학부모,학교생활(친구·선생님과의 관계) - 4)학교 선생님들은 내 아이를 이해하려고 노력하신다,likert,Y,N,,,문항 내용·척도 동일,0.0,0.0,3965.3333333333335,988.0,3.9603,4.002266666666666
PR_RELATION_05,학교생활·관계,또래·교사 관계,학부모,학교생활(친구·선생님과의 관계) - 5)학교 선생님들은 내 아이에게 관심이 부족하다,likert,조건부,Y,,,역문항 역채점 필요. 표현 완화로 응답 분포 이동 가능,0.0,0.0,3965.3333333333335,988.0,1.9712333333333334,2.0905666666666667
PR_RELATION_06,학교생활·관계,또래·교사 관계,학부모,학교생활(친구·선생님과의 관계) - 6)내 아이는 학교 선생님들에게 고민을 잘 털어놓는다,likert,Y,N,,,문항 내용·척도 동일,0.0,0.0,3965.3333333333335,988.0,2.908533333333333,2.9799333333333333
PR_SAT_TOTAL_01,만족도,전반적 만족도,학부모,학교에 대한 전반적인 만족도 - 현재 자녀가 다니는 학교에 어느 정도 만족하는지,likert,Y,N,,,단일 문항·5점 척도 동일. 학생용 STQ32와 대응되어 학생-학부모 비교의 대표 지표,0.0,0.0,3965.3333333333335,988.0,3.6342666666666665,3.7029
PR_SAT_DETAIL_01,만족도,세부 만족도,학부모,학교에 대한 세부적인 만족도 - 1)자녀의 학습능력을 잘 길러주고 있다,likert,Y,N,,,항목·5점 척도 동일,0.0,0.0,3965.3333333333335,988.0,3.462766666666667,3.5446666666666666
PR_SAT_DETAIL_02,만족도,세부 만족도,학부모,학교에 대한 세부적인 만족도 - 2)자녀의 특기와 적성을 잘 계발해주고 있다,likert,Y,N,,,항목·5점 척도 동일,0.0,0.0,3965.3333333333335,988.0,3.2367666666666666,3.333933333333333
PR_SAT_DETAIL_03,만족도,세부 만족도,학부모,학교에 대한 세부적인 만족도 - 3)자녀의 수준에 맞게 잘 가르치고 있다,likert,Y,N,,,항목·5점 척도 동일,0.0,0.0,3965.3333333333335,988.0,3.4311333333333334,3.5101999999999998
PR_SAT_DETAIL_04,만족도,세부 만족도,학부모,학교에 대한 세부적인 만족도 - 4)자녀의 학교생활에 대하여 잘 알려준다,likert,Y,N,,,항목·5점 척도 동일,0.0,0.0,3965.3333333333335,988.0,3.4306,3.5322333333333336
PR_SAT_DETAIL_05,만족도,세부 만족도,학부모,학교에 대한 세부적인 만족도 - 5)자녀의 평가결과를 학부모에게 잘 전달한다,likert,Y,N,,,항목·5점 척도 동일,0.0,0.0,3965.3333333333335,988.0,3.6535666666666664,3.7754666666666665
PR_SAT_DETAIL_06,만족도,세부 만족도,학부모,학교에 대한 세부적인 만족도 - 6)자녀의 흥미와 적성에 맞는 교육을 하고 있다,likert,Y,N,,,항목·5점 척도 동일,0.0,0.0,3965.3333333333335,988.0,3.2655,3.354366666666667
PR_SAT_DETAIL_07,만족도,세부 만족도,학부모,학교에 대한 세부적인 만족도 - 7)학교운영위원회는 학부모들의 의견을 잘 수렴한다,likert,Y,N,,,항목·5점 척도 동일,0.0,0.0,3965.3333333333335,988.0,3.3219,3.3818
PR_SAT_DETAIL_08,만족도,세부 만족도,학부모,"학교에 대한 세부적인 만족도 - 8)교사, 학부모, 학생들이 협의하여 학교운영을 자율적으로 하고 있다",likert,Y,N,,,항목·5점 척도 동일,0.0,0.0,3965.3333333333335,988.0,3.4067333333333334,3.5087666666666664
PR_SAT_DETAIL_09,만족도,세부 만족도,학부모,학교에 대한 세부적인 만족도 - 9)학습에 불편하지 않게 교육시설과 환경을 잘 갖추고 있다,likert,Y,N,,,항목·5점 척도 동일,0.0,0.0,3965.3333333333335,988.0,3.5341666666666662,3.5995000000000004
PR_SAT_DETAIL_10,만족도,세부 만족도,학부모,학교에 대한 세부적인 만족도 - 10)학생의 안전을 위해 노력하고 있다,likert,Y,N,,,항목·5점 척도 동일,0.0,0.0,3965.3333333333335,988.0,3.7546,3.8153
TR_EFFICACY_01,교사 전문성,교사효능감,교사,교사효능감·교사의 사기 - 1)학생들이 수업에 집중하지 않을 때 왜 그런지 이유를 파악할 수 있다,likert,Y,N,,,문항 내용·5점 척도 동일(어미 미세 변경),0.0,0.0,3459.3333333333335,1866.6666666666667,4.131766666666667,3.9542333333333333
TR_EFFICACY_02,교사 전문성,교사효능감,교사,교사효능감·교사의 사기 - 2)학생들의 학업 능력에 대해 판단할 수 있다,likert,Y,N,,,문항 내용·척도 동일,0.0,0.0,3459.3333333333335,1866.6666666666667,4.2156,4.137066666666667
TR_EFFICACY_03,교사 전문성,교사효능감,교사,교사효능감·교사의 사기 - 3)수업에 대한 학생들의 관심 정도를 파악할 수 있다,likert,Y,N,,,문항 내용·척도 동일,0.0,0.0,3459.3333333333335,1866.6666666666667,4.3658,4.250066666666666
TR_EFFICACY_04,교사 전문성,교사효능감,교사,교사효능감·교사의 사기 - 4)학생들이 학업에 흥미를 가지지 못하는 이유를 분석할 수 있다,likert,Y,N,,,"""분석해낼 수 있다""→""분석할 수 있다"" 표현만 변경",0.0,0.0,3459.3333333333335,1866.6666666666667,4.031666666666666,4.008933333333333
TR_EFFICACY_05,교사 전문성,교사효능감,교사,교사효능감·교사의 사기 - 5)문제행동을 하는 학생들이 왜 그렇게 행동하는지 이유를 분석할 수 있다,likert,Y,N,,,"""분석해낼 수 있다""→""분석할 수 있다"" 표현만 변경",0.0,0.0,3459.3333333333335,1866.6666666666667,3.884233333333333,3.8447999999999998
TR_EFFICACY_06,교사 전문성,교사효능감,교사,교사효능감·교사의 사기 - 6)생활지도를 할 때 학생 개인의 특성을 충분히  고려할 수 있다,likert,조건부,N,,,"""개인 특성을 충분히 활용할 수 있다"" → ""충분히 고려할 수 있다"". 활용(행위)에서 고려(인식)로 의미가 약화됨",0.0,0.0,3459.3333333333335,1866.6666666666667,4.072133333333333,3.997733333333333
TR_EFFICACY_07,교사 전문성,교사효능감,교사,교사효능감·교사의 사기 - 7)문제행동을 하는 학생을 보면 나의 지도에 따른 변화가능성을 예상할 수 있다,likert,조건부,N,,,"""내가 지도할 수 있는지를 판단할 수 있다"" → ""나의 지도에 따른 변화가능성을 예상할 수 있다"". 판단 대상이 자기효능에서 학생 변화로 이동",0.0,0.0,3459.3333333333335,1866.6666666666667,4.035333333333333,3.740933333333333
TR_EFFICACY_08,교사 전문성,교사 사기,교사,교사효능감·교사의 사기 - 8)나는 책임감이 높다,likert,N,N,,,사기 하위척도(8~10번) 평균을 시계열로 쓸 경우 8번 제외 후 2문항 평균으로 재구성 검토,0.0,0.0,3459.3333333333335,1866.6666666666667,4.049133333333333,4.467933333333334
TR_EFFICACY_09,교사 전문성,교사 사기,교사,교사효능감·교사의 사기 - 9)나는 열의를 갖고 근무한다,likert,Y,N,,,문항 내용·척도 동일,0.0,0.0,3459.3333333333335,1866.6666666666667,4.2392666666666665,4.3914
TR_EFFICACY_10,교사 전문성,교사 사기,교사,교사효능감·교사의 사기 - 10)나는 교사로서 자부심을 갖고 있다,likert,Y,N,,,문항 내용·척도 동일,0.0,0.0,3459.3333333333335,1866.6666666666667,4.27,4.167866666666666
TR_TALK_01,교사 전문성,동료 협력,교사,동료교사와의 대화(주제와 시간) - 1)수업 및 평가,likert,Y,N,,,항목(수업 및 평가)·6점 시간구간 동일,0.0,0.0,3459.3333333333335,1866.6666666666667,2.8783333333333334,2.9327
TR_TALK_02,교사 전문성,동료 협력,교사,동료교사와의 대화(주제와 시간) - 2)진학·진로 지도,likert,Y,N,,,변수 인덱스가 아니라 항목 내용으로 매칭할 것,0.0,0.0,3459.3333333333335,1866.6666666666667,2.9371333333333336,2.7045
TR_TALK_03,교사 전문성,동료 협력,교사,동료교사와의 대화(주제와 시간) - 3)학교 행정업무,likert,Y,N,,,변수 인덱스가 아니라 항목 내용으로 매칭할 것,0.0,0.0,3459.3333333333335,1866.6666666666667,3.5729,3.4518
TR_TALK_04,교사 전문성,동료 협력,교사,동료교사와의 대화(주제와 시간) - 4)학생 생활지도 및 상담,likert,조건부,N,,,대응은 가능하나 항목 내용 차이 명시,0.0,0.0,3459.3333333333335,1866.6666666666667,3.4760666666666666,3.7125
TR_COLLAB_01,교사 전문성,동료 협력,교사,협력을 통한 수업개선활동 - 1)학부모에게 나의 수업공개,likert,Y,N,,,항목·6점 빈도 척도 동일,0.0,0.0,3459.3333333333335,1866.6666666666667,2.5984,2.1687999999999996
TR_COLLAB_02,교사 전문성,동료 협력,교사,협력을 통한 수업개선활동 - 2)동료교사에게 나의 수업공개,likert,Y,N,,,항목·6점 빈도 척도 동일,0.0,0.0,3459.3333333333335,1866.6666666666667,2.4595333333333333,2.3269333333333333
TR_COLLAB_03,교사 전문성,동료 협력,교사,협력을 통한 수업개선활동 - 3)동료교사의 수업 참관,likert,Y,N,,,항목·6점 빈도 척도 동일,0.0,0.0,3459.3333333333335,1866.6666666666667,3.1383666666666663,3.1592
TR_COLLAB_04,교사 전문성,동료 협력,교사,협력을 통한 수업개선활동 - 4)교내 교과 협의회 활동,likert,Y,N,,,항목·6점 빈도 척도 동일,0.0,0.0,3459.3333333333335,1866.6666666666667,4.6927666666666665,4.618766666666667
TR_COLLAB_05,교사 전문성,동료 협력,교사,협력을 통한 수업개선활동 - 5)교육청 차원의 교과교육연구회 활동,likert,Y,N,,,항목·6점 빈도 척도 동일,0.0,0.0,3459.3333333333335,1866.6666666666667,2.2175666666666665,2.0844666666666667
TR_COLLAB_06,교사 전문성,동료 협력,교사,협력을 통한 수업개선활동 - 6)교사들의 학교 안 전문적 학습 활동,likert,Y,N,,,"★비교표에는 ""선지 2개 추가""로 적혀 있으나 1주기 코드북에 Q15_6, Q15_7이 이미 존재함(비교표 수정 필요). ""학교 안 전문적 학습공동체 활동""→""학교 안 전문적 학습 활동"" 표현만 변경",0.0,0.0,3459.3333333333335,1866.6666666666667,5.447233333333333,5.356933333333333
TR_COLLAB_07,교사 전문성,동료 협력,교사,협력을 통한 수업개선활동 - 7)교사들의 학교 밖 전문적 학습 활동,likert,Y,N,,,"""학교 밖 전문적 학습공동체 활동""→""학교 밖 전문적 학습 활동"" 표현만 변경",0.0,0.0,3459.3333333333335,1866.6666666666667,2.3589,2.2578
TR_TRAIN_01,교사 전문성,교사 연수,교사,교사 연수 항목 및 수강 시간 - 1)교수학습 및 평가,likert,Y,N,,,항목(교수학습 및 평가)·6점 시간구간 동일,0.0,0.0,3459.3333333333335,1866.6666666666667,2.8986666666666667,3.2937999999999996
TR_TRAIN_02,교사 전문성,교사 연수,교사,교사 연수 항목 및 수강 시간 - 2)교육정보화 및 에듀테크 활용,likert,조건부,N,,,"""교육정보화 및 원격수업"" → ""교육정보화 및 에듀테크 활용"". 연수 내용의 정의가 달라짐",0.0,0.0,3459.3333333333335,1866.6666666666667,2.334966666666667,2.8860333333333332
TR_TRAIN_03,교사 전문성,교사 연수,교사,교사 연수 항목 및 수강 시간 - 3)자기계발,excluded,N,N,,,1주기 3)자기계발 항목이 2주기에서 삭제됨,0.0,,3459.3333333333335,,2.6661333333333332,
TR_TRAIN_04,교사 전문성,교사 연수,교사,교사 연수 항목 및 수강 시간 - 3)진로 및 진학 지도,likert,Y,N,,,항목 내용 기준으로 매칭,0.0,0.0,3459.3333333333335,1866.6666666666667,2.0841,2.156966666666667
TR_TRAIN_05,교사 전문성,교사 연수,교사,교사 연수 항목 및 수강 시간 - 4)교육과정 및 교육정책,likert,Y,N,,,항목 내용 기준으로 매칭,0.0,0.0,3459.3333333333335,1866.6666666666667,2.0521,2.2525333333333335
TR_TRAIN_06,교사 전문성,교사 연수,교사,교사 연수 항목 및 수강 시간 - 5)상담 및 학급경영,likert,Y,N,,,항목 내용 기준으로 매칭,0.0,0.0,3459.3333333333335,1866.6666666666667,2.148566666666667,2.195133333333333
TR_TRAIN_07,교사 전문성,교사 연수,교사,교사 연수 항목 및 수강 시간 - 6)학교폭력예방 교육 및 성교육,likert,Y,N,,,항목 내용 기준으로 매칭,0.0,0.0,3459.3333333333335,1866.6666666666667,2.5420000000000003,2.499
TR_CURRIC_01,수업·평가 혁신,학생중심수업,교사,교육과정설계·수업활동·평가(구:학습자중심 수업운영) - 1)교과 교육과정이나 교과 운영계획을 세울 때 학생과 학부모의 의견을 수렴한다,likert,조건부,N,,,2주기 값이 높게 나올 수 있음,0.0,0.0,3459.3333333333335,1866.6666666666667,3.7001333333333335,3.5340666666666665
TR_CURRIC_02,수업·평가 혁신,학생중심수업,교사,교육과정설계·수업활동·평가(구:학습자중심 수업운영) - 2)학생의 흥미를 고려하여 교육과정을 재구성하려고 노력한다,likert,조건부,N,,,"""학생 흥미를 고려한 교육과정을 개발하려고 노력한다"" → ""재구성하려고 노력한다"". 개발→재구성으로 행위가 달라짐",0.0,0.0,3459.3333333333335,1866.6666666666667,4.2871,4.240333333333333
TR_CURRIC_03,수업·평가 혁신,학생중심수업,교사,"교육과정설계·수업활동·평가(구:학습자중심 수업운영) - 5)토론수업, 협력수업, 프로젝트 수업 등 학생 참여 수업을 한다",likert,Y,N,,,★변수 순서 주의: 1주기 2)가 2주기 5)로 이동,0.0,0.0,3459.3333333333335,1866.6666666666667,3.748666666666667,3.8757
TR_CURRIC_08,수업·평가 혁신,수행평가,교사,교육과정·수업·평가 일체화 - 10)평가 결과를 교육과정운영계획 수립과 수업개선에 활용한다,likert,Y,N,,,★2주기에서는 TRQ16의 10)번으로 이동,0.0,0.0,3459.3333333333335,1866.6666666666667,4.187166666666667,4.101533333333333
TR_CURRIC_09,수업·평가 혁신,수행평가,교사,"교육과정·수업·평가 일체화 - 8)논술형 평가, 토론, 보고서, 현장조사, 포트폴리오 등 다양한 평가방법을 사용한다",likert,조건부,N,,,"""서·논술형 시험, 토론, 보고서…"" → ""논술형 평가, 토론, 보고서…"". 서술형이 빠짐",0.0,0.0,3459.3333333333335,1866.6666666666667,4.1224,3.998366666666667
TR_CURRIC_11,수업·평가 혁신,수행평가,교사,"교육과정·수업·평가 일체화 - 9)학생의 성장, 발달을 평가하여 그 결과를 학생의 계속적인 성장을 돕는 자료로 활용한다",likert,Y,N,,,"""성장·발달을 평가하여 결과를 학생의 계속적 성장 자료로 활용"" 내용 동일",0.0,0.0,3459.3333333333335,1866.6666666666667,4.178933333333333,4.009233333333333
TR_LEADER_01,학교풍토·리더십,학교장 리더십,교사,"학교장의 리더십(구:학교장의 변혁적 리더십) - 1)교장선생님은 학교발전에 대해 분명한 계획을 가지고, 교사 및 학부모와 학교 교육목표를 공유한다",likert,Y,N,,,문항 내용·5점 척도 완전 동일,0.0,0.0,3459.3333333333335,1866.6666666666667,4.1127666666666665,4.060433333333333
TR_LEADER_02,학교풍토·리더십,학교장 리더십,교사,학교장의 리더십(구:학교장의 변혁적 리더십) - 2)교장선생님은 학교목표의 설정과 학교 자체 평가 과정에 교사를 참여시킨다,likert,Y,N,,,문항 내용·5점 척도 완전 동일,0.0,0.0,3459.3333333333335,1866.6666666666667,4.078566666666666,4.022666666666667
TR_LEADER_03,학교풍토·리더십,학교장 리더십,교사,"학교장의 리더십(구:학교장의 변혁적 리더십) - 3)교장선생님은 학교혁신과 발전에 대해서 교사와 학부모, 학생에게 조언을 구한다",likert,Y,N,,,문항 내용·5점 척도 완전 동일,0.0,0.0,3459.3333333333335,1866.6666666666667,4.051566666666667,3.9398
TR_LEADER_04,학교풍토·리더십,학교장 리더십,교사,학교장의 리더십(구:학교장의 변혁적 리더십) - 4)교장선생님은 교사에게 영향을 줄 수 있는 의사결정에 대해 교사들과 상의한다,likert,Y,N,,,문항 내용·5점 척도 완전 동일,0.0,0.0,3459.3333333333335,1866.6666666666667,4.027766666666667,3.8983000000000003
TR_COUNCIL_01,참여·자치,학생자치,교사,학교 자치회 활성화 - 1)학교운영위원회,likert,Y,N,,,항목·5점 척도 동일,0.0,0.0,3459.3333333333335,1866.6666666666667,4.401066666666667,4.0758
TR_COUNCIL_02,참여·자치,학생자치,교사,학교 자치회 활성화 - 2)학년 협의회,likert,Y,N,,,항목·5점 척도 동일,0.0,0.0,3459.3333333333335,1866.6666666666667,4.425333333333334,4.262066666666667
TR_COUNCIL_03,참여·자치,학생자치,교사,학교 자치회 활성화 - 3)교과 협의회,likert,Y,N,,,항목·5점 척도 동일,0.0,0.0,3459.3333333333335,1866.6666666666667,4.407033333333334,4.184566666666666
TR_COUNCIL_04,참여·자치,학생자치,교사,학교 자치회 활성화 - 4)교직원 협의회,likert,Y,N,,,항목·5점 척도 동일,0.0,0.0,3459.3333333333335,1866.6666666666667,4.436866666666667,4.1905
TR_COUNCIL_05,참여·자치,학생자치,교사,학교 자치회 활성화 - 5)교사 동호회,likert,Y,N,,,항목·5점 척도 동일,0.0,0.0,3459.3333333333335,1866.6666666666667,3.3316,3.4284999999999997
TR_COUNCIL_06,참여·자치,학생자치,교사,학교 자치회 활성화 - 6)학생자치회,likert,Y,N,,,"""학생회""→""학생자치회"" 명칭만 변경, 지시대상 동일",0.0,0.0,3459.3333333333335,1866.6666666666667,4.282699999999999,4.0946
TR_COUNCIL_07,참여·자치,학생자치,교사,학교 자치회 활성화 - 7)학생 동아리,likert,Y,N,,,항목(학생 동아리)·척도 동일,0.0,0.0,3459.3333333333335,1866.6666666666667,4.190733333333333,4.032766666666666
TR_COUNCIL_08,참여·자치,학생자치,교사,학교 자치회 활성화 - 8)학부모회,likert,Y,N,,,항목(학부모회)·척도 동일,0.0,0.0,3459.3333333333335,1866.6666666666667,3.9042333333333334,3.830433333333333
TR_DECISION_01,참여·자치,교사 참여·의사결정,교사,참여적 의사결정(구:교사의견 반영) - 1)학교 교육목표 설정,likert,Y,N,,,항목·5점 반영정도 척도 동일,0.0,0.0,3459.3333333333335,1866.6666666666667,3.7604666666666664,3.8019999999999996
TR_DECISION_02,참여·자치,교사 참여·의사결정,교사,참여적 의사결정(구:교사의견 반영) - 2)교수·학습 자료 선정,likert,Y,N,,,항목·5점 반영정도 척도 동일,0.0,0.0,3459.3333333333335,1866.6666666666667,4.136066666666667,4.201533333333333
TR_DECISION_03,참여·자치,교사 참여·의사결정,교사,참여적 의사결정(구:교사의견 반영) - 3)수업 운영 방식 결정,likert,Y,N,,,항목·5점 반영정도 척도 동일,0.0,0.0,3459.3333333333335,1866.6666666666667,4.1687,4.244233333333333
TR_DECISION_04,참여·자치,교사 참여·의사결정,교사,참여적 의사결정(구:교사의견 반영) - 4)교육과정 편성 및 운영,likert,Y,N,,,항목·5점 반영정도 척도 동일,0.0,0.0,3459.3333333333335,1866.6666666666667,3.959633333333333,3.973333333333333
TR_DECISION_05,참여·자치,교사 참여·의사결정,교사,참여적 의사결정(구:교사의견 반영) - 5)교원 업무 조직 및 업무 분장,likert,Y,N,,,항목·5점 반영정도 척도 동일,0.0,0.0,3459.3333333333335,1866.6666666666667,3.6679666666666666,3.5726666666666667
TR_DECISION_06,참여·자치,교사 참여·의사결정,교사,참여적 의사결정(구:교사의견 반영) - 6)학교 예산 편성,likert,Y,N,,,항목·5점 반영정도 척도 동일,0.0,0.0,3459.3333333333335,1866.6666666666667,3.8341,3.796
TR_DECISION_07,참여·자치,교사 참여·의사결정,교사,참여적 의사결정(구:교사의견 반영) - 7)학교 규칙이나 규정 제정 및 개정,likert,Y,N,,,"""학교규범 제정 및 개정""→""학교 규칙이나 규정 제정 및 개정"" 표현만 변경",0.0,0.0,3459.3333333333335,1866.6666666666667,3.8031,3.868066666666666
TR_PLC_01,교사 전문성,동료 협력,교사,전문적 학습공동체 - 1)우리 학교는 학습공동체를 통해 처한 공동의 문제를 해결하려고 한다,likert,Y,N,,,문항 내용·5점 척도 동일(주어 표현만 변경),0.0,0.0,3459.3333333333335,1866.6666666666667,4.198900000000001,4.033666666666666
TR_PLC_02,교사 전문성,동료 협력,교사,전문적 학습공동체 - 2)우리 학교 선생님들은 협력하여 교육과정을 재구성하거나 공동 수업안을 개발한다,likert,Y,N,,,"""학습공동체를 통해 교육과정을 재구성하거나 공동수업안을 개발"" → ""선생님들은 협력하여 …"" 주어 표현만 변경",0.0,0.0,3459.3333333333335,1866.6666666666667,4.062566666666666,3.9553333333333334
TR_PLC_03,교사 전문성,동료 협력,교사,"전문적 학습공동체 - 3)교육과정 세미나, 교수학습활동 워크숍, 교사 학급경영 발표회 등 협력적 연구 활동을 운영한다",likert,Y,N,,,문항 내용·척도 완전 동일,0.0,0.0,3459.3333333333335,1866.6666666666667,4.031366666666667,3.9014
TR_PLC_04,교사 전문성,동료 협력,교사,전문적 학습공동체 - 4)우리 학교는 학습하는 조직이다.,likert,Y,N,,,"""학습조직화가 되어있다"" → ""학습하는 조직이다"" 표현만 변경",0.0,0.0,3459.3333333333335,1866.6666666666667,3.9976000000000003,3.9248
TR_SCH_CULTURE_01,학교풍토·리더십,민주적 학교문화,교사,혁신적·민주적 학교 문화 - 1)교사 개개인의 실수나 시행착오를 학습의 기회로 삼는 분위기이다,likert,Y,N,,,문항 내용·5점 척도 완전 동일,0.0,0.0,3459.3333333333335,1866.6666666666667,3.7776,3.7617333333333334
TR_SCH_CULTURE_02,학교풍토·리더십,민주적 학교문화,교사,혁신적·민주적 학교 문화 - 2)직위나 경력에 관계없이 교사들이 참신한 아이디어를 내도록 서로 격려한다,likert,Y,N,,,문항 내용·5점 척도 완전 동일,0.0,0.0,3459.3333333333335,1866.6666666666667,3.9446,3.9220333333333337
TR_SCH_CULTURE_03,학교풍토·리더십,민주적 학교문화,교사,혁신적·민주적 학교 문화 - 3)교장선생님의 학교경영에 대해 구성원이 자유롭게 의견을 제시한다,likert,Y,N,,,문항 내용·5점 척도 완전 동일,0.0,0.0,3459.3333333333335,1866.6666666666667,3.779166666666667,3.6864000000000003
TR_SCH_CULTURE_04,학교풍토·리더십,민주적 학교문화,교사,혁신적·민주적 학교 문화 - 4)교사들의 아이디어가 학교 운영에 적극적으로 반영된다,likert,Y,N,,,문항 내용·5점 척도 완전 동일,0.0,0.0,3459.3333333333335,1866.6666666666667,3.8234,3.7436333333333334
TR_SCH_CULTURE_05,학교풍토·리더십,민주적 학교문화,교사,혁신적·민주적 학교 문화 - 5)환경 변화에 대응하여 학교를 개선하기 위해 교사들이 능동적으로 노력한다,likert,Y,N,,,문항 내용·5점 척도 완전 동일,0.0,0.0,3459.3333333333335,1866.6666666666667,3.9514666666666667,3.9291666666666667
TR_SCH_CULTURE_06,학교풍토·리더십,민주적 학교문화,교사,혁신적·민주적 학교 문화 - 6)지역사회와의 연계를 강화하기 위하여 노력한다,likert,Y,N,,,문항 내용·5점 척도 완전 동일,0.0,0.0,3459.3333333333335,1866.6666666666667,3.719,3.6179
TR_COMMUNITY_01,학교풍토·리더십,지역사회 연계,교사,지역사회와의 연계 - 1)우리 학교는 학교와 학부모 혹은 지역사회기관과의 연계협력을 중요하게 생각한다,likert,Y,N,,,문항 내용·5점 척도 완전 동일,0.0,0.0,3459.3333333333335,1866.6666666666667,4.0103333333333335,3.9002
TR_COMMUNITY_02,학교풍토·리더십,지역사회 연계,교사,지역사회와의 연계 - 2)우리 학교는 학부모나 지역사회기관으로부터 학교 교육활동에 대한 다양한 도움을 받고 있다,likert,Y,N,,,문항 내용·5점 척도 완전 동일,0.0,0.0,3459.3333333333335,1866.6666666666667,3.8948666666666667,3.8064
TR_COMMUNITY_03,학교풍토·리더십,지역사회 연계,교사,지역사회와의 연계 - 3)우리 학교는 지역사회에 도움을 준다,likert,Y,N,,,문항 내용·5점 척도 완전 동일,0.0,0.0,3459.3333333333335,1866.6666666666667,3.9135333333333335,3.8628
TR_COMMUNITY_04,학교풍토·리더십,지역사회 연계,교사,지역사회와의 연계 - 4)우리 학교는 학부모나 지역사회기관과 연계하여 진행하고 있는 프로그램에 학생들이 적극적으로 참여한다,likert,Y,N,,,문항 내용·5점 척도 완전 동일,0.0,0.0,3459.3333333333335,1866.6666666666667,3.8627000000000002,3.818966666666667
TR_COMMUNITY_05,학교풍토·리더십,지역사회 연계,교사,지역사회와의 연계 - 5)우리 학교는 학생들을 지원하기 위해 학부모나 지역사회기관과 협의회나 모임을 적극적으로 개최한다,likert,Y,N,,,문항 내용·5점 척도 완전 동일,0.0,0.0,3459.3333333333335,1866.6666666666667,3.7947,3.6381
TR_SAT_JOB_01,만족도,전반적 만족도,교사,교직만족도/학교만족도 - 1)나는 교사라는 직업에 만족한다,likert,Y,N,,,"문항 내용·5점 척도 완전 동일(2주기는 1~3을 교직만족도, 4~6을 학교만족도로 구분만 명시)",0.0,0.0,3459.3333333333335,1866.6666666666667,4.122866666666667,3.9657
TR_SAT_JOB_02,만족도,전반적 만족도,교사,교직만족도/학교만족도 - 2)나는 교사로서 하는 업무에 만족한다,likert,Y,N,,,"문항 내용·5점 척도 완전 동일(2주기는 1~3을 교직만족도, 4~6을 학교만족도로 구분만 명시)",0.0,0.0,3459.3333333333335,1866.6666666666667,3.8645666666666667,3.651733333333333
TR_SAT_JOB_03,만족도,전반적 만족도,교사,교직만족도/학교만족도 - 3)다시 직업을 선택하더라도 교사가 될 것이다,likert,Y,N,,,"문항 내용·5점 척도 완전 동일(2주기는 1~3을 교직만족도, 4~6을 학교만족도로 구분만 명시)",0.0,0.0,3459.3333333333335,1866.6666666666667,3.6781,3.3271
TR_SAT_JOB_04,만족도,전반적 만족도,교사,교직만족도/학교만족도 - 4)나는 우리 학교에서 기대감을 갖고 하루하루를 생활한다,likert,Y,N,,,"문항 내용·5점 척도 완전 동일(2주기는 1~3을 교직만족도, 4~6을 학교만족도로 구분만 명시)",0.0,0.0,3459.3333333333335,1866.6666666666667,3.733,3.5005666666666664
TR_SAT_JOB_05,만족도,전반적 만족도,교사,교직만족도/학교만족도 - 5)우리 학교에 대해 긍지를 느낀다,likert,Y,N,,,"문항 내용·5점 척도 완전 동일(2주기는 1~3을 교직만족도, 4~6을 학교만족도로 구분만 명시)",0.0,0.0,3459.3333333333335,1866.6666666666667,3.8403666666666667,3.6626
TR_SAT_JOB_06,만족도,전반적 만족도,교사,교직만족도/학교만족도 - 6)우리 학교에서의 교직 생활은 나 자신의 발전에 도움이 된다,likert,Y,N,,,"문항 내용·5점 척도 완전 동일(2주기는 1~3을 교직만족도, 4~6을 학교만족도로 구분만 명시)",0.0,0.0,3459.3333333333335,1866.6666666666667,3.9648,3.8389
TR_SAT_DETAIL_01,만족도,세부 만족도,교사,학교만족도(세부) - 1)학교의 비전 및 중점추진사항,likert,Y,N,,,항목(학교 비전·중점추진사항)·5점 만족도 척도 동일,0.0,0.0,3459.3333333333335,1866.6666666666667,3.8378,3.8357333333333337
TR_SAT_DETAIL_02,만족도,세부 만족도,교사,학교만족도(세부) - 2)학교운영 참여,likert,Y,N,,,항목(학교운영 참여) 동일,0.0,0.0,3459.3333333333335,1866.6666666666667,3.830766666666667,3.7556333333333334
TR_SAT_DETAIL_03,만족도,세부 만족도,교사,학교만족도(세부) - 3)교수-학습 활동 결과,likert,Y,N,,,항목(교수-학습 활동 결과) 동일,0.0,0.0,3459.3333333333335,1866.6666666666667,3.9507333333333334,3.9358333333333335
TR_SAT_DETAIL_04,만족도,세부 만족도,교사,학교만족도(세부) - 4)새로운 교육활동 시도,likert,Y,N,,,항목(새로운 교육활동 시도) 동일,0.0,0.0,3459.3333333333335,1866.6666666666667,3.914733333333333,3.866433333333333
ST_COMP_CC_CONV,학생성장,역량점수,학생,인지적 역량 환산점수(0~100),continuous,Y,N,,,"양 주기 모두 24문항 기준 환산(1주기 총점 0~23/24, 2주기 1~24/24). 환산점수 사용 권장",0.0,322.6666666666667,5922.666666666667,3126.0,56.26843333333333,58.17496666666667
ST_COMP_SC_CONV,학생성장,역량점수,학생,사회적 역량 환산점수(0~100),continuous,조건부,N,,,"구성 문항 수 상이(1주기 총점 만점 80=16문항, 2주기 100=20문항). 환산점수만 비교 가능, 수준 비교 주의",0.0,322.6666666666667,5922.666666666667,3126.0,65.7546,68.95893333333333
ST_COMP_AC_CONV,학생성장,역량점수,학생,자율적 역량 환산점수(0~100),continuous,조건부,N,,,"구성 문항 수 상이(1주기 만점 48=12문항, 2주기 60=15문항). 환산점수만 비교 가능, 수준 비교 주의",0.0,322.6666666666667,5922.666666666667,3126.0,70.18903333333333,72.82653333333333
ST_COMP_CC_TOT,학생성장,역량점수,학생,인지적 역량 원점수(총점),continuous,조건부,N,,,만점 동일(24)하나 결측 처리 상이(2주기 484명 결측),0.0,322.6666666666667,5922.666666666667,3126.0,13.504399999999999,13.961999999999998
ST_COMP_SC_TOT,학생성장,역량점수,학생,사회적 역량 원점수(총점),continuous,N,N,,,만점 상이(80 vs 100). 원점수 직접 비교 불가 — 환산점수 사용,0.0,322.6666666666667,5922.666666666667,3126.0,52.6037,75.16713333333333
ST_COMP_AC_TOT,학생성장,역량점수,학생,자율적 역량 원점수(총점),continuous,N,N,,,만점 상이(48 vs 60). 원점수 직접 비교 불가 — 환산점수 사용,0.0,322.6666666666667,5922.666666666667,3126.0,33.690733333333334,46.95673333333334
