indicator_id,조사연도,주기,조사명,학교급,대분류코드,대분류,소주제코드,소주제,응답주체,지표명,통계유형,시계열비교가능,응답수,결측수,평균,표준편차,중앙값,백분위25,백분위75,절사평균,환산100,상위2선지비율,긍정응답률
ST_COMP_AC_CONV,2021,1주기,경기학교교육실태조사,중학교,C01,학생성장,S0101,역량점수,학생,자율적 역량 환산점수(0~100),continuous,조건부,8884,0,70.2438,13.5737,70.83333333333334,62.5,79.16666666666666,70.6434,,,
ST_COMP_AC_CONV,2025,2주기,경기학교교육실태조사,중학교,C01,학생성장,S0101,역량점수,학생,자율적 역량 환산점수(0~100),continuous,조건부,4689,484,73.0424,13.3996,75.0,64.58333333333334,83.33333333333334,73.4726,,,
ST_COMP_AC_TOT,2021,1주기,경기학교교육실태조사,중학교,C01,학생성장,S0101,역량점수,학생,자율적 역량 원점수(총점),continuous,N,8884,0,33.717,6.5154,34.0,30.0,38.0,33.9088,,,
ST_COMP_AC_TOT,2025,2주기,경기학교교육실태조사,중학교,C01,학생성장,S0101,역량점수,학생,자율적 역량 원점수(총점),continuous,N,4689,484,47.0604,6.4318,48.0,43.0,52.0,47.2669,,,
ST_COMP_CC_CONV,2021,1주기,경기학교교육실태조사,중학교,C01,학생성장,S0101,역량점수,학생,인지적 역량 환산점수(0~100),continuous,Y,8884,0,56.4048,18.8077,58.333333333333336,45.83333333333333,70.83333333333334,56.2758,,,
ST_COMP_CC_CONV,2025,2주기,경기학교교육실태조사,중학교,C01,학생성장,S0101,역량점수,학생,인지적 역량 환산점수(0~100),continuous,Y,4689,484,59.1304,17.6895,62.5,50.0,70.83333333333334,59.2462,,,
ST_COMP_CC_TOT,2021,1주기,경기학교교육실태조사,중학교,C01,학생성장,S0101,역량점수,학생,인지적 역량 원점수(총점),continuous,조건부,8884,0,13.5371,4.5138,14.0,11.0,17.0,13.5062,,,
ST_COMP_CC_TOT,2025,2주기,경기학교교육실태조사,중학교,C01,학생성장,S0101,역량점수,학생,인지적 역량 원점수(총점),continuous,조건부,4689,484,14.1913,4.2455,15.0,12.0,17.0,14.2191,,,
ST_COMP_SC_CONV,2021,1주기,경기학교교육실태조사,중학교,C01,학생성장,S0101,역량점수,학생,사회적 역량 환산점수(0~100),continuous,조건부,8884,0,65.811,13.1665,66.25,57.49999999999999,73.75,66.1176,,,
ST_COMP_SC_CONV,2025,2주기,경기학교교육실태조사,중학교,C01,학생성장,S0101,역량점수,학생,사회적 역량 환산점수(0~100),continuous,조건부,4689,484,68.8748,14.4882,68.75,58.75,78.75,69.1473,,,
ST_COMP_SC_TOT,2021,1주기,경기학교교육실태조사,중학교,C01,학생성장,S0101,역량점수,학생,사회적 역량 원점수(총점),continuous,N,8884,0,52.6488,10.5332,53.0,46.0,59.0,52.8941,,,
ST_COMP_SC_TOT,2025,2주기,경기학교교육실태조사,중학교,C01,학생성장,S0101,역량점수,학생,사회적 역량 원점수(총점),continuous,N,4689,484,75.0998,11.5906,75.0,67.0,83.0,75.3179,,,
ST_MOTIV_01,2021,1주기,경기학교교육실태조사,중학교,C02,학업,S0201A,학습동기(외재적),학생,"학습동기(1~4 외재적, 5~8 내재적) - 1)나는 공부를 하지 않으면 부모님이 화를 내시기 때문에 공부한다",likert,Y,8884,0,1.8727,0.9765,2.0,1.0,2.0,,21.82,7.31,
ST_MOTIV_01,2025,2주기,경기학교교육실태조사,중학교,C02,학업,S0201A,학습동기(외재적),학생,"학습동기(1~4 외재적, 5~8 내재적) - 1)나는 공부를 하지 않으면 부모님이 화를 내시기 때문에 공부한다",likert,Y,5173,0,2.0037,1.0534,2.0,1.0,3.0,,25.09,9.92,
ST_MOTIV_02,2021,1주기,경기학교교육실태조사,중학교,C02,학업,S0201A,학습동기(외재적),학생,"학습동기(1~4 외재적, 5~8 내재적) - 2)나는 공부를 하지 않으면 선생님께 혼나기 때문에 공부한다",likert,조건부,8884,0,1.437,0.7196,1.0,1.0,2.0,,10.92,2.13,
ST_MOTIV_02,2025,2주기,경기학교교육실태조사,중학교,C02,학업,S0201A,학습동기(외재적),학생,"학습동기(1~4 외재적, 5~8 내재적) - 2)나는 공부를 하지 않으면 선생님께 혼나기 때문에 공부한다",likert,조건부,5173,0,1.8397,0.9887,2.0,1.0,2.0,,20.99,7.56,
ST_MOTIV_03,2021,1주기,경기학교교육실태조사,중학교,C02,학업,S0201A,학습동기(외재적),학생,"학습동기(1~4 외재적, 5~8 내재적) - 3)나는 부모님이 공부하라고 시키기 때문에 공부한다",likert,Y,8884,0,2.0063,1.0733,2.0,1.0,3.0,,25.16,10.66,
ST_MOTIV_03,2025,2주기,경기학교교육실태조사,중학교,C02,학업,S0201A,학습동기(외재적),학생,"학습동기(1~4 외재적, 5~8 내재적) - 3)나는 부모님이 공부하라고 시키기 때문에 공부한다",likert,Y,5173,0,2.1724,1.1344,2.0,1.0,3.0,,29.31,14.4,
ST_MOTIV_04,2021,1주기,경기학교교육실태조사,중학교,C02,학업,S0201A,학습동기(외재적),학생,"학습동기(1~4 외재적, 5~8 내재적) - 4)나는 선생님이 공부하라고 시키기 때문에 공부한다",likert,Y,8884,0,1.7396,0.934,1.0,1.0,2.0,,18.49,5.56,
ST_MOTIV_04,2025,2주기,경기학교교육실태조사,중학교,C02,학업,S0201A,학습동기(외재적),학생,"학습동기(1~4 외재적, 5~8 내재적) - 4)나는 선생님이 공부하라고 시키기 때문에 공부한다",likert,Y,5173,0,1.9704,1.0528,2.0,1.0,3.0,,24.26,9.9,
ST_MOTIV_05,2021,1주기,경기학교교육실태조사,중학교,C02,학업,S0201B,학습동기(내재적),학생,"학습동기(1~4 외재적, 5~8 내재적) - 5)나는 지식을 쌓는 것이 즐거우므로 공부한다",likert,Y,8884,0,2.585,1.1139,3.0,2.0,3.0,,39.62,20.0,
ST_MOTIV_05,2025,2주기,경기학교교육실태조사,중학교,C02,학업,S0201B,학습동기(내재적),학생,"학습동기(1~4 외재적, 5~8 내재적) - 5)나는 지식을 쌓는 것이 즐거우므로 공부한다",likert,Y,5173,0,2.6172,1.1075,3.0,2.0,3.0,,40.43,19.64,
ST_MOTIV_06,2021,1주기,경기학교교육실태조사,중학교,C02,학업,S0201B,학습동기(내재적),학생,"학습동기(1~4 외재적, 5~8 내재적) - 6)나는 공부하는 것이 재미있기 때문에 공부한다",likert,Y,8884,0,2.3341,1.105,2.0,1.0,3.0,,33.35,14.48,
ST_MOTIV_06,2025,2주기,경기학교교육실태조사,중학교,C02,학업,S0201B,학습동기(내재적),학생,"학습동기(1~4 외재적, 5~8 내재적) - 6)나는 공부하는 것이 재미있기 때문에 공부한다",likert,Y,5173,0,2.3837,1.1111,2.0,1.0,3.0,,34.59,14.83,
ST_MOTIV_07,2021,1주기,경기학교교육실태조사,중학교,C02,학업,S0201B,학습동기(내재적),학생,"학습동기(1~4 외재적, 5~8 내재적) - 7)나는 어려운 도전들로부터 기쁨을 얻기 때문에 공부한다",likert,Y,8884,0,2.5191,1.208,2.0,1.0,3.0,,37.98,22.3,
ST_MOTIV_07,2025,2주기,경기학교교육실태조사,중학교,C02,학업,S0201B,학습동기(내재적),학생,"학습동기(1~4 외재적, 5~8 내재적) - 7)나는 어려운 도전들로부터 기쁨을 얻기 때문에 공부한다",likert,Y,5173,0,2.5966,1.1813,3.0,2.0,3.0,,39.91,22.66,
ST_MOTIV_08,2021,1주기,경기학교교육실태조사,중학교,C02,학업,S0201B,학습동기(내재적),학생,"학습동기(1~4 외재적, 5~8 내재적) - 8)나는 생각하는 것을 좋아하기 때문에 공부한다",likert,Y,8884,0,2.4116,1.1408,2.0,1.0,3.0,,35.29,17.18,
ST_MOTIV_08,2025,2주기,경기학교교육실태조사,중학교,C02,학업,S0201B,학습동기(내재적),학생,"학습동기(1~4 외재적, 5~8 내재적) - 8)나는 생각하는 것을 좋아하기 때문에 공부한다",likert,Y,5173,0,2.502,1.1144,2.0,2.0,3.0,,37.55,17.49,
ST_STRATEGY_01,2021,1주기,경기학교교육실태조사,중학교,C02,학업,S0202A,학습전략(정교화),학생,"학습전략(1~4 정교화, 5~8 조직화) - 1)다른 과목에서 이미 배운 것과 새로 배우는 내용을 연결하려고 한다",likert,Y,8884,0,2.977,1.1069,3.0,2.0,4.0,,49.43,33.41,
ST_STRATEGY_01,2025,2주기,경기학교교육실태조사,중학교,C02,학업,S0202A,학습전략(정교화),학생,"학습전략(1~4 정교화, 5~8 조직화) - 1)다른 과목에서 이미 배운 것과 새로 배우는 내용을 연결하려고 한다",likert,Y,5173,0,3.1315,1.0721,3.0,3.0,4.0,,53.29,37.64,
ST_STRATEGY_02,2021,1주기,경기학교교육실태조사,중학교,C02,학업,S0202A,학습전략(정교화),학생,"학습전략(1~4 정교화, 5~8 조직화) - 2)배우는 내용을 어떻게 실생활에서 사용할 수 있을지 생각해 본다",likert,Y,8884,0,2.9587,1.1723,3.0,2.0,4.0,,48.97,35.4,
ST_STRATEGY_02,2025,2주기,경기학교교육실태조사,중학교,C02,학업,S0202A,학습전략(정교화),학생,"학습전략(1~4 정교화, 5~8 조직화) - 2)배우는 내용을 어떻게 실생활에서 사용할 수 있을지 생각해 본다",likert,Y,5173,0,2.9532,1.1268,3.0,2.0,4.0,,48.83,32.44,
ST_STRATEGY_03,2021,1주기,경기학교교육실태조사,중학교,C02,학업,S0202A,학습전략(정교화),학생,"학습전략(1~4 정교화, 5~8 조직화) - 3)내가 이미 알고 있는 것과 연결시킬 때 공부가 더 잘 된다",likert,Y,8884,0,3.5734,1.1542,4.0,3.0,4.0,,64.33,60.29,
ST_STRATEGY_03,2025,2주기,경기학교교육실태조사,중학교,C02,학업,S0202A,학습전략(정교화),학생,"학습전략(1~4 정교화, 5~8 조직화) - 3)내가 이미 알고 있는 것과 연결시킬 때 공부가 더 잘 된다",likert,Y,5173,0,3.5683,1.1191,4.0,3.0,4.0,,64.21,59.42,
ST_STRATEGY_04,2021,1주기,경기학교교육실태조사,중학교,C02,학업,S0202A,학습전략(정교화),학생,"학습전략(1~4 정교화, 5~8 조직화) - 4)공부할 내용을 내가 이미 알고 있는 것과 어떻게 연결할지 생각해 본다",likert,Y,8884,0,3.0844,1.1322,3.0,2.0,4.0,,52.11,38.17,
ST_STRATEGY_04,2025,2주기,경기학교교육실태조사,중학교,C02,학업,S0202A,학습전략(정교화),학생,"학습전략(1~4 정교화, 5~8 조직화) - 4)공부할 내용을 내가 이미 알고 있는 것과 어떻게 연결할지 생각해 본다",likert,Y,5173,0,3.1342,1.1009,3.0,2.0,4.0,,53.35,38.45,
ST_STRATEGY_05,2021,1주기,경기학교교육실태조사,중학교,C02,학업,S0202B,학습전략(조직화),학생,"학습전략(1~4 정교화, 5~8 조직화) - 5)수업 시간에 필기한 노트를 검토하고 중요한 내용을 요약 및 정리한다",likert,Y,8884,0,2.8949,1.2237,3.0,2.0,4.0,,47.37,32.13,
ST_STRATEGY_05,2025,2주기,경기학교교육실태조사,중학교,C02,학업,S0202B,학습전략(조직화),학생,"학습전략(1~4 정교화, 5~8 조직화) - 5)수업 시간에 필기한 노트를 검토하고 중요한 내용을 요약 및 정리한다",likert,Y,5173,0,2.9981,1.1669,3.0,2.0,4.0,,49.95,34.27,
ST_STRATEGY_06,2021,1주기,경기학교교육실태조사,중학교,C02,학업,S0202B,학습전략(조직화),학생,"학습전략(1~4 정교화, 5~8 조직화) - 6)공부한 내용은 내 방식대로 정리해 놓는다",likert,Y,8884,0,3.1986,1.21,3.0,2.0,4.0,,54.96,44.55,
ST_STRATEGY_06,2025,2주기,경기학교교육실태조사,중학교,C02,학업,S0202B,학습전략(조직화),학생,"학습전략(1~4 정교화, 5~8 조직화) - 6)공부한 내용은 내 방식대로 정리해 놓는다",likert,Y,5173,0,3.2579,1.157,3.0,3.0,4.0,,56.45,45.91,
ST_STRATEGY_07,2021,1주기,경기학교교육실태조사,중학교,C02,학업,S0202B,학습전략(조직화),학생,"학습전략(1~4 정교화, 5~8 조직화) - 7)중요한 내용은 따로 정리한다",likert,Y,8884,0,3.2436,1.1884,3.0,2.0,4.0,,56.09,45.68,
ST_STRATEGY_07,2025,2주기,경기학교교육실태조사,중학교,C02,학업,S0202B,학습전략(조직화),학생,"학습전략(1~4 정교화, 5~8 조직화) - 7)중요한 내용은 따로 정리한다",likert,Y,5173,0,3.3018,1.1343,3.0,3.0,4.0,,57.54,47.83,
ST_STRATEGY_08,2021,1주기,경기학교교육실태조사,중학교,C02,학업,S0202B,학습전략(조직화),학생,"학습전략(1~4 정교화, 5~8 조직화) - 8)공부할 때 개념들을 모아서 나름대로 관계를 정리해 본다",likert,Y,8884,0,2.9837,1.1789,3.0,2.0,4.0,,49.59,34.74,
ST_STRATEGY_08,2025,2주기,경기학교교육실태조사,중학교,C02,학업,S0202B,학습전략(조직화),학생,"학습전략(1~4 정교화, 5~8 조직화) - 8)공부할 때 개념들을 모아서 나름대로 관계를 정리해 본다",likert,Y,5173,0,3.0342,1.1008,3.0,2.0,4.0,,50.86,34.91,
ST_SDL_01,2021,1주기,경기학교교육실태조사,중학교,C02,학업,S0203A,자기주도학습(주도성·창의성),학생,"자기주도학습 - 1)나는 알고 싶은 것이 있을 때, 그것을 어떻게 배워야 할지 알 수 있다",likert,Y,8884,0,3.3112,1.0067,3.0,3.0,4.0,,57.78,43.88,
ST_SDL_01,2025,2주기,경기학교교육실태조사,중학교,C02,학업,S0203A,자기주도학습(주도성·창의성),학생,"자기주도학습 - 1)나는 알고 싶은 것이 있을 때, 그것을 어떻게 배워야 할지 알 수 있다",likert,Y,5173,0,3.3313,0.992,3.0,3.0,4.0,,58.28,44.27,
ST_SDL_02,2021,1주기,경기학교교육실태조사,중학교,C02,학업,S0203A,자기주도학습(주도성·창의성),학생,자기주도학습 - 2)내가 알고 싶은 정보를 찾는 방법을 알고 있다,likert,Y,8884,0,3.6888,0.9663,4.0,3.0,4.0,,67.22,63.73,
ST_SDL_02,2025,2주기,경기학교교육실태조사,중학교,C02,학업,S0203A,자기주도학습(주도성·창의성),학생,자기주도학습 - 2)내가 알고 싶은 정보를 찾는 방법을 알고 있다,likert,Y,5173,0,3.6797,0.9769,4.0,3.0,4.0,,66.99,63.72,
ST_SDL_03,2021,1주기,경기학교교육실태조사,중학교,C02,학업,S0203A,자기주도학습(주도성·창의성),학생,자기주도학습 - 3)나는 사물에 관해 호기심을 갖고 있다,likert,Y,8884,0,3.3018,1.0584,3.0,3.0,4.0,,57.54,44.39,
ST_SDL_03,2025,2주기,경기학교교육실태조사,중학교,C02,학업,S0203A,자기주도학습(주도성·창의성),학생,자기주도학습 - 3)나는 사물에 관해 호기심을 갖고 있다,likert,Y,5173,0,3.2126,1.0417,3.0,3.0,4.0,,55.32,39.22,
ST_SDL_04,2021,1주기,경기학교교육실태조사,중학교,C02,학업,S0203A,자기주도학습(주도성·창의성),학생,자기주도학습 - 4)나는 어떤 일을 해내는 특별한 방법을 잘 생각해 낸다,likert,Y,8884,0,3.2118,1.0142,3.0,3.0,4.0,,55.3,38.18,
ST_SDL_04,2025,2주기,경기학교교육실태조사,중학교,C02,학업,S0203A,자기주도학습(주도성·창의성),학생,자기주도학습 - 4)나는 어떤 일을 해내는 특별한 방법을 잘 생각해 낸다,likert,Y,5173,0,3.203,1.012,3.0,3.0,4.0,,55.07,37.15,
ST_SDL_05,2021,1주기,경기학교교육실태조사,중학교,C02,학업,S0203B,자기주도학습(자기이해),학생,자기주도학습 - 5)내가 무엇을 배우고 싶은지를 안다,likert,Y,8884,0,3.5429,1.157,4.0,3.0,4.0,,63.57,55.36,
ST_SDL_05,2025,2주기,경기학교교육실태조사,중학교,C02,학업,S0203B,자기주도학습(자기이해),학생,자기주도학습 - 5)내가 무엇을 배우고 싶은지를 안다,likert,Y,5173,0,3.4493,1.1346,4.0,3.0,4.0,,61.23,52.17,
ST_SDL_06,2021,1주기,경기학교교육실태조사,중학교,C02,학업,S0203B,자기주도학습(자기이해),학생,자기주도학습 - 6)내 공부의 최종적인 책임은 내가 진다,likert,Y,8884,0,3.885,1.0012,4.0,3.0,5.0,,72.12,69.27,
ST_SDL_06,2025,2주기,경기학교교육실태조사,중학교,C02,학업,S0203B,자기주도학습(자기이해),학생,자기주도학습 - 6)내 공부의 최종적인 책임은 내가 진다,likert,Y,5173,0,3.866,0.9821,4.0,3.0,5.0,,71.65,69.48,
ST_SDL_07,2021,1주기,경기학교교육실태조사,중학교,C02,학업,S0203B,자기주도학습(자기이해),학생,자기주도학습 - 7)지금 공부가 잘 되고 있는지 아닌지를 판단할 수 있다,likert,Y,8884,0,3.6387,1.0139,4.0,3.0,4.0,,65.97,59.69,
ST_SDL_07,2025,2주기,경기학교교육실태조사,중학교,C02,학업,S0203B,자기주도학습(자기이해),학생,자기주도학습 - 7)지금 공부가 잘 되고 있는지 아닌지를 판단할 수 있다,likert,Y,5173,0,3.4786,1.035,4.0,3.0,4.0,,61.97,52.87,
ST_SDL_08,2021,1주기,경기학교교육실태조사,중학교,C02,학업,S0203B,자기주도학습(자기이해),학생,자기주도학습 - 8)지금 공부하는 내용 중 부족한 부분을 언제 보충해야 할지 알고 있다,likert,Y,8884,0,3.3745,1.0528,3.0,3.0,4.0,,59.36,47.26,
ST_SDL_08,2025,2주기,경기학교교육실태조사,중학교,C02,학업,S0203B,자기주도학습(자기이해),학생,자기주도학습 - 8)지금 공부하는 내용 중 부족한 부분을 언제 보충해야 할지 알고 있다,likert,Y,5173,0,3.3279,1.0407,3.0,3.0,4.0,,58.2,45.81,
ST_SDL_09,2021,1주기,경기학교교육실태조사,중학교,C02,학업,S0203B,자기주도학습(자기이해),학생,자기주도학습 - 9)항상 새로운 것을 배우는 사람을 존경한다,likert,Y,8884,0,3.7695,1.1217,4.0,3.0,5.0,,69.24,62.37,
ST_SDL_09,2025,2주기,경기학교교육실태조사,중학교,C02,학업,S0203B,자기주도학습(자기이해),학생,자기주도학습 - 9)항상 새로운 것을 배우는 사람을 존경한다,likert,Y,5173,0,3.8096,1.0723,4.0,3.0,5.0,,70.24,65.63,
ST_STRESS_01,2021,1주기,경기학교교육실태조사,중학교,C02,학업,S0204,학업스트레스,학생,학업 스트레스 - 1)좋은 성적을 위해 공부를 열심히 하지 않으면 불안하다,likert,Y,8884,0,3.1398,1.2504,3.0,2.0,4.0,,53.5,42.93,
ST_STRESS_01,2025,2주기,경기학교교육실태조사,중학교,C02,학업,S0204,학업스트레스,학생,학업 스트레스 - 1)좋은 성적을 위해 공부를 열심히 하지 않으면 불안하다,likert,Y,5173,0,3.1007,1.2725,3.0,2.0,4.0,,52.52,42.68,
ST_STRESS_02,2021,1주기,경기학교교육실태조사,중학교,C02,학업,S0204,학업스트레스,학생,"학업 스트레스 - 2)사교육(과외, 학원 등)을 받지 않으면 불안하다",likert,Y,8884,0,2.8047,1.2662,3.0,2.0,4.0,,45.12,33.63,
ST_STRESS_02,2025,2주기,경기학교교육실태조사,중학교,C02,학업,S0204,학업스트레스,학생,"학업 스트레스 - 2)사교육(과외, 학원 등)을 받지 않으면 불안하다",likert,Y,5173,0,2.8042,1.2583,3.0,2.0,4.0,,45.1,33.23,
ST_STRESS_03,2021,1주기,경기학교교육실태조사,중학교,C02,학업,S0204,학업스트레스,학생,학업 스트레스 - 3)원하는 학교에 진학해야 한다는 정신적 부담이 크다,likert,Y,8884,0,2.9006,1.282,3.0,2.0,4.0,,47.52,33.68,
ST_STRESS_03,2025,2주기,경기학교교육실태조사,중학교,C02,학업,S0204,학업스트레스,학생,학업 스트레스 - 3)원하는 학교에 진학해야 한다는 정신적 부담이 크다,likert,Y,5173,0,2.8848,1.2689,3.0,2.0,4.0,,47.12,33.77,
ST_STRESS_04,2021,1주기,경기학교교육실태조사,중학교,C02,학업,S0204,학업스트레스,학생,학업 스트레스 - 4)다른 학생들과 학업 성적과 관련하여 경쟁의식을 느낀다,likert,Y,8884,0,2.9588,1.2835,3.0,2.0,4.0,,48.97,36.31,
ST_STRESS_04,2025,2주기,경기학교교육실태조사,중학교,C02,학업,S0204,학업스트레스,학생,학업 스트레스 - 4)다른 학생들과 학업 성적과 관련하여 경쟁의식을 느낀다,likert,Y,5173,0,3.0186,1.3052,3.0,2.0,4.0,,50.46,40.02,
ST_GRADE_SELF_01,2021,1주기,경기학교교육실태조사,중학교,C02,학업,S0205,학업성취(주관),학생,현재성적 - 현재 성적,likert,조건부,8884,0,3.1703,1.0585,3.0,2.0,4.0,,54.26,37.07,
ST_GRADE_SELF_01,2025,2주기,경기학교교육실태조사,중학교,C02,학업,S0205,학업성취(주관),학생,현재성적 - 현재 성적,likert,조건부,5173,0,3.2333,1.0607,3.0,3.0,4.0,,55.83,40.75,
ST_DIGI_LIT_01,2021,1주기,경기학교교육실태조사,중학교,C03,디지털 리터러시,S0301,디지털 리터러시,학생,디지털 리터러시 - 1)나는 한글이나 프리젠테이션 도구 또는 생성형 AI를 활용해서 문서를 만드는 데 능숙하다,likert,조건부,8884,0,3.2498,1.1447,3.0,3.0,4.0,,56.24,41.56,
ST_DIGI_LIT_01,2025,2주기,경기학교교육실태조사,중학교,C03,디지털 리터러시,S0301,디지털 리터러시,학생,디지털 리터러시 - 1)나는 한글이나 프리젠테이션 도구 또는 생성형 AI를 활용해서 문서를 만드는 데 능숙하다,likert,조건부,5173,0,3.388,1.0885,3.0,3.0,4.0,,59.7,45.47,
ST_DIGI_LIT_02,2021,1주기,경기학교교육실태조사,중학교,C03,디지털 리터러시,S0301,디지털 리터러시,학생,디지털 리터러시 - 2)나는 내가 만든 자료나 파일을 온라인 플랫폼에 올려서 잘 공유한다,likert,Y,8884,0,2.9871,1.2051,3.0,2.0,4.0,,49.68,34.33,
ST_DIGI_LIT_02,2025,2주기,경기학교교육실태조사,중학교,C03,디지털 리터러시,S0301,디지털 리터러시,학생,디지털 리터러시 - 2)나는 내가 만든 자료나 파일을 온라인 플랫폼에 올려서 잘 공유한다,likert,Y,5173,0,2.9751,1.1916,3.0,2.0,4.0,,49.38,33.33,
ST_DIGI_LIT_03,2021,1주기,경기학교교육실태조사,중학교,C03,디지털 리터러시,S0301,디지털 리터러시,학생,디지털 리터러시 - 3)나는 온라인 학습 공간에 올려둔 자료를 잘 내려 받아 활용한다,likert,Y,8884,0,3.4806,1.0816,4.0,3.0,4.0,,62.02,52.17,
ST_DIGI_LIT_03,2025,2주기,경기학교교육실태조사,중학교,C03,디지털 리터러시,S0301,디지털 리터러시,학생,디지털 리터러시 - 3)나는 온라인 학습 공간에 올려둔 자료를 잘 내려 받아 활용한다,likert,Y,5173,0,3.4442,1.0483,3.0,3.0,4.0,,61.11,49.47,
ST_DIGI_LIT_04,2021,1주기,경기학교교육실태조사,중학교,C03,디지털 리터러시,S0301,디지털 리터러시,학생,디지털 리터러시 - 4)나는 필요한 정보를 찾기 위해 다양한 검색엔진이나 AI 도구를 활용할 수 있다,likert,조건부,8884,0,3.6892,0.9974,4.0,3.0,4.0,,67.23,60.2,
ST_DIGI_LIT_04,2025,2주기,경기학교교육실태조사,중학교,C03,디지털 리터러시,S0301,디지털 리터러시,학생,디지털 리터러시 - 4)나는 필요한 정보를 찾기 위해 다양한 검색엔진이나 AI 도구를 활용할 수 있다,likert,조건부,5173,0,3.7187,1.0015,4.0,3.0,4.0,,67.97,60.95,
ST_DIGI_LIT_05,2021,1주기,경기학교교육실태조사,중학교,C03,디지털 리터러시,S0301,디지털 리터러시,학생,디지털 리터러시 - 5)나는 필요한 정보를 찾기 위해 관련된 키워드를 다양하게 생각해낼 수 있다,likert,Y,8884,0,3.5966,0.986,4.0,3.0,4.0,,64.91,54.66,
ST_DIGI_LIT_05,2025,2주기,경기학교교육실태조사,중학교,C03,디지털 리터러시,S0301,디지털 리터러시,학생,디지털 리터러시 - 5)나는 필요한 정보를 찾기 위해 관련된 키워드를 다양하게 생각해낼 수 있다,likert,Y,5173,0,3.635,0.9633,4.0,3.0,4.0,,65.88,56.27,
ST_DIGI_LIT_06,2021,1주기,경기학교교육실태조사,중학교,C03,디지털 리터러시,S0301,디지털 리터러시,학생,디지털 리터러시 - 6)과제를 해결하기 위해 필요한 정보를 다양하게 선택할 수 있다,likert,Y,8884,0,3.6443,0.9472,4.0,3.0,4.0,,66.11,57.41,
ST_DIGI_LIT_06,2025,2주기,경기학교교육실태조사,중학교,C03,디지털 리터러시,S0301,디지털 리터러시,학생,디지털 리터러시 - 6)과제를 해결하기 위해 필요한 정보를 다양하게 선택할 수 있다,likert,Y,5173,0,3.6733,0.9236,4.0,3.0,4.0,,66.83,59.06,
ST_DIGI_LIT_07,2021,1주기,경기학교교육실태조사,중학교,C03,디지털 리터러시,S0301,디지털 리터러시,학생,디지털 리터러시 - 7)나는 디지털 기기 사용 시간을 스스로 정한다,likert,조건부,8884,0,3.0508,1.1216,3.0,2.0,4.0,,51.27,33.82,
ST_DIGI_LIT_07,2025,2주기,경기학교교육실태조사,중학교,C03,디지털 리터러시,S0301,디지털 리터러시,학생,디지털 리터러시 - 7)나는 디지털 기기 사용 시간을 스스로 정한다,likert,조건부,5173,0,3.1788,1.1305,3.0,2.0,4.0,,54.47,38.76,
ST_DIGI_LIT_08,2021,1주기,경기학교교육실태조사,중학교,C03,디지털 리터러시,S0301,디지털 리터러시,학생,디지털 리터러시 - 8)나는 놀 때와 공부할 때를 구분해서 디지털 기기를 사용한다,likert,조건부,8884,0,3.2775,1.0518,3.0,3.0,4.0,,56.94,41.74,
ST_DIGI_LIT_08,2025,2주기,경기학교교육실태조사,중학교,C03,디지털 리터러시,S0301,디지털 리터러시,학생,디지털 리터러시 - 8)나는 놀 때와 공부할 때를 구분해서 디지털 기기를 사용한다,likert,조건부,5173,0,3.3644,1.0539,3.0,3.0,4.0,,59.11,45.8,
ST_DIGI_LIT_09,2021,1주기,경기학교교육실태조사,중학교,C03,디지털 리터러시,S0301,디지털 리터러시,학생,디지털 리터러시 - 9)나는 디지털 기기를 활용하여 정보를 얻을 때 나에게 필요한 정보를 골라 읽는다,likert,조건부,8884,0,3.6281,0.9411,4.0,3.0,4.0,,65.7,57.4,
ST_DIGI_LIT_09,2025,2주기,경기학교교육실태조사,중학교,C03,디지털 리터러시,S0301,디지털 리터러시,학생,디지털 리터러시 - 9)나는 디지털 기기를 활용하여 정보를 얻을 때 나에게 필요한 정보를 골라 읽는다,likert,조건부,5173,0,3.6619,0.9206,4.0,3.0,4.0,,66.55,59.19,
ST_DIGI_LIT_10,2021,1주기,경기학교교육실태조사,중학교,C03,디지털 리터러시,S0301,디지털 리터러시,학생,디지털 리터러시 - 10)나는 불법 사이트에 접속하지 않는다,likert,Y,8884,0,3.9605,1.1225,4.0,3.0,5.0,,74.01,69.1,
ST_DIGI_LIT_10,2025,2주기,경기학교교육실태조사,중학교,C03,디지털 리터러시,S0301,디지털 리터러시,학생,디지털 리터러시 - 10)나는 불법 사이트에 접속하지 않는다,likert,Y,5173,0,4.1506,1.1017,5.0,4.0,5.0,,78.76,75.87,
ST_DIGI_LIT_11,2021,1주기,경기학교교육실태조사,중학교,C03,디지털 리터러시,S0301,디지털 리터러시,학생,디지털 리터러시 - 11)나는 온라인 공간에 있는 정보를 무단으로 사용하지 않는다,likert,Y,8884,0,3.8641,0.9811,4.0,3.0,5.0,,71.6,66.23,
ST_DIGI_LIT_11,2025,2주기,경기학교교육실태조사,중학교,C03,디지털 리터러시,S0301,디지털 리터러시,학생,디지털 리터러시 - 11)나는 온라인 공간에 있는 정보를 무단으로 사용하지 않는다,likert,Y,5173,0,3.994,0.9632,4.0,3.0,5.0,,74.85,72.26,
ST_DIGI_LIT_12,2021,1주기,경기학교교육실태조사,중학교,C03,디지털 리터러시,S0301,디지털 리터러시,학생,디지털 리터러시 - 12)나는 온라인 공간에서 모욕적인 언어를 사용하지 않는다,likert,Y,8884,0,3.8439,1.1197,4.0,3.0,5.0,,71.1,63.36,
ST_DIGI_LIT_12,2025,2주기,경기학교교육실태조사,중학교,C03,디지털 리터러시,S0301,디지털 리터러시,학생,디지털 리터러시 - 12)나는 온라인 공간에서 모욕적인 언어를 사용하지 않는다,likert,Y,5173,0,3.9851,1.0525,4.0,3.0,5.0,,74.63,70.62,
ST_DIGI_EDU_01,2021,1주기,경기학교교육실태조사,중학교,C03,디지털 리터러시,S0302,디지털 기기 활용 교육,학생,"디지털 기기 활용 교육(구:디지털 리터러시 활용 교육) - 1)나는 학교에서 디지털 기기(PC, 스마트기기 등)를 활용한 온라인 쌍방향 소통 방법을 배운 적이 있다",likert,조건부,8884,0,3.8844,1.0112,4.0,3.0,5.0,,72.11,69.32,
ST_DIGI_EDU_01,2025,2주기,경기학교교육실태조사,중학교,C03,디지털 리터러시,S0302,디지털 기기 활용 교육,학생,"디지털 기기 활용 교육(구:디지털 리터러시 활용 교육) - 1)나는 학교에서 디지털 기기(PC, 스마트기기 등)를 활용한 온라인 쌍방향 소통 방법을 배운 적이 있다",likert,조건부,5173,0,3.49,1.0352,4.0,3.0,4.0,,62.25,51.48,
ST_DIGI_EDU_02,2021,1주기,경기학교교육실태조사,중학교,C03,디지털 리터러시,S0302,디지털 기기 활용 교육,학생,"디지털 기기 활용 교육(구:디지털 리터러시 활용 교육) - 2)나는 학교에서 디지털 기기(PC, 테블릿 등)에서 필요한 정보를 읽고 선택하는 방법을 배운 적이 있다",likert,조건부,8884,0,3.5776,1.0305,4.0,3.0,4.0,,64.44,55.39,
ST_DIGI_EDU_02,2025,2주기,경기학교교육실태조사,중학교,C03,디지털 리터러시,S0302,디지털 기기 활용 교육,학생,"디지털 기기 활용 교육(구:디지털 리터러시 활용 교육) - 2)나는 학교에서 디지털 기기(PC, 테블릿 등)에서 필요한 정보를 읽고 선택하는 방법을 배운 적이 있다",likert,조건부,5173,0,3.5788,0.9841,4.0,3.0,4.0,,64.47,56.97,
ST_DIGI_EDU_03,2021,1주기,경기학교교육실태조사,중학교,C03,디지털 리터러시,S0302,디지털 기기 활용 교육,학생,"디지털 기기 활용 교육(구:디지털 리터러시 활용 교육) - 3)나는 학교에서 디지털 기기(PC, 테블릿 등)을 올바르게(도덕적으로) 사용하는 방법을 배운 적이 있다",likert,조건부,8884,0,3.7267,0.9671,4.0,3.0,4.0,,68.17,62.49,
ST_DIGI_EDU_03,2025,2주기,경기학교교육실태조사,중학교,C03,디지털 리터러시,S0302,디지털 기기 활용 교육,학생,"디지털 기기 활용 교육(구:디지털 리터러시 활용 교육) - 3)나는 학교에서 디지털 기기(PC, 테블릿 등)을 올바르게(도덕적으로) 사용하는 방법을 배운 적이 있다",likert,조건부,5173,0,3.7083,0.9497,4.0,3.0,4.0,,67.71,61.98,
ST_DIGI_EDU_04,2021,1주기,경기학교교육실태조사,중학교,C03,디지털 리터러시,S0302,디지털 기기 활용 교육,학생,"디지털 기기 활용 교육(구:디지털 리터러시 활용 교육) - 4)나는 학교에서 디지털 기기(PC, 테블릿 등)에서 제공하는 정보가 믿을 수 있는지 확인하는 방법을 배운 적이 있다",likert,조건부,8884,0,3.5813,1.0007,4.0,3.0,4.0,,64.53,54.6,
ST_DIGI_EDU_04,2025,2주기,경기학교교육실태조사,중학교,C03,디지털 리터러시,S0302,디지털 기기 활용 교육,학생,"디지털 기기 활용 교육(구:디지털 리터러시 활용 교육) - 4)나는 학교에서 디지털 기기(PC, 테블릿 등)에서 제공하는 정보가 믿을 수 있는지 확인하는 방법을 배운 적이 있다",likert,조건부,5173,0,3.6557,0.9619,4.0,3.0,4.0,,66.39,58.79,
PR_RELATION_01,2021,1주기,경기학교교육실태조사,중학교,C04,학교생활·관계,S0401,또래·교사 관계,학부모,학교생활(친구·선생님과의 관계) - 1)내 아이는 학교 친구들과 있는 것을 좋아한다,likert,Y,5948,0,4.059,0.8222,4.0,4.0,5.0,,76.48,77.64,
PR_RELATION_01,2025,2주기,경기학교교육실태조사,중학교,C04,학교생활·관계,S0401,또래·교사 관계,학부모,학교생활(친구·선생님과의 관계) - 1)내 아이는 학교 친구들과 있는 것을 좋아한다,likert,Y,1482,0,3.9953,0.8731,4.0,3.0,5.0,,74.88,73.68,
PR_RELATION_02,2021,1주기,경기학교교육실태조사,중학교,C04,학교생활·관계,S0401,또래·교사 관계,학부모,학교생활(친구·선생님과의 관계) - 2)학교 친구들이 내 아이에게 상처를 준 적이 있다,likert,Y,5948,0,2.2608,1.041,2.0,1.0,3.0,,31.52,15.59,
PR_RELATION_02,2025,2주기,경기학교교육실태조사,중학교,C04,학교생활·관계,S0401,또래·교사 관계,학부모,학교생활(친구·선생님과의 관계) - 2)학교 친구들이 내 아이에게 상처를 준 적이 있다,likert,Y,1482,0,2.6437,1.1344,3.0,2.0,4.0,,41.09,26.92,
PR_RELATION_03,2021,1주기,경기학교교육실태조사,중학교,C04,학교생활·관계,S0401,또래·교사 관계,학부모,학교생활(친구·선생님과의 관계) - 3)학교 친구들은 내 아이가 어려움에 처해있을 때 도와준다,likert,Y,5948,0,3.8248,0.7224,4.0,3.0,4.0,,70.62,71.22,
PR_RELATION_03,2025,2주기,경기학교교육실태조사,중학교,C04,학교생활·관계,S0401,또래·교사 관계,학부모,학교생활(친구·선생님과의 관계) - 3)학교 친구들은 내 아이가 어려움에 처해있을 때 도와준다,likert,Y,1482,0,3.7638,0.7679,4.0,3.0,4.0,,69.1,66.19,
PR_RELATION_04,2021,1주기,경기학교교육실태조사,중학교,C04,학교생활·관계,S0401,또래·교사 관계,학부모,학교생활(친구·선생님과의 관계) - 4)학교 선생님들은 내 아이를 이해하려고 노력하신다,likert,Y,5948,0,3.9578,0.7657,4.0,4.0,4.0,,73.95,75.64,
PR_RELATION_04,2025,2주기,경기학교교육실태조사,중학교,C04,학교생활·관계,S0401,또래·교사 관계,학부모,학교생활(친구·선생님과의 관계) - 4)학교 선생님들은 내 아이를 이해하려고 노력하신다,likert,Y,1482,0,3.9757,0.7687,4.0,3.0,5.0,,74.39,74.49,
PR_RELATION_05,2021,1주기,경기학교교육실태조사,중학교,C04,학교생활·관계,S0401,또래·교사 관계,학부모,학교생활(친구·선생님과의 관계) - 5)학교 선생님들은 내 아이에게 관심이 부족하다,likert,조건부,5948,0,1.9702,0.8625,2.0,1.0,2.0,,24.26,4.46,
PR_RELATION_05,2025,2주기,경기학교교육실태조사,중학교,C04,학교생활·관계,S0401,또래·교사 관계,학부모,학교생활(친구·선생님과의 관계) - 5)학교 선생님들은 내 아이에게 관심이 부족하다,likert,조건부,1482,0,2.1269,0.8372,2.0,2.0,3.0,,28.17,4.32,
PR_RELATION_06,2021,1주기,경기학교교육실태조사,중학교,C04,학교생활·관계,S0401,또래·교사 관계,학부모,학교생활(친구·선생님과의 관계) - 6)내 아이는 학교 선생님들에게 고민을 잘 털어놓는다,likert,Y,5948,0,2.8974,0.9597,3.0,2.0,3.0,,47.44,23.91,
PR_RELATION_06,2025,2주기,경기학교교육실태조사,중학교,C04,학교생활·관계,S0401,또래·교사 관계,학부모,학교생활(친구·선생님과의 관계) - 6)내 아이는 학교 선생님들에게 고민을 잘 털어놓는다,likert,Y,1482,0,2.9413,0.9289,3.0,2.0,3.0,,48.53,24.56,
ST_RELATION_01,2021,1주기,경기학교교육실태조사,중학교,C04,학교생활·관계,S0401,또래·교사 관계,학생,"친구, 선생님과의 관계 - 1)학교 친구들과 있을 때 마음이 편하다",likert,Y,8884,0,3.9357,0.937,4.0,3.0,5.0,,73.39,71.66,
ST_RELATION_01,2025,2주기,경기학교교육실태조사,중학교,C04,학교생활·관계,S0401,또래·교사 관계,학생,"친구, 선생님과의 관계 - 1)학교 친구들과 있을 때 마음이 편하다",likert,Y,5173,0,3.9323,0.9462,4.0,3.0,5.0,,73.31,70.89,
ST_RELATION_02,2021,1주기,경기학교교육실태조사,중학교,C04,학교생활·관계,S0401,또래·교사 관계,학생,"친구, 선생님과의 관계 - 2)학교 친구들이 나에게 상처를 준 적이 있다",likert,Y,8884,0,2.8836,1.1943,3.0,2.0,4.0,,47.09,34.34,
ST_RELATION_02,2025,2주기,경기학교교육실태조사,중학교,C04,학교생활·관계,S0401,또래·교사 관계,학생,"친구, 선생님과의 관계 - 2)학교 친구들이 나에게 상처를 준 적이 있다",likert,Y,5173,0,3.2376,1.1308,3.0,3.0,4.0,,55.94,44.21,
ST_RELATION_03,2021,1주기,경기학교교육실태조사,중학교,C04,학교생활·관계,S0401,또래·교사 관계,학생,"친구, 선생님과의 관계 - 3)학교에서 친구들로부터 존중 받는다",likert,Y,8884,0,3.7678,0.8897,4.0,3.0,4.0,,69.19,64.57,
ST_RELATION_03,2025,2주기,경기학교교육실태조사,중학교,C04,학교생활·관계,S0401,또래·교사 관계,학생,"친구, 선생님과의 관계 - 3)학교에서 친구들로부터 존중 받는다",likert,Y,5173,0,3.7903,0.9002,4.0,3.0,4.0,,69.76,64.18,
ST_RELATION_04,2021,1주기,경기학교교육실태조사,중학교,C04,학교생활·관계,S0401,또래·교사 관계,학생,"친구, 선생님과의 관계 - 4)학교 친구들은 내가 어려움에 처해있을 때 도와준다",likert,Y,8884,0,3.8485,0.8645,4.0,3.0,4.0,,71.21,69.02,
ST_RELATION_04,2025,2주기,경기학교교육실태조사,중학교,C04,학교생활·관계,S0401,또래·교사 관계,학생,"친구, 선생님과의 관계 - 4)학교 친구들은 내가 어려움에 처해있을 때 도와준다",likert,Y,5173,0,3.8245,0.918,4.0,3.0,4.0,,70.61,67.29,
ST_RELATION_05,2021,1주기,경기학교교육실태조사,중학교,C04,학교생활·관계,S0401,또래·교사 관계,학생,"친구, 선생님과의 관계 - 5)학교 선생님들은 나를 이해하려고 노력하신다",likert,Y,8884,0,3.8718,0.8758,4.0,3.0,4.0,,71.79,68.76,
ST_RELATION_05,2025,2주기,경기학교교육실태조사,중학교,C04,학교생활·관계,S0401,또래·교사 관계,학생,"친구, 선생님과의 관계 - 5)학교 선생님들은 나를 이해하려고 노력하신다",likert,Y,5173,0,3.8734,0.9236,4.0,3.0,5.0,,71.83,67.93,
ST_RELATION_06,2021,1주기,경기학교교육실태조사,중학교,C04,학교생활·관계,S0401,또래·교사 관계,학생,"친구, 선생님과의 관계 - 6)학교 선생님들은 나에게 무관심하다",likert,Y,8884,0,1.9633,0.9109,2.0,1.0,3.0,,24.08,4.72,
ST_RELATION_06,2025,2주기,경기학교교육실태조사,중학교,C04,학교생활·관계,S0401,또래·교사 관계,학생,"친구, 선생님과의 관계 - 6)학교 선생님들은 나에게 무관심하다",likert,Y,5173,0,2.2631,1.0859,2.0,1.0,3.0,,31.58,12.22,
ST_RELATION_07,2021,1주기,경기학교교육실태조사,중학교,C04,학교생활·관계,S0401,또래·교사 관계,학생,"친구, 선생님과의 관계 - 7)학교 선생님들에게 고민 상담을 한다",likert,Y,8884,0,2.5326,1.16,3.0,2.0,3.0,,38.32,20.06,
ST_RELATION_07,2025,2주기,경기학교교육실태조사,중학교,C04,학교생활·관계,S0401,또래·교사 관계,학생,"친구, 선생님과의 관계 - 7)학교 선생님들에게 고민 상담을 한다",likert,Y,5173,0,2.8803,1.1896,3.0,2.0,4.0,,47.01,29.56,
ST_RELATION_08,2021,1주기,경기학교교육실태조사,중학교,C04,학교생활·관계,S0401,또래·교사 관계,학생,"친구, 선생님과의 관계 - 8)학교 선생님은 나를 존중해 주신다",likert,Y,8884,0,3.9282,0.8488,4.0,3.0,5.0,,73.2,71.03,
ST_RELATION_08,2025,2주기,경기학교교육실태조사,중학교,C04,학교생활·관계,S0401,또래·교사 관계,학생,"친구, 선생님과의 관계 - 8)학교 선생님은 나를 존중해 주신다",likert,Y,5173,0,3.9453,0.8688,4.0,3.0,5.0,,73.63,71.66,
ST_CLASS_SC_01,2021,1주기,경기학교교육실태조사,중학교,C06,수업·평가 혁신,S0601,학생중심수업,학생,수업활동(학생중심수업/협동수업) - 4)선생님은 학생들이 스스로 문제를 해결할 수 있도록 도와준다,likert,Y,8884,0,3.6036,0.7848,4.0,3.0,4.0,,65.09,55.54,
ST_CLASS_SC_01,2025,2주기,경기학교교육실태조사,중학교,C06,수업·평가 혁신,S0601,학생중심수업,학생,수업활동(학생중심수업/협동수업) - 4)선생님은 학생들이 스스로 문제를 해결할 수 있도록 도와준다,likert,Y,5173,0,3.728,0.9224,4.0,3.0,4.0,,68.2,61.38,
ST_CLASS_SC_02,2021,1주기,경기학교교육실태조사,중학교,C06,수업·평가 혁신,S0601,학생중심수업,학생,수업활동(학생중심수업/협동수업) - 5)선생님은 학생들이 스스로 자신의 학습목표를 설정할 수 있도록 도와준다,likert,조건부,8884,0,3.5009,0.8297,3.0,3.0,4.0,,62.52,49.0,
ST_CLASS_SC_02,2025,2주기,경기학교교육실태조사,중학교,C06,수업·평가 혁신,S0601,학생중심수업,학생,수업활동(학생중심수업/협동수업) - 5)선생님은 학생들이 스스로 자신의 학습목표를 설정할 수 있도록 도와준다,likert,조건부,5173,0,3.5853,0.9699,4.0,3.0,4.0,,64.63,52.7,
TR_CURRIC_01,2021,1주기,경기학교교육실태조사,중학교,C06,수업·평가 혁신,S0601,학생중심수업,교사,교육과정설계·수업활동·평가(구:학습자중심 수업운영) - 1)교과 교육과정이나 교과 운영계획을 세울 때 학생과 학부모의 의견을 수렴한다,likert,조건부,5189,0,3.6992,0.8723,4.0,3.0,4.0,,67.48,61.4,
TR_CURRIC_01,2025,2주기,경기학교교육실태조사,중학교,C06,수업·평가 혁신,S0601,학생중심수업,교사,교육과정설계·수업활동·평가(구:학습자중심 수업운영) - 1)교과 교육과정이나 교과 운영계획을 세울 때 학생과 학부모의 의견을 수렴한다,likert,조건부,2800,0,3.5236,0.8642,4.0,3.0,4.0,,63.09,53.21,
TR_CURRIC_02,2021,1주기,경기학교교육실태조사,중학교,C06,수업·평가 혁신,S0601,학생중심수업,교사,교육과정설계·수업활동·평가(구:학습자중심 수업운영) - 2)학생의 흥미를 고려하여 교육과정을 재구성하려고 노력한다,likert,조건부,5189,0,4.2904,0.6579,4.0,4.0,5.0,,82.26,90.6,
TR_CURRIC_02,2025,2주기,경기학교교육실태조사,중학교,C06,수업·평가 혁신,S0601,학생중심수업,교사,교육과정설계·수업활동·평가(구:학습자중심 수업운영) - 2)학생의 흥미를 고려하여 교육과정을 재구성하려고 노력한다,likert,조건부,2800,0,4.2339,0.6809,4.0,4.0,5.0,,80.85,88.71,
TR_CURRIC_03,2021,1주기,경기학교교육실태조사,중학교,C06,수업·평가 혁신,S0601,학생중심수업,교사,"교육과정설계·수업활동·평가(구:학습자중심 수업운영) - 5)토론수업, 협력수업, 프로젝트 수업 등 학생 참여 수업을 한다",likert,Y,5189,0,3.7448,0.9089,4.0,3.0,4.0,,68.62,63.71,
TR_CURRIC_03,2025,2주기,경기학교교육실태조사,중학교,C06,수업·평가 혁신,S0601,학생중심수업,교사,"교육과정설계·수업활동·평가(구:학습자중심 수업운영) - 5)토론수업, 협력수업, 프로젝트 수업 등 학생 참여 수업을 한다",likert,Y,2800,0,3.8629,0.8611,4.0,3.0,4.0,,71.57,68.0,
ST_CLASS_01,2021,1주기,경기학교교육실태조사,중학교,C06,수업·평가 혁신,S0602A,수업태도·참여,학생,수업(수업참여/교사수업진행/수업중평가) - 1)나는 수업시간에 집중한다,likert,Y,8884,0,3.6112,0.9118,4.0,3.0,4.0,,65.28,56.28,
ST_CLASS_01,2025,2주기,경기학교교육실태조사,중학교,C06,수업·평가 혁신,S0602A,수업태도·참여,학생,수업(수업참여/교사수업진행/수업중평가) - 1)나는 수업시간에 집중한다,likert,Y,5173,0,3.6855,0.9595,4.0,3.0,4.0,,67.14,59.87,
ST_CLASS_02,2021,1주기,경기학교교육실태조사,중학교,C06,수업·평가 혁신,S0602A,수업태도·참여,학생,수업(수업참여/교사수업진행/수업중평가) - 2)나는 수업시간에 적극적으로 참여한다,likert,Y,8884,0,3.4498,0.9567,3.0,3.0,4.0,,61.24,46.2,
ST_CLASS_02,2025,2주기,경기학교교육실태조사,중학교,C06,수업·평가 혁신,S0602A,수업태도·참여,학생,수업(수업참여/교사수업진행/수업중평가) - 2)나는 수업시간에 적극적으로 참여한다,likert,Y,5173,0,3.4839,0.9815,3.0,3.0,4.0,,62.1,47.55,
ST_CLASS_03,2021,1주기,경기학교교육실태조사,중학교,C06,수업·평가 혁신,S0602A,수업태도·참여,학생,수업(수업참여/교사수업진행/수업중평가) - 3)나는 수업시간에 흥미를 가지고 참여한다,likert,Y,8884,0,3.3775,0.9835,3.0,3.0,4.0,,59.44,44.01,
ST_CLASS_03,2025,2주기,경기학교교육실태조사,중학교,C06,수업·평가 혁신,S0602A,수업태도·참여,학생,수업(수업참여/교사수업진행/수업중평가) - 3)나는 수업시간에 흥미를 가지고 참여한다,likert,Y,5173,0,3.4032,1.0211,3.0,3.0,4.0,,60.08,45.37,
ST_CLASS_04,2021,1주기,경기학교교육실태조사,중학교,C06,수업·평가 혁신,S0602B,교사 수업 진행,학생,수업(수업참여/교사수업진행/수업중평가) - 1)선생님은 사전에 수업 준비를 철저히 하시는 편이다,likert,Y,8884,0,3.804,0.8428,4.0,3.0,4.0,,70.1,66.2,
ST_CLASS_04,2025,2주기,경기학교교육실태조사,중학교,C06,수업·평가 혁신,S0602B,교사 수업 진행,학생,수업(수업참여/교사수업진행/수업중평가) - 1)선생님은 사전에 수업 준비를 철저히 하시는 편이다,likert,Y,5173,0,3.8635,0.8873,4.0,3.0,4.0,,71.59,68.55,
ST_CLASS_05,2021,1주기,경기학교교육실태조사,중학교,C06,수업·평가 혁신,S0602B,교사 수업 진행,학생,수업(수업참여/교사수업진행/수업중평가) - 2)선생님은 흥미롭게 수업을 진행하신다,likert,Y,8884,0,3.5834,0.9087,4.0,3.0,4.0,,64.59,53.6,
ST_CLASS_05,2025,2주기,경기학교교육실태조사,중학교,C06,수업·평가 혁신,S0602B,교사 수업 진행,학생,수업(수업참여/교사수업진행/수업중평가) - 2)선생님은 흥미롭게 수업을 진행하신다,likert,Y,5173,0,3.6147,0.9925,4.0,3.0,4.0,,65.37,55.62,
ST_CLASS_06,2021,1주기,경기학교교육실태조사,중학교,C06,수업·평가 혁신,S0602B,교사 수업 진행,학생,수업(수업참여/교사수업진행/수업중평가) - 3)선생님은 학생들의 수준에 맞게 가르치신다,likert,Y,8884,0,3.7331,0.8408,4.0,3.0,4.0,,68.33,62.44,
ST_CLASS_06,2025,2주기,경기학교교육실태조사,중학교,C06,수업·평가 혁신,S0602B,교사 수업 진행,학생,수업(수업참여/교사수업진행/수업중평가) - 3)선생님은 학생들의 수준에 맞게 가르치신다,likert,Y,5173,0,3.8011,0.9057,4.0,3.0,4.0,,70.03,65.13,
ST_ASSESS_02,2021,1주기,경기학교교육실태조사,중학교,C06,수업·평가 혁신,S0603,수행평가,학생,(수행)평가 - 1)평가는 실력향상에 도움이 된다,likert,조건부,8884,0,3.2042,1.0012,3.0,3.0,4.0,,55.1,39.46,
ST_ASSESS_02,2025,2주기,경기학교교육실태조사,중학교,C06,수업·평가 혁신,S0603,수행평가,학생,(수행)평가 - 1)평가는 실력향상에 도움이 된다,likert,조건부,5173,0,3.4315,1.0543,4.0,3.0,4.0,,60.79,50.72,
ST_ASSESS_03,2021,1주기,경기학교교육실태조사,중학교,C06,수업·평가 혁신,S0603,수행평가,학생,(수행)평가 - 2)평가는 수업에 흥미를 가질 수 있도록 해준다,likert,조건부,8884,0,2.7084,1.0806,3.0,2.0,3.0,,42.71,21.67,
ST_ASSESS_03,2025,2주기,경기학교교육실태조사,중학교,C06,수업·평가 혁신,S0603,수행평가,학생,(수행)평가 - 2)평가는 수업에 흥미를 가질 수 있도록 해준다,likert,조건부,5173,0,2.9416,1.1372,3.0,2.0,4.0,,48.54,31.12,
ST_ASSESS_04,2021,1주기,경기학교교육실태조사,중학교,C06,수업·평가 혁신,S0603,수행평가,학생,(수행)평가 - 3)평가 결과는 대체적으로 공정하다,likert,조건부,8884,0,3.5355,0.9554,4.0,3.0,4.0,,63.39,52.67,
ST_ASSESS_04,2025,2주기,경기학교교육실태조사,중학교,C06,수업·평가 혁신,S0603,수행평가,학생,(수행)평가 - 3)평가 결과는 대체적으로 공정하다,likert,조건부,5173,0,3.5198,1.0069,4.0,3.0,4.0,,63.0,53.57,
TR_CURRIC_08,2021,1주기,경기학교교육실태조사,중학교,C06,수업·평가 혁신,S0603,수행평가,교사,교육과정·수업·평가 일체화 - 10)평가 결과를 교육과정운영계획 수립과 수업개선에 활용한다,likert,Y,5189,0,4.2012,0.6416,4.0,4.0,5.0,,80.03,89.81,
TR_CURRIC_08,2025,2주기,경기학교교육실태조사,중학교,C06,수업·평가 혁신,S0603,수행평가,교사,교육과정·수업·평가 일체화 - 10)평가 결과를 교육과정운영계획 수립과 수업개선에 활용한다,likert,Y,2800,0,4.0996,0.6963,4.0,4.0,5.0,,77.49,84.14,
TR_CURRIC_09,2021,1주기,경기학교교육실태조사,중학교,C06,수업·평가 혁신,S0603,수행평가,교사,"교육과정·수업·평가 일체화 - 8)논술형 평가, 토론, 보고서, 현장조사, 포트폴리오 등 다양한 평가방법을 사용한다",likert,조건부,5189,0,4.1345,0.7443,4.0,4.0,5.0,,78.36,82.58,
TR_CURRIC_09,2025,2주기,경기학교교육실태조사,중학교,C06,수업·평가 혁신,S0603,수행평가,교사,"교육과정·수업·평가 일체화 - 8)논술형 평가, 토론, 보고서, 현장조사, 포트폴리오 등 다양한 평가방법을 사용한다",likert,조건부,2800,0,3.9971,0.8453,4.0,3.0,5.0,,74.93,74.75,
TR_CURRIC_11,2021,1주기,경기학교교육실태조사,중학교,C06,수업·평가 혁신,S0603,수행평가,교사,"교육과정·수업·평가 일체화 - 9)학생의 성장, 발달을 평가하여 그 결과를 학생의 계속적인 성장을 돕는 자료로 활용한다",likert,Y,5189,0,4.1852,0.6998,4.0,4.0,5.0,,79.63,86.14,
TR_CURRIC_11,2025,2주기,경기학교교육실태조사,중학교,C06,수업·평가 혁신,S0603,수행평가,교사,"교육과정·수업·평가 일체화 - 9)학생의 성장, 발달을 평가하여 그 결과를 학생의 계속적인 성장을 돕는 자료로 활용한다",likert,Y,2800,0,3.9982,0.7596,4.0,4.0,5.0,,74.96,76.36,
ST_CLASS_07,2021,1주기,경기학교교육실태조사,중학교,C06,수업·평가 혁신,S0603A,수업 중 평가(학생),학생,"수업(수업참여/교사수업진행/수업중평가) - 1)선생님은 다양한 형태(논술형 평가, 토론, 보고서, 현장조사, 포트폴리오 등)로 평가를 하신다",likert,조건부,8884,0,3.9726,0.8806,4.0,3.0,5.0,,74.32,72.57,
ST_CLASS_07,2025,2주기,경기학교교육실태조사,중학교,C06,수업·평가 혁신,S0603A,수업 중 평가(학생),학생,"수업(수업참여/교사수업진행/수업중평가) - 1)선생님은 다양한 형태(논술형 평가, 토론, 보고서, 현장조사, 포트폴리오 등)로 평가를 하신다",likert,조건부,5173,0,3.8347,0.9145,4.0,3.0,4.0,,70.87,68.34,
ST_CLASS_08,2021,1주기,경기학교교육실태조사,중학교,C06,수업·평가 혁신,S0603A,수업 중 평가(학생),학생,수업(수업참여/교사수업진행/수업중평가) - 2)선생님은 평가 결과를 바탕으로 나의 강점과 보완할 점을 알려주신다,likert,Y,8884,0,3.1489,1.0032,3.0,3.0,4.0,,53.72,34.31,
ST_CLASS_08,2025,2주기,경기학교교육실태조사,중학교,C06,수업·평가 혁신,S0603A,수업 중 평가(학생),학생,수업(수업참여/교사수업진행/수업중평가) - 2)선생님은 평가 결과를 바탕으로 나의 강점과 보완할 점을 알려주신다,likert,Y,5173,0,3.2826,1.0283,3.0,3.0,4.0,,57.07,41.7,
ST_CLASS_09,2021,1주기,경기학교교육실태조사,중학교,C06,수업·평가 혁신,S0603A,수업 중 평가(학생),학생,수업(수업참여/교사수업진행/수업중평가) - 3)선생님은 학생이 자신의 학습 과정을 점검하고 개선하는 기회를 제공하신다,likert,N,8884,0,3.3793,0.9243,3.0,3.0,4.0,,59.48,42.35,
ST_CLASS_09,2025,2주기,경기학교교육실태조사,중학교,C06,수업·평가 혁신,S0603A,수업 중 평가(학생),학생,수업(수업참여/교사수업진행/수업중평가) - 3)선생님은 학생이 자신의 학습 과정을 점검하고 개선하는 기회를 제공하신다,likert,N,5173,0,3.4444,0.9599,3.0,3.0,4.0,,61.11,47.54,
PR_EDU_COST_01,2021,1주기,경기학교교육실태조사,중학교,C07,교육격차·가정배경,S0701,교육비·사교육비,학부모,"교육비 및 사교육 - 1)학교에 낸 돈(체험활동비, 방과 후 학교 수강료 포함)",continuous,Y,5948,0,0.7814,4.7185,0.0,0.0,0.0,0.4897,,,
PR_EDU_COST_01,2025,2주기,경기학교교육실태조사,중학교,C07,교육격차·가정배경,S0701,교육비·사교육비,학부모,"교육비 및 사교육 - 1)학교에 낸 돈(체험활동비, 방과 후 학교 수강료 포함)",continuous,Y,764,718,5.3988,8.7139,3.0,1.0,5.0,5.0719,,,
PR_EDU_COST_02,2021,1주기,경기학교교육실태조사,중학교,C07,교육격차·가정배경,S0701,교육비·사교육비,학부모,"교육비 및 사교육 - 2)사교육비_국어, 영어, 수학 등 주요교과",continuous,Y,5948,0,47.2656,39.8498,45.0,20.0,70.0,45.5553,,,
PR_EDU_COST_02,2025,2주기,경기학교교육실태조사,중학교,C07,교육격차·가정배경,S0701,교육비·사교육비,학부모,"교육비 및 사교육 - 2)사교육비_국어, 영어, 수학 등 주요교과",continuous,Y,1250,232,80.1616,109.3003,60.0,40.0,90.0,71.0251,,,
PR_EDU_COST_03,2021,1주기,경기학교교육실태조사,중학교,C07,교육격차·가정배경,S0701,교육비·사교육비,학부모,교육비 및 사교육 - 3)사교육비_영어를 제외한 외국어,continuous,Y,5948,0,1.9539,11.4776,0.0,0.0,0.0,1.2844,,,
PR_EDU_COST_03,2025,2주기,경기학교교육실태조사,중학교,C07,교육격차·가정배경,S0701,교육비·사교육비,학부모,교육비 및 사교육 - 3)사교육비_영어를 제외한 외국어,continuous,Y,256,1226,7.832,17.1916,1.0,1.0,5.0,6.6996,,,
PR_EDU_COST_04,2021,1주기,경기학교교육실태조사,중학교,C07,교육격차·가정배경,S0701,교육비·사교육비,학부모,교육비 및 사교육 - 4)사교육비_예체능,continuous,Y,5948,0,6.3025,21.7506,0.0,0.0,0.0,4.9758,,,
PR_EDU_COST_04,2025,2주기,경기학교교육실태조사,중학교,C07,교육격차·가정배경,S0701,교육비·사교육비,학부모,교육비 및 사교육 - 4)사교육비_예체능,continuous,Y,563,919,29.4938,73.0123,15.0,5.0,28.0,23.9158,,,
PR_EDU_COST_05,2021,1주기,경기학교교육실태조사,중학교,C07,교육격차·가정배경,S0701,교육비·사교육비,학부모,교육비 및 사교육 - 5)사교육비_기타,continuous,Y,5948,0,3.4165,14.5085,0.0,0.0,0.0,2.4228,,,
PR_EDU_COST_05,2025,2주기,경기학교교육실태조사,중학교,C07,교육격차·가정배경,S0701,교육비·사교육비,학부모,교육비 및 사교육 - 5)사교육비_기타,continuous,Y,311,1171,11.9887,24.1056,3.0,1.0,15.0,9.8648,,,
ST_PRIVED_TYPE_01,2021,1주기,경기학교교육실태조사,중학교,C07,교육격차·가정배경,S0702,사교육 참여,학생,"사교육 참여 유형 - 1)국어, 영어, 수학 등 주요교과",binary,Y,8884,0,0.7652,0.4239,1.0,1.0,1.0,,,,76.52
ST_PRIVED_TYPE_01,2025,2주기,경기학교교육실태조사,중학교,C07,교육격차·가정배경,S0702,사교육 참여,학생,"사교육 참여 유형 - 1)국어, 영어, 수학 등 주요교과",binary,Y,5173,0,0.7572,0.4288,1.0,1.0,1.0,,,,75.72
ST_PRIVED_TYPE_02,2021,1주기,경기학교교육실태조사,중학교,C07,교육격차·가정배경,S0702,사교육 참여,학생,사교육 참여 유형 - 2)영어를 제외한 외국어,binary,Y,8884,0,0.0595,0.2367,0.0,0.0,0.0,,,,5.95
ST_PRIVED_TYPE_02,2025,2주기,경기학교교육실태조사,중학교,C07,교육격차·가정배경,S0702,사교육 참여,학생,사교육 참여 유형 - 2)영어를 제외한 외국어,binary,Y,5173,0,0.0406,0.1974,0.0,0.0,0.0,,,,4.06
ST_PRIVED_TYPE_03,2021,1주기,경기학교교육실태조사,중학교,C07,교육격차·가정배경,S0702,사교육 참여,학생,사교육 참여 유형 - 3)예체능,binary,Y,8884,0,0.1862,0.3893,0.0,0.0,0.0,,,,18.62
ST_PRIVED_TYPE_03,2025,2주기,경기학교교육실태조사,중학교,C07,교육격차·가정배경,S0702,사교육 참여,학생,사교육 참여 유형 - 3)예체능,binary,Y,5173,0,0.167,0.373,0.0,0.0,0.0,,,,16.7
PR_TALK_01,2021,1주기,경기학교교육실태조사,중학교,C07,교육격차·가정배경,S0703,가정 내 대화,학부모,자녀와 대화 시간 및 주제 - 자녀와 대화 시간,likert,Y,5948,0,4.1086,1.4187,4.0,3.0,6.0,,62.17,39.53,
PR_TALK_01,2025,2주기,경기학교교육실태조사,중학교,C07,교육격차·가정배경,S0703,가정 내 대화,학부모,자녀와 대화 시간 및 주제 - 자녀와 대화 시간,likert,Y,1482,0,4.3435,1.3799,4.0,3.0,6.0,,66.87,45.61,
PR_TALK_02,2021,1주기,경기학교교육실태조사,중학교,C07,교육격차·가정배경,S0703,가정 내 대화,학부모,자녀와 대화 시간 및 주제 - 1)공부,binary,Y,4413,1535,1.0,0.0,1.0,1.0,1.0,,,,100.0
PR_TALK_02,2025,2주기,경기학교교육실태조사,중학교,C07,교육격차·가정배경,S0703,가정 내 대화,학부모,자녀와 대화 시간 및 주제 - 1)공부,binary,Y,1482,0,0.6215,0.4852,1.0,0.0,1.0,,,,62.15
PR_TALK_03,2021,1주기,경기학교교육실태조사,중학교,C07,교육격차·가정배경,S0703,가정 내 대화,학부모,자녀와 대화 시간 및 주제 - 2)용돈,binary,Y,1875,4073,1.0,0.0,1.0,1.0,1.0,,,,100.0
PR_TALK_03,2025,2주기,경기학교교육실태조사,중학교,C07,교육격차·가정배경,S0703,가정 내 대화,학부모,자녀와 대화 시간 및 주제 - 2)용돈,binary,Y,1482,0,0.2476,0.4318,0.0,0.0,0.0,,,,24.76
PR_TALK_04,2021,1주기,경기학교교육실태조사,중학교,C07,교육격차·가정배경,S0703,가정 내 대화,학부모,자녀와 대화 시간 및 주제 - 3)건강,binary,Y,3290,2658,1.0,0.0,1.0,1.0,1.0,,,,100.0
PR_TALK_04,2025,2주기,경기학교교육실태조사,중학교,C07,교육격차·가정배경,S0703,가정 내 대화,학부모,자녀와 대화 시간 및 주제 - 3)건강,binary,Y,1482,0,0.3313,0.4708,0.0,0.0,1.0,,,,33.13
PR_TALK_05,2021,1주기,경기학교교육실태조사,중학교,C07,교육격차·가정배경,S0703,가정 내 대화,학부모,자녀와 대화 시간 및 주제 - 4)진로,binary,Y,4470,1478,1.0,0.0,1.0,1.0,1.0,,,,100.0
PR_TALK_05,2025,2주기,경기학교교육실태조사,중학교,C07,교육격차·가정배경,S0703,가정 내 대화,학부모,자녀와 대화 시간 및 주제 - 4)진로,binary,Y,1482,0,0.5655,0.4959,1.0,0.0,1.0,,,,56.55
PR_TALK_06,2021,1주기,경기학교교육실태조사,중학교,C07,교육격차·가정배경,S0703,가정 내 대화,학부모,자녀와 대화 시간 및 주제 - 5)학교생활,binary,N,4677,1271,1.0,0.0,1.0,1.0,1.0,,,,100.0
PR_TALK_06,2025,2주기,경기학교교육실태조사,중학교,C07,교육격차·가정배경,S0703,가정 내 대화,학부모,자녀와 대화 시간 및 주제 - 5)학교생활,binary,N,369,1113,0.0,0.0,0.0,0.0,0.0,,,,0.0
PR_TALK_07,2021,1주기,경기학교교육실태조사,중학교,C07,교육격차·가정배경,S0703,가정 내 대화,학부모,자녀와 대화 시간 및 주제 - 6)친구관계,binary,N,4628,1320,1.0,0.0,1.0,1.0,1.0,,,,100.0
PR_TALK_07,2025,2주기,경기학교교육실태조사,중학교,C07,교육격차·가정배경,S0703,가정 내 대화,학부모,자녀와 대화 시간 및 주제 - 6)친구관계,binary,N,521,961,0.0,0.0,0.0,0.0,0.0,,,,0.0
ST_CULTURE_01,2021,1주기,경기학교교육실태조사,중학교,C07,교육격차·가정배경,S0704,문화활동 경험,학생,가족/친구 동반 문화 활동 - 가족_1)과학관이나 박람회 관람,likert,Y,8884,0,1.4396,0.783,1.0,1.0,2.0,,14.65,9.42,
ST_CULTURE_01,2025,2주기,경기학교교육실태조사,중학교,C07,교육격차·가정배경,S0704,문화활동 경험,학생,가족/친구 동반 문화 활동 - 가족_1)과학관이나 박람회 관람,likert,Y,4118,1055,1.4961,0.7669,1.0,1.0,2.0,,16.54,9.23,
ST_CULTURE_02,2021,1주기,경기학교교육실태조사,중학교,C07,교육격차·가정배경,S0704,문화활동 경험,학생,가족/친구 동반 문화 활동 - 가족_2)미술관이나 박물관 관람,likert,Y,8884,0,1.5223,0.8349,1.0,1.0,2.0,,17.41,11.68,
ST_CULTURE_02,2025,2주기,경기학교교육실태조사,중학교,C07,교육격차·가정배경,S0704,문화활동 경험,학생,가족/친구 동반 문화 활동 - 가족_2)미술관이나 박물관 관람,likert,Y,4118,1055,1.6224,0.8086,1.0,1.0,2.0,,20.75,11.85,
ST_CULTURE_03,2021,1주기,경기학교교육실태조사,중학교,C07,교육격차·가정배경,S0704,문화활동 경험,학생,가족/친구 동반 문화 활동 - 가족_3)공연이나 음악회 관람,likert,Y,8884,0,1.5427,0.8382,1.0,1.0,2.0,,18.09,12.13,
ST_CULTURE_03,2025,2주기,경기학교교육실태조사,중학교,C07,교육격차·가정배경,S0704,문화활동 경험,학생,가족/친구 동반 문화 활동 - 가족_3)공연이나 음악회 관람,likert,Y,4118,1055,1.7256,0.8282,2.0,1.0,2.0,,24.19,14.28,
ST_CULTURE_04,2021,1주기,경기학교교육실태조사,중학교,C07,교육격차·가정배경,S0704,문화활동 경험,학생,가족/친구 동반 문화 활동 - 가족_4)서점이나 도서관 방문,likert,조건부,8884,0,1.9645,1.0515,2.0,1.0,3.0,,32.15,27.34,
ST_CULTURE_04,2025,2주기,경기학교교육실태조사,중학교,C07,교육격차·가정배경,S0704,문화활동 경험,학생,가족/친구 동반 문화 활동 - 가족_4)서점이나 도서관 방문,likert,조건부,4118,1055,2.5029,1.1162,2.0,2.0,4.0,,50.1,45.87,
ST_CULTURE_05,2021,1주기,경기학교교육실태조사,중학교,C07,교육격차·가정배경,S0704,문화활동 경험,학생,가족/친구 동반 문화 활동 - 가족_5)기타,likert,Y,8884,0,2.0343,1.1626,2.0,1.0,3.0,,34.48,30.79,
ST_CULTURE_05,2025,2주기,경기학교교육실태조사,중학교,C07,교육격차·가정배경,S0704,문화활동 경험,학생,가족/친구 동반 문화 활동 - 가족_5)기타,likert,Y,4118,1055,1.7171,1.1024,1.0,1.0,2.0,,23.9,21.76,
ST_CULTURE_06,2021,1주기,경기학교교육실태조사,중학교,C07,교육격차·가정배경,S0704,문화활동 경험,학생,가족/친구 동반 문화 활동 - 친구_1)과학관이나 박람회 관람,likert,Y,8884,0,1.2125,0.5516,1.0,1.0,1.0,,7.08,4.03,
ST_CULTURE_06,2025,2주기,경기학교교육실태조사,중학교,C07,교육격차·가정배경,S0704,문화활동 경험,학생,가족/친구 동반 문화 활동 - 친구_1)과학관이나 박람회 관람,likert,Y,4118,1055,1.255,0.5857,1.0,1.0,1.0,,8.5,4.2,
ST_CULTURE_07,2021,1주기,경기학교교육실태조사,중학교,C07,교육격차·가정배경,S0704,문화활동 경험,학생,가족/친구 동반 문화 활동 - 친구_2)미술관이나 박물관 관람,likert,Y,8884,0,1.2578,0.5905,1.0,1.0,1.0,,8.59,4.63,
ST_CULTURE_07,2025,2주기,경기학교교육실태조사,중학교,C07,교육격차·가정배경,S0704,문화활동 경험,학생,가족/친구 동반 문화 활동 - 친구_2)미술관이나 박물관 관람,likert,Y,4118,1055,1.3167,0.6344,1.0,1.0,1.0,,10.56,5.12,
ST_CULTURE_08,2021,1주기,경기학교교육실태조사,중학교,C07,교육격차·가정배경,S0704,문화활동 경험,학생,가족/친구 동반 문화 활동 - 친구_3)공연이나 음악회 관람,likert,Y,8884,0,1.4141,0.7261,1.0,1.0,2.0,,13.8,8.73,
ST_CULTURE_08,2025,2주기,경기학교교육실태조사,중학교,C07,교육격차·가정배경,S0704,문화활동 경험,학생,가족/친구 동반 문화 활동 - 친구_3)공연이나 음악회 관람,likert,Y,4118,1055,1.5918,0.7797,1.0,1.0,2.0,,19.73,10.88,
ST_CULTURE_09,2021,1주기,경기학교교육실태조사,중학교,C07,교육격차·가정배경,S0704,문화활동 경험,학생,가족/친구 동반 문화 활동 - 친구_4)서점이나 도서관 방문,likert,조건부,8884,0,1.7653,0.9568,1.0,1.0,2.0,,25.51,20.51,
ST_CULTURE_09,2025,2주기,경기학교교육실태조사,중학교,C07,교육격차·가정배경,S0704,문화활동 경험,학생,가족/친구 동반 문화 활동 - 친구_4)서점이나 도서관 방문,likert,조건부,4118,1055,2.2989,1.1319,2.0,1.0,3.0,,43.3,38.39,
ST_CULTURE_10,2021,1주기,경기학교교육실태조사,중학교,C07,교육격차·가정배경,S0704,문화활동 경험,학생,가족/친구 동반 문화 활동 - 친구_5)기타,likert,Y,8884,0,1.9967,1.2016,1.0,1.0,3.0,,33.22,30.46,
ST_CULTURE_10,2025,2주기,경기학교교육실태조사,중학교,C07,교육격차·가정배경,S0704,문화활동 경험,학생,가족/친구 동반 문화 활동 - 친구_5)기타,likert,Y,4118,1055,1.6889,1.1295,1.0,1.0,2.0,,22.96,21.64,
ST_STU_GOV_01,2021,1주기,경기학교교육실태조사,중학교,C08,참여·자치,S0801,학생자치,학생,학생자치 활성화 - 1)학생 의견 수렴,likert,Y,8884,0,3.4831,0.9674,3.0,3.0,4.0,,62.08,49.86,
ST_STU_GOV_01,2025,2주기,경기학교교육실태조사,중학교,C08,참여·자치,S0801,학생자치,학생,학생자치 활성화 - 1)학생 의견 수렴,likert,Y,5173,0,3.4866,1.0439,4.0,3.0,4.0,,62.16,50.49,
ST_STU_GOV_02,2021,1주기,경기학교교육실태조사,중학교,C08,참여·자치,S0801,학생자치,학생,학생자치 활성화 - 2)학생 의견 전달,likert,Y,8884,0,3.4644,0.9564,3.0,3.0,4.0,,61.61,47.84,
ST_STU_GOV_02,2025,2주기,경기학교교육실태조사,중학교,C08,참여·자치,S0801,학생자치,학생,학생자치 활성화 - 2)학생 의견 전달,likert,Y,5173,0,3.4821,1.0483,3.0,3.0,4.0,,62.05,49.49,
ST_STU_GOV_03,2021,1주기,경기학교교육실태조사,중학교,C08,참여·자치,S0801,학생자치,학생,학생자치 활성화 - 3)의견 실현 결과 공유,likert,조건부,8884,0,3.2342,0.9986,3.0,3.0,4.0,,55.86,36.21,
ST_STU_GOV_03,2025,2주기,경기학교교육실태조사,중학교,C08,참여·자치,S0801,학생자치,학생,학생자치 활성화 - 3)의견 실현 결과 공유,likert,조건부,5173,0,3.3325,1.1067,3.0,3.0,4.0,,58.31,43.4,
ST_STU_GOV_04,2021,1주기,경기학교교육실태조사,중학교,C08,참여·자치,S0801,학생자치,학생,학생자치 활성화 - 4)학교행사 기획·안내,likert,Y,8884,0,3.5116,0.9573,3.5,3.0,4.0,,62.79,50.0,
ST_STU_GOV_04,2025,2주기,경기학교교육실태조사,중학교,C08,참여·자치,S0801,학생자치,학생,학생자치 활성화 - 4)학교행사 기획·안내,likert,Y,5173,0,3.624,1.0009,4.0,3.0,4.0,,65.6,55.87,
TR_COUNCIL_01,2021,1주기,경기학교교육실태조사,중학교,C08,참여·자치,S0801,학생자치,교사,학교 자치회 활성화 - 1)학교운영위원회,likert,Y,5189,0,4.3914,0.7019,5.0,4.0,5.0,,84.79,89.44,
TR_COUNCIL_01,2025,2주기,경기학교교육실태조사,중학교,C08,참여·자치,S0801,학생자치,교사,학교 자치회 활성화 - 1)학교운영위원회,likert,Y,2800,0,4.05,0.807,4.0,4.0,5.0,,76.25,77.46,
TR_COUNCIL_02,2021,1주기,경기학교교육실태조사,중학교,C08,참여·자치,S0801,학생자치,교사,학교 자치회 활성화 - 2)학년 협의회,likert,Y,5189,0,4.4421,0.6961,5.0,4.0,5.0,,86.05,90.56,
TR_COUNCIL_02,2025,2주기,경기학교교육실태조사,중학교,C08,참여·자치,S0801,학생자치,교사,학교 자치회 활성화 - 2)학년 협의회,likert,Y,2800,0,4.2639,0.8103,4.0,4.0,5.0,,81.6,84.32,
TR_COUNCIL_03,2021,1주기,경기학교교육실태조사,중학교,C08,참여·자치,S0801,학생자치,교사,학교 자치회 활성화 - 3)교과 협의회,likert,Y,5189,0,4.4203,0.7019,5.0,4.0,5.0,,85.51,90.27,
TR_COUNCIL_03,2025,2주기,경기학교교육실태조사,중학교,C08,참여·자치,S0801,학생자치,교사,학교 자치회 활성화 - 3)교과 협의회,likert,Y,2800,0,4.1811,0.8229,4.0,4.0,5.0,,79.53,81.75,
TR_COUNCIL_04,2021,1주기,경기학교교육실태조사,중학교,C08,참여·자치,S0801,학생자치,교사,학교 자치회 활성화 - 4)교직원 협의회,likert,Y,5189,0,4.4363,0.7055,5.0,4.0,5.0,,85.91,90.33,
TR_COUNCIL_04,2025,2주기,경기학교교육실태조사,중학교,C08,참여·자치,S0801,학생자치,교사,학교 자치회 활성화 - 4)교직원 협의회,likert,Y,2800,0,4.1518,0.8407,4.0,4.0,5.0,,78.79,80.68,
TR_COUNCIL_05,2021,1주기,경기학교교육실태조사,중학교,C08,참여·자치,S0801,학생자치,교사,학교 자치회 활성화 - 5)교사 동호회,likert,Y,5189,0,3.2976,1.3098,3.0,2.0,4.0,,57.44,47.02,
TR_COUNCIL_05,2025,2주기,경기학교교육실태조사,중학교,C08,참여·자치,S0801,학생자치,교사,학교 자치회 활성화 - 5)교사 동호회,likert,Y,2800,0,3.3636,1.1825,3.0,3.0,4.0,,59.09,48.36,
TR_COUNCIL_06,2021,1주기,경기학교교육실태조사,중학교,C08,참여·자치,S0801,학생자치,교사,학교 자치회 활성화 - 6)학생자치회,likert,Y,5189,0,4.2802,0.7701,4.0,4.0,5.0,,82.01,84.76,
TR_COUNCIL_06,2025,2주기,경기학교교육실태조사,중학교,C08,참여·자치,S0801,학생자치,교사,학교 자치회 활성화 - 6)학생자치회,likert,Y,2800,0,4.1093,0.8704,4.0,4.0,5.0,,77.73,78.29,
TR_COUNCIL_07,2021,1주기,경기학교교육실태조사,중학교,C08,참여·자치,S0801,학생자치,교사,학교 자치회 활성화 - 7)학생 동아리,likert,Y,5189,0,4.1964,0.8212,4.0,4.0,5.0,,79.91,81.65,
TR_COUNCIL_07,2025,2주기,경기학교교육실태조사,중학교,C08,참여·자치,S0801,학생자치,교사,학교 자치회 활성화 - 7)학생 동아리,likert,Y,2800,0,4.0293,0.8435,4.0,4.0,5.0,,75.73,75.11,
TR_COUNCIL_08,2021,1주기,경기학교교육실태조사,중학교,C08,참여·자치,S0801,학생자치,교사,학교 자치회 활성화 - 8)학부모회,likert,Y,5189,0,3.8846,0.9163,4.0,3.0,5.0,,72.11,66.83,
TR_COUNCIL_08,2025,2주기,경기학교교육실태조사,중학교,C08,참여·자치,S0801,학생자치,교사,학교 자치회 활성화 - 8)학부모회,likert,Y,2800,0,3.8093,0.8537,4.0,3.0,4.0,,70.23,66.29,
PR_OPEN_SAT_01,2021,1주기,경기학교교육실태조사,중학교,C08,참여·자치,S0802,학부모 참여,학부모,공개수업 만족도 - 1)학교 수업에 대하여 학부모의 의견 수렴,likert,Y,1120,4828,2.9161,0.7188,3.0,3.0,3.0,,63.87,78.39,
PR_OPEN_SAT_01,2025,2주기,경기학교교육실태조사,중학교,C08,참여·자치,S0802,학부모 참여,학부모,공개수업 만족도 - 1)학교 수업에 대하여 학부모의 의견 수렴,likert,Y,614,868,3.0423,0.6793,3.0,3.0,3.0,,68.08,85.18,
PR_OPEN_SAT_02,2021,1주기,경기학교교육실태조사,중학교,C08,참여·자치,S0802,학부모 참여,학부모,공개수업 만족도 - 2)교사의 수업과 자녀의 수업태도에 대한 학부모의 이해 증진,likert,Y,1120,4828,3.1259,0.6503,3.0,3.0,4.0,,70.86,87.77,
PR_OPEN_SAT_02,2025,2주기,경기학교교육실태조사,중학교,C08,참여·자치,S0802,학부모 참여,학부모,공개수업 만족도 - 2)교사의 수업과 자녀의 수업태도에 대한 학부모의 이해 증진,likert,Y,614,868,3.2101,0.6586,3.0,3.0,4.0,,73.67,91.21,
PR_OPEN_SAT_03,2021,1주기,경기학교교육실태조사,중학교,C08,참여·자치,S0802,학부모 참여,학부모,공개수업 만족도 - 3)학교교육에 대한 학부모의 참여와 관심증가,likert,Y,1120,4828,3.075,0.6451,3.0,3.0,3.0,,69.17,86.25,
PR_OPEN_SAT_03,2025,2주기,경기학교교육실태조사,중학교,C08,참여·자치,S0802,학부모 참여,학부모,공개수업 만족도 - 3)학교교육에 대한 학부모의 참여와 관심증가,likert,Y,614,868,3.145,0.6711,3.0,3.0,4.0,,71.5,87.95,
PR_PARTICIP_08,2021,1주기,경기학교교육실태조사,중학교,C08,참여·자치,S0802,학부모 참여,학부모,학교활동 참여 - 7)공개수업 참석,likert,Y,5948,0,1.1696,0.419,1.0,1.0,1.0,,5.65,0.92,
PR_PARTICIP_08,2025,2주기,경기학교교육실태조사,중학교,C08,참여·자치,S0802,학부모 참여,학부모,학교활동 참여 - 7)공개수업 참석,likert,Y,1482,0,1.525,0.7565,1.0,1.0,2.0,,17.5,8.03,
TR_DECISION_01,2021,1주기,경기학교교육실태조사,중학교,C08,참여·자치,S0803,교사 참여·의사결정,교사,참여적 의사결정(구:교사의견 반영) - 1)학교 교육목표 설정,likert,Y,5189,0,3.7533,0.8944,4.0,3.0,4.0,,68.83,64.64,
TR_DECISION_01,2025,2주기,경기학교교육실태조사,중학교,C08,참여·자치,S0803,교사 참여·의사결정,교사,참여적 의사결정(구:교사의견 반영) - 1)학교 교육목표 설정,likert,Y,2800,0,3.7554,0.904,4.0,3.0,4.0,,68.88,66.07,
TR_DECISION_02,2021,1주기,경기학교교육실태조사,중학교,C08,참여·자치,S0803,교사 참여·의사결정,교사,참여적 의사결정(구:교사의견 반영) - 2)교수·학습 자료 선정,likert,Y,5189,0,4.1299,0.7645,4.0,4.0,5.0,,78.25,82.27,
TR_DECISION_02,2025,2주기,경기학교교육실태조사,중학교,C08,참여·자치,S0803,교사 참여·의사결정,교사,참여적 의사결정(구:교사의견 반영) - 2)교수·학습 자료 선정,likert,Y,2800,0,4.1721,0.7652,4.0,4.0,5.0,,79.3,84.11,
TR_DECISION_03,2021,1주기,경기학교교육실태조사,중학교,C08,참여·자치,S0803,교사 참여·의사결정,교사,참여적 의사결정(구:교사의견 반영) - 3)수업 운영 방식 결정,likert,Y,5189,0,4.1659,0.7881,4.0,4.0,5.0,,79.15,82.75,
TR_DECISION_03,2025,2주기,경기학교교육실태조사,중학교,C08,참여·자치,S0803,교사 참여·의사결정,교사,참여적 의사결정(구:교사의견 반영) - 3)수업 운영 방식 결정,likert,Y,2800,0,4.2107,0.8225,4.0,4.0,5.0,,80.27,83.07,
TR_DECISION_04,2021,1주기,경기학교교육실태조사,중학교,C08,참여·자치,S0803,교사 참여·의사결정,교사,참여적 의사결정(구:교사의견 반영) - 4)교육과정 편성 및 운영,likert,Y,5189,0,3.9493,0.8511,4.0,3.0,5.0,,73.73,74.12,
TR_DECISION_04,2025,2주기,경기학교교육실태조사,중학교,C08,참여·자치,S0803,교사 참여·의사결정,교사,참여적 의사결정(구:교사의견 반영) - 4)교육과정 편성 및 운영,likert,Y,2800,0,3.9132,0.8934,4.0,3.0,5.0,,72.83,72.18,
TR_DECISION_05,2021,1주기,경기학교교육실태조사,중학교,C08,참여·자치,S0803,교사 참여·의사결정,교사,참여적 의사결정(구:교사의견 반영) - 5)교원 업무 조직 및 업무 분장,likert,Y,5189,0,3.6535,0.9922,4.0,3.0,4.0,,66.34,61.09,
TR_DECISION_05,2025,2주기,경기학교교육실태조사,중학교,C08,참여·자치,S0803,교사 참여·의사결정,교사,참여적 의사결정(구:교사의견 반영) - 5)교원 업무 조직 및 업무 분장,likert,Y,2800,0,3.5329,1.0053,4.0,3.0,4.0,,63.32,56.07,
TR_DECISION_06,2021,1주기,경기학교교육실태조사,중학교,C08,참여·자치,S0803,교사 참여·의사결정,교사,참여적 의사결정(구:교사의견 반영) - 6)학교 예산 편성,likert,Y,5189,0,3.816,0.8893,4.0,3.0,4.0,,70.4,67.37,
TR_DECISION_06,2025,2주기,경기학교교육실태조사,중학교,C08,참여·자치,S0803,교사 참여·의사결정,교사,참여적 의사결정(구:교사의견 반영) - 6)학교 예산 편성,likert,Y,2800,0,3.7493,0.8946,4.0,3.0,4.0,,68.73,65.5,
TR_DECISION_07,2021,1주기,경기학교교육실태조사,중학교,C08,참여·자치,S0803,교사 참여·의사결정,교사,참여적 의사결정(구:교사의견 반영) - 7)학교 규칙이나 규정 제정 및 개정,likert,Y,5189,0,3.7934,0.8797,4.0,3.0,4.0,,69.84,66.1,
TR_DECISION_07,2025,2주기,경기학교교육실태조사,중학교,C08,참여·자치,S0803,교사 참여·의사결정,교사,참여적 의사결정(구:교사의견 반영) - 7)학교 규칙이나 규정 제정 및 개정,likert,Y,2800,0,3.8404,0.8636,4.0,3.0,4.0,,71.01,69.93,
PR_SAT_TOTAL_01,2021,1주기,경기학교교육실태조사,중학교,C09,만족도,S0901,전반적 만족도,학부모,학교에 대한 전반적인 만족도 - 현재 자녀가 다니는 학교에 어느 정도 만족하는지,likert,Y,5948,0,3.6298,0.7978,4.0,3.0,4.0,,65.74,57.95,
PR_SAT_TOTAL_01,2025,2주기,경기학교교육실태조사,중학교,C09,만족도,S0901,전반적 만족도,학부모,학교에 대한 전반적인 만족도 - 현재 자녀가 다니는 학교에 어느 정도 만족하는지,likert,Y,1482,0,3.6916,0.806,4.0,3.0,4.0,,67.29,61.0,
ST_SAT_TOTAL_01,2021,1주기,경기학교교육실태조사,중학교,C09,만족도,S0901,전반적 만족도,학생,전반적인 만족도 - 현재 다니는 학교에 어느 정도 만족하는지,likert,Y,8884,0,3.5589,0.9726,4.0,3.0,4.0,,63.97,55.25,
ST_SAT_TOTAL_01,2025,2주기,경기학교교육실태조사,중학교,C09,만족도,S0901,전반적 만족도,학생,전반적인 만족도 - 현재 다니는 학교에 어느 정도 만족하는지,likert,Y,5173,0,3.5482,1.0615,4.0,3.0,4.0,,63.71,54.67,
TR_SAT_JOB_01,2021,1주기,경기학교교육실태조사,중학교,C09,만족도,S0901,전반적 만족도,교사,교직만족도/학교만족도 - 1)나는 교사라는 직업에 만족한다,likert,Y,5189,0,4.1079,0.8551,4.0,4.0,5.0,,77.7,79.73,
TR_SAT_JOB_01,2025,2주기,경기학교교육실태조사,중학교,C09,만족도,S0901,전반적 만족도,교사,교직만족도/학교만족도 - 1)나는 교사라는 직업에 만족한다,likert,Y,2800,0,3.9171,0.9327,4.0,3.0,5.0,,72.93,73.36,
TR_SAT_JOB_02,2021,1주기,경기학교교육실태조사,중학교,C09,만족도,S0901,전반적 만족도,교사,교직만족도/학교만족도 - 2)나는 교사로서 하는 업무에 만족한다,likert,Y,5189,0,3.8441,0.9906,4.0,3.0,5.0,,71.1,67.99,
TR_SAT_JOB_02,2025,2주기,경기학교교육실태조사,중학교,C09,만족도,S0901,전반적 만족도,교사,교직만족도/학교만족도 - 2)나는 교사로서 하는 업무에 만족한다,likert,Y,2800,0,3.6043,1.0428,4.0,3.0,4.0,,65.11,58.36,
TR_SAT_JOB_03,2021,1주기,경기학교교육실태조사,중학교,C09,만족도,S0901,전반적 만족도,교사,교직만족도/학교만족도 - 3)다시 직업을 선택하더라도 교사가 될 것이다,likert,Y,5189,0,3.6412,1.1672,4.0,3.0,5.0,,66.03,58.89,
TR_SAT_JOB_03,2025,2주기,경기학교교육실태조사,중학교,C09,만족도,S0901,전반적 만족도,교사,교직만족도/학교만족도 - 3)다시 직업을 선택하더라도 교사가 될 것이다,likert,Y,2800,0,3.2621,1.246,3.0,2.0,4.0,,56.55,45.71,
TR_SAT_JOB_04,2021,1주기,경기학교교육실태조사,중학교,C09,만족도,S0901,전반적 만족도,교사,교직만족도/학교만족도 - 4)나는 우리 학교에서 기대감을 갖고 하루하루를 생활한다,likert,Y,5189,0,3.7156,1.0469,4.0,3.0,5.0,,67.89,60.92,
TR_SAT_JOB_04,2025,2주기,경기학교교육실태조사,중학교,C09,만족도,S0901,전반적 만족도,교사,교직만족도/학교만족도 - 4)나는 우리 학교에서 기대감을 갖고 하루하루를 생활한다,likert,Y,2800,0,3.4282,1.093,3.0,3.0,4.0,,60.71,49.71,
TR_SAT_JOB_05,2021,1주기,경기학교교육실태조사,중학교,C09,만족도,S0901,전반적 만족도,교사,교직만족도/학교만족도 - 5)우리 학교에 대해 긍지를 느낀다,likert,Y,5189,0,3.8273,1.0063,4.0,3.0,5.0,,70.68,66.26,
TR_SAT_JOB_05,2025,2주기,경기학교교육실태조사,중학교,C09,만족도,S0901,전반적 만족도,교사,교직만족도/학교만족도 - 5)우리 학교에 대해 긍지를 느낀다,likert,Y,2800,0,3.5986,1.0495,4.0,3.0,4.0,,64.96,57.14,
TR_SAT_JOB_06,2021,1주기,경기학교교육실태조사,중학교,C09,만족도,S0901,전반적 만족도,교사,교직만족도/학교만족도 - 6)우리 학교에서의 교직 생활은 나 자신의 발전에 도움이 된다,likert,Y,5189,0,3.9493,0.9495,4.0,3.0,5.0,,73.73,72.69,
TR_SAT_JOB_06,2025,2주기,경기학교교육실태조사,중학교,C09,만족도,S0901,전반적 만족도,교사,교직만족도/학교만족도 - 6)우리 학교에서의 교직 생활은 나 자신의 발전에 도움이 된다,likert,Y,2800,0,3.7821,0.9936,4.0,3.0,4.0,,69.55,66.71,
PR_SAT_DETAIL_01,2021,1주기,경기학교교육실태조사,중학교,C09,만족도,S0902,세부 만족도,학부모,학교에 대한 세부적인 만족도 - 1)자녀의 학습능력을 잘 길러주고 있다,likert,Y,5948,0,3.4511,0.7781,3.0,3.0,4.0,,61.28,46.45,
PR_SAT_DETAIL_01,2025,2주기,경기학교교육실태조사,중학교,C09,만족도,S0902,세부 만족도,학부모,학교에 대한 세부적인 만족도 - 1)자녀의 학습능력을 잘 길러주고 있다,likert,Y,1482,0,3.5209,0.7584,4.0,3.0,4.0,,63.02,50.54,
PR_SAT_DETAIL_02,2021,1주기,경기학교교육실태조사,중학교,C09,만족도,S0902,세부 만족도,학부모,학교에 대한 세부적인 만족도 - 2)자녀의 특기와 적성을 잘 계발해주고 있다,likert,Y,5948,0,3.2229,0.8382,3.0,3.0,4.0,,55.57,33.96,
PR_SAT_DETAIL_02,2025,2주기,경기학교교육실태조사,중학교,C09,만족도,S0902,세부 만족도,학부모,학교에 대한 세부적인 만족도 - 2)자녀의 특기와 적성을 잘 계발해주고 있다,likert,Y,1482,0,3.3077,0.7991,3.0,3.0,4.0,,57.69,36.44,
PR_SAT_DETAIL_03,2021,1주기,경기학교교육실태조사,중학교,C09,만족도,S0902,세부 만족도,학부모,학교에 대한 세부적인 만족도 - 3)자녀의 수준에 맞게 잘 가르치고 있다,likert,Y,5948,0,3.4185,0.7827,3.0,3.0,4.0,,60.46,45.14,
PR_SAT_DETAIL_03,2025,2주기,경기학교교육실태조사,중학교,C09,만족도,S0902,세부 만족도,학부모,학교에 대한 세부적인 만족도 - 3)자녀의 수준에 맞게 잘 가르치고 있다,likert,Y,1482,0,3.4906,0.7727,3.0,3.0,4.0,,62.26,48.99,
PR_SAT_DETAIL_04,2021,1주기,경기학교교육실태조사,중학교,C09,만족도,S0902,세부 만족도,학부모,학교에 대한 세부적인 만족도 - 4)자녀의 학교생활에 대하여 잘 알려준다,likert,Y,5948,0,3.4296,0.8731,3.0,3.0,4.0,,60.74,47.86,
PR_SAT_DETAIL_04,2025,2주기,경기학교교육실태조사,중학교,C09,만족도,S0902,세부 만족도,학부모,학교에 대한 세부적인 만족도 - 4)자녀의 학교생활에 대하여 잘 알려준다,likert,Y,1482,0,3.504,0.8422,3.0,3.0,4.0,,62.6,49.8,
PR_SAT_DETAIL_05,2021,1주기,경기학교교육실태조사,중학교,C09,만족도,S0902,세부 만족도,학부모,학교에 대한 세부적인 만족도 - 5)자녀의 평가결과를 학부모에게 잘 전달한다,likert,Y,5948,0,3.6439,0.8507,4.0,3.0,4.0,,66.1,59.95,
PR_SAT_DETAIL_05,2025,2주기,경기학교교육실태조사,중학교,C09,만족도,S0902,세부 만족도,학부모,학교에 대한 세부적인 만족도 - 5)자녀의 평가결과를 학부모에게 잘 전달한다,likert,Y,1482,0,3.753,0.837,4.0,3.0,4.0,,68.83,64.1,
PR_SAT_DETAIL_06,2021,1주기,경기학교교육실태조사,중학교,C09,만족도,S0902,세부 만족도,학부모,학교에 대한 세부적인 만족도 - 6)자녀의 흥미와 적성에 맞는 교육을 하고 있다,likert,Y,5948,0,3.2485,0.847,3.0,3.0,4.0,,56.21,35.51,
PR_SAT_DETAIL_06,2025,2주기,경기학교교육실태조사,중학교,C09,만족도,S0902,세부 만족도,학부모,학교에 대한 세부적인 만족도 - 6)자녀의 흥미와 적성에 맞는 교육을 하고 있다,likert,Y,1482,0,3.3354,0.7917,3.0,3.0,4.0,,58.38,37.99,
PR_SAT_DETAIL_07,2021,1주기,경기학교교육실태조사,중학교,C09,만족도,S0902,세부 만족도,학부모,학교에 대한 세부적인 만족도 - 7)학교운영위원회는 학부모들의 의견을 잘 수렴한다,likert,Y,5948,0,3.3117,0.8027,3.0,3.0,4.0,,57.79,37.66,
PR_SAT_DETAIL_07,2025,2주기,경기학교교육실태조사,중학교,C09,만족도,S0902,세부 만족도,학부모,학교에 대한 세부적인 만족도 - 7)학교운영위원회는 학부모들의 의견을 잘 수렴한다,likert,Y,1482,0,3.3671,0.771,3.0,3.0,4.0,,59.18,38.93,
PR_SAT_DETAIL_08,2021,1주기,경기학교교육실태조사,중학교,C09,만족도,S0902,세부 만족도,학부모,"학교에 대한 세부적인 만족도 - 8)교사, 학부모, 학생들이 협의하여 학교운영을 자율적으로 하고 있다",likert,Y,5948,0,3.4016,0.7938,3.0,3.0,4.0,,60.04,43.41,
PR_SAT_DETAIL_08,2025,2주기,경기학교교육실태조사,중학교,C09,만족도,S0902,세부 만족도,학부모,"학교에 대한 세부적인 만족도 - 8)교사, 학부모, 학생들이 협의하여 학교운영을 자율적으로 하고 있다",likert,Y,1482,0,3.4818,0.7629,3.0,3.0,4.0,,62.04,47.1,
PR_SAT_DETAIL_09,2021,1주기,경기학교교육실태조사,중학교,C09,만족도,S0902,세부 만족도,학부모,학교에 대한 세부적인 만족도 - 9)학습에 불편하지 않게 교육시설과 환경을 잘 갖추고 있다,likert,Y,5948,0,3.5358,0.7866,4.0,3.0,4.0,,63.4,52.86,
PR_SAT_DETAIL_09,2025,2주기,경기학교교육실태조사,중학교,C09,만족도,S0902,세부 만족도,학부모,학교에 대한 세부적인 만족도 - 9)학습에 불편하지 않게 교육시설과 환경을 잘 갖추고 있다,likert,Y,1482,0,3.587,0.787,4.0,3.0,4.0,,64.68,55.6,
PR_SAT_DETAIL_10,2021,1주기,경기학교교육실태조사,중학교,C09,만족도,S0902,세부 만족도,학부모,학교에 대한 세부적인 만족도 - 10)학생의 안전을 위해 노력하고 있다,likert,Y,5948,0,3.7549,0.7407,4.0,3.0,4.0,,68.87,65.03,
PR_SAT_DETAIL_10,2025,2주기,경기학교교육실태조사,중학교,C09,만족도,S0902,세부 만족도,학부모,학교에 대한 세부적인 만족도 - 10)학생의 안전을 위해 노력하고 있다,likert,Y,1482,0,3.8043,0.7401,4.0,3.0,4.0,,70.11,68.29,
ST_SAT_DETAIL_01,2021,1주기,경기학교교육실태조사,중학교,C09,만족도,S0902,세부 만족도,학생,세부적인 만족도 - 1)학습능력 신장,likert,Y,8884,0,3.5442,0.8765,4.0,3.0,4.0,,63.61,51.06,
ST_SAT_DETAIL_01,2025,2주기,경기학교교육실태조사,중학교,C09,만족도,S0902,세부 만족도,학생,세부적인 만족도 - 1)학습능력 신장,likert,Y,5173,0,3.5623,0.9366,4.0,3.0,4.0,,64.06,51.96,
ST_SAT_DETAIL_02,2021,1주기,경기학교교육실태조사,중학교,C09,만족도,S0902,세부 만족도,학생,세부적인 만족도 - 2)특기적성 신장,likert,Y,8884,0,3.4043,0.9385,3.0,3.0,4.0,,60.11,43.8,
ST_SAT_DETAIL_02,2025,2주기,경기학교교육실태조사,중학교,C09,만족도,S0902,세부 만족도,학생,세부적인 만족도 - 2)특기적성 신장,likert,Y,5173,0,3.4394,0.9961,3.0,3.0,4.0,,60.98,46.47,
ST_SAT_DETAIL_03,2021,1주기,경기학교교육실태조사,중학교,C09,만족도,S0902,세부 만족도,학생,세부적인 만족도 - 3)진로상담,likert,조건부,8884,0,3.5419,0.9442,4.0,3.0,4.0,,63.55,51.44,
ST_SAT_DETAIL_03,2025,2주기,경기학교교육실태조사,중학교,C09,만족도,S0902,세부 만족도,학생,세부적인 만족도 - 3)진로상담,likert,조건부,5173,0,3.5842,0.9588,4.0,3.0,4.0,,64.6,53.32,
ST_SAT_DETAIL_04,2021,1주기,경기학교교육실태조사,중학교,C09,만족도,S0902,세부 만족도,학생,세부적인 만족도 - 4)학교급식,likert,Y,8884,0,3.311,1.204,3.0,3.0,4.0,,57.78,45.69,
ST_SAT_DETAIL_04,2025,2주기,경기학교교육실태조사,중학교,C09,만족도,S0902,세부 만족도,학생,세부적인 만족도 - 4)학교급식,likert,Y,5173,0,3.7568,1.0767,4.0,3.0,5.0,,68.92,61.71,
ST_SAT_DETAIL_05,2021,1주기,경기학교교육실태조사,중학교,C09,만족도,S0902,세부 만족도,학생,세부적인 만족도 - 5)다양한 학습 프로그램,likert,Y,8884,0,3.4385,0.9415,3.0,3.0,4.0,,60.96,45.66,
ST_SAT_DETAIL_05,2025,2주기,경기학교교육실태조사,중학교,C09,만족도,S0902,세부 만족도,학생,세부적인 만족도 - 5)다양한 학습 프로그램,likert,Y,5173,0,3.5737,0.956,4.0,3.0,4.0,,64.34,52.7,
ST_SAT_DETAIL_06,2021,1주기,경기학교교육실태조사,중학교,C09,만족도,S0902,세부 만족도,학생,세부적인 만족도 - 6)교육시설과 환경,likert,Y,8884,0,3.5053,0.93,3.0,3.0,4.0,,62.63,49.43,
ST_SAT_DETAIL_06,2025,2주기,경기학교교육실태조사,중학교,C09,만족도,S0902,세부 만족도,학생,세부적인 만족도 - 6)교육시설과 환경,likert,Y,5173,0,3.562,0.9695,4.0,3.0,4.0,,64.05,54.71,
TR_SAT_DETAIL_01,2021,1주기,경기학교교육실태조사,중학교,C09,만족도,S0902,세부 만족도,교사,학교만족도(세부) - 1)학교의 비전 및 중점추진사항,likert,Y,5189,0,3.8372,0.8526,4.0,3.0,4.0,,70.93,67.1,
TR_SAT_DETAIL_01,2025,2주기,경기학교교육실태조사,중학교,C09,만족도,S0902,세부 만족도,교사,학교만족도(세부) - 1)학교의 비전 및 중점추진사항,likert,Y,2800,0,3.7907,0.8464,4.0,3.0,4.0,,69.77,67.11,
TR_SAT_DETAIL_02,2021,1주기,경기학교교육실태조사,중학교,C09,만족도,S0902,세부 만족도,교사,학교만족도(세부) - 2)학교운영 참여,likert,Y,5189,0,3.8244,0.8703,4.0,3.0,4.0,,70.61,66.99,
TR_SAT_DETAIL_02,2025,2주기,경기학교교육실태조사,중학교,C09,만족도,S0902,세부 만족도,교사,학교만족도(세부) - 2)학교운영 참여,likert,Y,2800,0,3.7071,0.8784,4.0,3.0,4.0,,67.68,62.21,
TR_SAT_DETAIL_03,2021,1주기,경기학교교육실태조사,중학교,C09,만족도,S0902,세부 만족도,교사,학교만족도(세부) - 3)교수-학습 활동 결과,likert,Y,5189,0,3.953,0.7605,4.0,3.0,4.0,,73.82,74.06,
TR_SAT_DETAIL_03,2025,2주기,경기학교교육실태조사,중학교,C09,만족도,S0902,세부 만족도,교사,학교만족도(세부) - 3)교수-학습 활동 결과,likert,Y,2800,0,3.9054,0.7811,4.0,3.0,4.0,,72.63,73.64,
TR_SAT_DETAIL_04,2021,1주기,경기학교교육실태조사,중학교,C09,만족도,S0902,세부 만족도,교사,학교만족도(세부) - 4)새로운 교육활동 시도,likert,Y,5189,0,3.9125,0.8136,4.0,3.0,4.0,,72.81,71.11,
TR_SAT_DETAIL_04,2025,2주기,경기학교교육실태조사,중학교,C09,만족도,S0902,세부 만족도,교사,학교만족도(세부) - 4)새로운 교육활동 시도,likert,Y,2800,0,3.8246,0.8593,4.0,3.0,4.0,,70.62,67.86,
PR_ASPIRE_01,2021,1주기,경기학교교육실태조사,중학교,C10,진로·진학,S1001,교육포부,학부모,교육포부 - 교육포부,likert,Y,5948,0,3.2875,0.9046,3.0,3.0,4.0,,57.19,27.0,
PR_ASPIRE_01,2025,2주기,경기학교교육실태조사,중학교,C10,진로·진학,S1001,교육포부,학부모,교육포부 - 교육포부,likert,Y,1482,0,3.3023,0.8542,3.0,3.0,4.0,,57.56,27.33,
ST_ASPIRE_01,2021,1주기,경기학교교육실태조사,중학교,C10,진로·진학,S1001,교육포부,학생,교육포부 - 교육포부,likert,Y,8884,0,3.3721,1.4131,3.0,3.0,4.0,,47.44,22.9,
ST_ASPIRE_01,2025,2주기,경기학교교육실태조사,중학교,C10,진로·진학,S1001,교육포부,학생,교육포부 - 교육포부,likert,Y,5173,0,3.3783,1.4174,3.0,3.0,4.0,,47.57,21.81,
PR_CAREER_01,2021,1주기,경기학교교육실태조사,중학교,C10,진로·진학,S1002,진로·진학 준비,학부모,진로·진학 준비 경험 및 인식 - 1)학교 담임교사와 상담(전화 상담 및 비대면 상담 포함),binary,Y,5948,0,1.29,0.4538,1.0,1.0,2.0,,,,
PR_CAREER_01,2025,2주기,경기학교교육실태조사,중학교,C10,진로·진학,S1002,진로·진학 준비,학부모,진로·진학 준비 경험 및 인식 - 1)학교 담임교사와 상담(전화 상담 및 비대면 상담 포함),binary,Y,1482,0,1.2692,0.4437,1.0,1.0,2.0,,,,
PR_CAREER_02,2021,1주기,경기학교교육실태조사,중학교,C10,진로·진학,S1002,진로·진학 준비,학부모,진로·진학 준비 경험 및 인식 - 2)학교 진로담당교사와 상담(전화 상담 및 비대면 상담 포함),binary,Y,5948,0,1.8517,0.3554,2.0,2.0,2.0,,,,
PR_CAREER_02,2025,2주기,경기학교교육실태조사,중학교,C10,진로·진학,S1002,진로·진학 준비,학부모,진로·진학 준비 경험 및 인식 - 2)학교 진로담당교사와 상담(전화 상담 및 비대면 상담 포함),binary,Y,1482,0,1.7699,0.421,2.0,2.0,2.0,,,,
PR_CAREER_03,2021,1주기,경기학교교육실태조사,중학교,C10,진로·진학,S1002,진로·진학 준비,학부모,진로·진학 준비 경험 및 인식 - 3)학교 교과담당교사와 상담(전화 상담 및 비대면 상담 포함),binary,Y,5948,0,1.8904,0.3124,2.0,2.0,2.0,,,,
PR_CAREER_03,2025,2주기,경기학교교육실태조사,중학교,C10,진로·진학,S1002,진로·진학 준비,학부모,진로·진학 준비 경험 및 인식 - 3)학교 교과담당교사와 상담(전화 상담 및 비대면 상담 포함),binary,Y,1482,0,1.8077,0.3942,2.0,2.0,2.0,,,,
PR_CAREER_04,2021,1주기,경기학교교육실태조사,중학교,C10,진로·진학,S1002,진로·진학 준비,학부모,"진로·진학 준비 경험 및 인식 - 4)사교육종사자(학원강사, 과외교사, 입시진로 컨설팅 회사 등)와 상담",binary,Y,5948,0,1.3608,0.4803,1.0,1.0,2.0,,,,
PR_CAREER_04,2025,2주기,경기학교교육실태조사,중학교,C10,진로·진학,S1002,진로·진학 준비,학부모,"진로·진학 준비 경험 및 인식 - 4)사교육종사자(학원강사, 과외교사, 입시진로 컨설팅 회사 등)와 상담",binary,Y,1482,0,1.3401,0.4739,1.0,1.0,2.0,,,,
PR_CAREER_05,2021,1주기,경기학교교육실태조사,중학교,C10,진로·진학,S1002,진로·진학 준비,학부모,"진로·진학 준비 경험 및 인식 - 5)진로 관련 검사(적성, 흥미검사 등) 실시",binary,Y,5948,0,1.5679,0.4954,2.0,1.0,2.0,,,,
PR_CAREER_05,2025,2주기,경기학교교육실태조사,중학교,C10,진로·진학,S1002,진로·진학 준비,학부모,"진로·진학 준비 경험 및 인식 - 5)진로 관련 검사(적성, 흥미검사 등) 실시",binary,Y,1482,0,1.5061,0.5001,2.0,1.0,2.0,,,,
PR_CAREER_06,2021,1주기,경기학교교육실태조사,중학교,C10,진로·진학,S1002,진로·진학 준비,학부모,진로·진학 준비 경험 및 인식 - 6)상급학교(고등학교·대학교) 직접 방문(입시설명회 포함) 및 전화 상담,binary,조건부,5948,0,1.7924,0.4056,2.0,2.0,2.0,,,,
PR_CAREER_06,2025,2주기,경기학교교육실태조사,중학교,C10,진로·진학,S1002,진로·진학 준비,학부모,진로·진학 준비 경험 및 인식 - 6)상급학교(고등학교·대학교) 직접 방문(입시설명회 포함) 및 전화 상담,binary,조건부,1482,0,1.4676,0.4991,1.0,1.0,2.0,,,,
PR_CAREER_07,2021,1주기,경기학교교육실태조사,중학교,C10,진로·진학,S1002,진로·진학 준비,학부모,진로·진학 준비 경험 및 인식 - 7)상급학교 안내책자(홍보자료)를 통한 정보 수집,binary,Y,5948,0,1.4766,0.4995,1.0,1.0,2.0,,,,
PR_CAREER_07,2025,2주기,경기학교교육실태조사,중학교,C10,진로·진학,S1002,진로·진학 준비,학부모,진로·진학 준비 경험 및 인식 - 7)상급학교 안내책자(홍보자료)를 통한 정보 수집,binary,Y,1482,0,1.3043,0.4603,1.0,1.0,2.0,,,,
PR_CAREER_08,2021,1주기,경기학교교육실태조사,중학교,C10,진로·진학,S1002,진로·진학 준비,학부모,"진로·진학 준비 경험 및 인식 - 8)대중매체(TV, 신문 등)를 통한 정보 수집",binary,Y,5948,0,1.5232,0.4995,2.0,1.0,2.0,,,,
PR_CAREER_08,2025,2주기,경기학교교육실태조사,중학교,C10,진로·진학,S1002,진로·진학 준비,학부모,"진로·진학 준비 경험 및 인식 - 8)대중매체(TV, 신문 등)를 통한 정보 수집",binary,Y,1482,0,1.3623,0.4808,1.0,1.0,2.0,,,,
PR_CAREER_09,2021,1주기,경기학교교육실태조사,중학교,C10,진로·진학,S1002,진로·진학 준비,학부모,진로·진학 준비 경험 및 인식 - 9)온라인 커뮤니티를 통한 정보 수집,binary,Y,5948,0,1.3921,0.4883,1.0,1.0,2.0,,,,
PR_CAREER_09,2025,2주기,경기학교교육실태조사,중학교,C10,진로·진학,S1002,진로·진학 준비,학부모,진로·진학 준비 경험 및 인식 - 9)온라인 커뮤니티를 통한 정보 수집,binary,Y,1482,0,1.2571,0.4372,1.0,1.0,2.0,,,,
PR_CAREER_10,2021,1주기,경기학교교육실태조사,중학교,C10,진로·진학,S1002,진로·진학 준비,학부모,진로·진학 준비 경험 및 인식 - 1)학교 담임교사와 상담(전화 상담 및 비대면 상담 포함),likert,Y,4223,1725,3.5091,0.8081,4.0,3.0,4.0,,62.73,52.19,
PR_CAREER_10,2025,2주기,경기학교교육실태조사,중학교,C10,진로·진학,S1002,진로·진학 준비,학부모,진로·진학 준비 경험 및 인식 - 1)학교 담임교사와 상담(전화 상담 및 비대면 상담 포함),likert,Y,1083,399,4.0536,0.8117,4.0,4.0,5.0,,76.34,76.55,
PR_CAREER_11,2021,1주기,경기학교교육실태조사,중학교,C10,진로·진학,S1002,진로·진학 준비,학부모,진로·진학 준비 경험 및 인식 - 2)학교 진로담당교사와 상담(전화 상담 및 비대면 상담 포함),likert,Y,882,5066,3.4127,0.8628,3.0,3.0,4.0,,60.32,48.19,
PR_CAREER_11,2025,2주기,경기학교교육실태조사,중학교,C10,진로·진학,S1002,진로·진학 준비,학부모,진로·진학 준비 경험 및 인식 - 2)학교 진로담당교사와 상담(전화 상담 및 비대면 상담 포함),likert,Y,341,1141,3.9238,0.8437,4.0,3.0,5.0,,73.09,70.97,
PR_CAREER_12,2021,1주기,경기학교교육실태조사,중학교,C10,진로·진학,S1002,진로·진학 준비,학부모,진로·진학 준비 경험 및 인식 - 3)학교 교과담당교사와 상담(전화 상담 및 비대면 상담 포함),likert,Y,652,5296,3.4325,0.8587,3.0,3.0,4.0,,60.81,48.77,
PR_CAREER_12,2025,2주기,경기학교교육실태조사,중학교,C10,진로·진학,S1002,진로·진학 준비,학부모,진로·진학 준비 경험 및 인식 - 3)학교 교과담당교사와 상담(전화 상담 및 비대면 상담 포함),likert,Y,285,1197,3.9439,0.8246,4.0,3.0,5.0,,73.6,73.68,
PR_CAREER_13,2021,1주기,경기학교교육실태조사,중학교,C10,진로·진학,S1002,진로·진학 준비,학부모,"진로·진학 준비 경험 및 인식 - 4)사교육종사자(학원강사, 과외교사, 입시진로 컨설팅 회사 등)와 상담",likert,Y,3802,2146,3.455,0.7445,3.0,3.0,4.0,,61.38,48.4,
PR_CAREER_13,2025,2주기,경기학교교육실태조사,중학교,C10,진로·진학,S1002,진로·진학 준비,학부모,"진로·진학 준비 경험 및 인식 - 4)사교육종사자(학원강사, 과외교사, 입시진로 컨설팅 회사 등)와 상담",likert,Y,978,504,3.9458,0.6635,4.0,4.0,4.0,,73.65,77.4,
PR_CAREER_14,2021,1주기,경기학교교육실태조사,중학교,C10,진로·진학,S1002,진로·진학 준비,학부모,"진로·진학 준비 경험 및 인식 - 5)진로 관련 검사(적성, 흥미검사 등) 실시",likert,Y,2570,3378,3.2899,0.7422,3.0,3.0,4.0,,57.25,37.9,
PR_CAREER_14,2025,2주기,경기학교교육실태조사,중학교,C10,진로·진학,S1002,진로·진학 준비,학부모,"진로·진학 준비 경험 및 인식 - 5)진로 관련 검사(적성, 흥미검사 등) 실시",likert,Y,732,750,3.7828,0.7214,4.0,3.0,4.0,,69.57,66.94,
PR_CAREER_15,2021,1주기,경기학교교육실태조사,중학교,C10,진로·진학,S1002,진로·진학 준비,학부모,진로·진학 준비 경험 및 인식 - 6)상급학교(고등학교·대학교) 직접 방문(입시설명회 포함) 및 전화 상담,likert,조건부,1235,4713,3.4988,0.7769,4.0,3.0,4.0,,62.47,51.98,
PR_CAREER_15,2025,2주기,경기학교교육실태조사,중학교,C10,진로·진학,S1002,진로·진학 준비,학부모,진로·진학 준비 경험 및 인식 - 6)상급학교(고등학교·대학교) 직접 방문(입시설명회 포함) 및 전화 상담,likert,조건부,789,693,4.0684,0.6686,4.0,4.0,4.0,,76.71,82.76,
PR_CAREER_16,2021,1주기,경기학교교육실태조사,중학교,C10,진로·진학,S1002,진로·진학 준비,학부모,진로·진학 준비 경험 및 인식 - 7)상급학교 안내책자(홍보자료)를 통한 정보 수집,likert,Y,3113,2835,3.2936,0.7342,3.0,3.0,4.0,,57.34,38.0,
PR_CAREER_16,2025,2주기,경기학교교육실태조사,중학교,C10,진로·진학,S1002,진로·진학 준비,학부모,진로·진학 준비 경험 및 인식 - 7)상급학교 안내책자(홍보자료)를 통한 정보 수집,likert,Y,1031,451,3.8099,0.686,4.0,3.0,4.0,,70.25,68.19,
PR_CAREER_17,2021,1주기,경기학교교육실태조사,중학교,C10,진로·진학,S1002,진로·진학 준비,학부모,"진로·진학 준비 경험 및 인식 - 8)대중매체(TV, 신문 등)를 통한 정보 수집",likert,Y,2836,3112,3.299,0.7177,3.0,3.0,4.0,,57.48,37.31,
PR_CAREER_17,2025,2주기,경기학교교육실태조사,중학교,C10,진로·진학,S1002,진로·진학 준비,학부모,"진로·진학 준비 경험 및 인식 - 8)대중매체(TV, 신문 등)를 통한 정보 수집",likert,Y,945,537,3.6889,0.68,4.0,3.0,4.0,,67.22,62.65,
PR_CAREER_18,2021,1주기,경기학교교육실태조사,중학교,C10,진로·진학,S1002,진로·진학 준비,학부모,진로·진학 준비 경험 및 인식 - 9)온라인 커뮤니티를 통한 정보 수집,likert,Y,3616,2332,3.3308,0.7277,3.0,3.0,4.0,,58.27,39.63,
PR_CAREER_18,2025,2주기,경기학교교육실태조사,중학교,C10,진로·진학,S1002,진로·진학 준비,학부모,진로·진학 준비 경험 및 인식 - 9)온라인 커뮤니티를 통한 정보 수집,likert,Y,1101,381,3.7593,0.687,4.0,3.0,4.0,,68.98,65.76,
TR_EFFICACY_01,2021,1주기,경기학교교육실태조사,중학교,C11,교사 전문성,S1101A,교사효능감,교사,교사효능감·교사의 사기 - 1)학생들이 수업에 집중하지 않을 때 왜 그런지 이유를 파악할 수 있다,likert,Y,5189,0,4.1301,0.6496,4.0,4.0,5.0,,78.25,88.32,
TR_EFFICACY_01,2025,2주기,경기학교교육실태조사,중학교,C11,교사 전문성,S1101A,교사효능감,교사,교사효능감·교사의 사기 - 1)학생들이 수업에 집중하지 않을 때 왜 그런지 이유를 파악할 수 있다,likert,Y,2800,0,3.9471,0.6449,4.0,4.0,4.0,,73.68,81.54,
TR_EFFICACY_02,2021,1주기,경기학교교육실태조사,중학교,C11,교사 전문성,S1101A,교사효능감,교사,교사효능감·교사의 사기 - 2)학생들의 학업 능력에 대해 판단할 수 있다,likert,Y,5189,0,4.2114,0.6015,4.0,4.0,5.0,,80.29,91.89,
TR_EFFICACY_02,2025,2주기,경기학교교육실태조사,중학교,C11,교사 전문성,S1101A,교사효능감,교사,교사효능감·교사의 사기 - 2)학생들의 학업 능력에 대해 판단할 수 있다,likert,Y,2800,0,4.1279,0.6049,4.0,4.0,4.0,,78.2,89.29,
TR_EFFICACY_03,2021,1주기,경기학교교육실태조사,중학교,C11,교사 전문성,S1101A,교사효능감,교사,교사효능감·교사의 사기 - 3)수업에 대한 학생들의 관심 정도를 파악할 수 있다,likert,Y,5189,0,4.3592,0.5698,4.0,4.0,5.0,,83.98,96.26,
TR_EFFICACY_03,2025,2주기,경기학교교육실태조사,중학교,C11,교사 전문성,S1101A,교사효능감,교사,교사효능감·교사의 사기 - 3)수업에 대한 학생들의 관심 정도를 파악할 수 있다,likert,Y,2800,0,4.245,0.5764,4.0,4.0,5.0,,81.12,93.14,
TR_EFFICACY_04,2021,1주기,경기학교교육실태조사,중학교,C11,교사 전문성,S1101A,교사효능감,교사,교사효능감·교사의 사기 - 4)학생들이 학업에 흥미를 가지지 못하는 이유를 분석할 수 있다,likert,Y,5189,0,4.0291,0.6339,4.0,4.0,4.0,,75.73,84.22,
TR_EFFICACY_04,2025,2주기,경기학교교육실태조사,중학교,C11,교사 전문성,S1101A,교사효능감,교사,교사효능감·교사의 사기 - 4)학생들이 학업에 흥미를 가지지 못하는 이유를 분석할 수 있다,likert,Y,2800,0,4.0032,0.6357,4.0,4.0,4.0,,75.08,83.25,
TR_EFFICACY_05,2021,1주기,경기학교교육실태조사,중학교,C11,교사 전문성,S1101A,교사효능감,교사,교사효능감·교사의 사기 - 5)문제행동을 하는 학생들이 왜 그렇게 행동하는지 이유를 분석할 수 있다,likert,Y,5189,0,3.884,0.7281,4.0,3.0,4.0,,72.1,74.41,
TR_EFFICACY_05,2025,2주기,경기학교교육실태조사,중학교,C11,교사 전문성,S1101A,교사효능감,교사,교사효능감·교사의 사기 - 5)문제행동을 하는 학생들이 왜 그렇게 행동하는지 이유를 분석할 수 있다,likert,Y,2800,0,3.8307,0.7383,4.0,3.0,4.0,,70.77,72.36,
TR_EFFICACY_06,2021,1주기,경기학교교육실태조사,중학교,C11,교사 전문성,S1101A,교사효능감,교사,교사효능감·교사의 사기 - 6)생활지도를 할 때 학생 개인의 특성을 충분히  고려할 수 있다,likert,조건부,5189,0,4.0663,0.7149,4.0,4.0,5.0,,76.66,82.19,
TR_EFFICACY_06,2025,2주기,경기학교교육실태조사,중학교,C11,교사 전문성,S1101A,교사효능감,교사,교사효능감·교사의 사기 - 6)생활지도를 할 때 학생 개인의 특성을 충분히  고려할 수 있다,likert,조건부,2800,0,3.98,0.721,4.0,4.0,4.0,,74.5,79.32,
TR_EFFICACY_07,2021,1주기,경기학교교육실태조사,중학교,C11,교사 전문성,S1101A,교사효능감,교사,교사효능감·교사의 사기 - 7)문제행동을 하는 학생을 보면 나의 지도에 따른 변화가능성을 예상할 수 있다,likert,조건부,5189,0,4.0366,0.7048,4.0,4.0,4.0,,75.92,82.85,
TR_EFFICACY_07,2025,2주기,경기학교교육실태조사,중학교,C11,교사 전문성,S1101A,교사효능감,교사,교사효능감·교사의 사기 - 7)문제행동을 하는 학생을 보면 나의 지도에 따른 변화가능성을 예상할 수 있다,likert,조건부,2800,0,3.7293,0.8008,4.0,3.0,4.0,,68.23,66.89,
TR_EFFICACY_08,2021,1주기,경기학교교육실태조사,중학교,C11,교사 전문성,S1101B,교사 사기,교사,교사효능감·교사의 사기 - 8)나는 책임감이 높다,likert,N,5189,0,4.0455,0.7799,4.0,4.0,5.0,,76.14,78.61,
TR_EFFICACY_08,2025,2주기,경기학교교육실태조사,중학교,C11,교사 전문성,S1101B,교사 사기,교사,교사효능감·교사의 사기 - 8)나는 책임감이 높다,likert,N,2800,0,4.4561,0.6428,5.0,4.0,5.0,,86.4,92.93,
TR_EFFICACY_09,2021,1주기,경기학교교육실태조사,중학교,C11,교사 전문성,S1101B,교사 사기,교사,교사효능감·교사의 사기 - 9)나는 열의를 갖고 근무한다,likert,Y,5189,0,4.2384,0.7177,4.0,4.0,5.0,,80.96,86.95,
TR_EFFICACY_09,2025,2주기,경기학교교육실태조사,중학교,C11,교사 전문성,S1101B,교사 사기,교사,교사효능감·교사의 사기 - 9)나는 열의를 갖고 근무한다,likert,Y,2800,0,4.3739,0.6882,4.0,4.0,5.0,,84.35,90.29,
TR_EFFICACY_10,2021,1주기,경기학교교육실태조사,중학교,C11,교사 전문성,S1101B,교사 사기,교사,교사효능감·교사의 사기 - 10)나는 교사로서 자부심을 갖고 있다,likert,Y,5189,0,4.2619,0.7734,4.0,4.0,5.0,,81.55,85.76,
TR_EFFICACY_10,2025,2주기,경기학교교육실태조사,중학교,C11,교사 전문성,S1101B,교사 사기,교사,교사효능감·교사의 사기 - 10)나는 교사로서 자부심을 갖고 있다,likert,Y,2800,0,4.1457,0.8782,4.0,4.0,5.0,,78.64,79.61,
TR_COLLAB_01,2021,1주기,경기학교교육실태조사,중학교,C11,교사 전문성,S1102,동료 협력,교사,협력을 통한 수업개선활동 - 1)학부모에게 나의 수업공개,likert,Y,5189,0,2.6387,1.1058,3.0,2.0,3.0,,32.77,6.86,
TR_COLLAB_01,2025,2주기,경기학교교육실태조사,중학교,C11,교사 전문성,S1102,동료 협력,교사,협력을 통한 수업개선활동 - 1)학부모에게 나의 수업공개,likert,Y,2800,0,2.1971,0.7611,2.0,2.0,3.0,,23.94,1.39,
TR_COLLAB_02,2021,1주기,경기학교교육실태조사,중학교,C11,교사 전문성,S1102,동료 협력,교사,협력을 통한 수업개선활동 - 2)동료교사에게 나의 수업공개,likert,Y,5189,0,2.4951,1.0455,2.0,2.0,3.0,,29.9,5.51,
TR_COLLAB_02,2025,2주기,경기학교교육실태조사,중학교,C11,교사 전문성,S1102,동료 협력,교사,협력을 통한 수업개선활동 - 2)동료교사에게 나의 수업공개,likert,Y,2800,0,2.3371,0.9123,2.0,2.0,3.0,,26.74,3.18,
TR_COLLAB_03,2021,1주기,경기학교교육실태조사,중학교,C11,교사 전문성,S1102,동료 협력,교사,협력을 통한 수업개선활동 - 3)동료교사의 수업 참관,likert,Y,5189,0,3.1565,1.4114,3.0,2.0,4.0,,43.13,17.9,
TR_COLLAB_03,2025,2주기,경기학교교육실태조사,중학교,C11,교사 전문성,S1102,동료 협력,교사,협력을 통한 수업개선활동 - 3)동료교사의 수업 참관,likert,Y,2800,0,3.155,1.2525,3.0,2.0,4.0,,43.1,14.5,
TR_COLLAB_04,2021,1주기,경기학교교육실태조사,중학교,C11,교사 전문성,S1102,동료 협력,교사,협력을 통한 수업개선활동 - 4)교내 교과 협의회 활동,likert,Y,5189,0,4.7529,1.5915,6.0,3.0,6.0,,75.06,65.25,
TR_COLLAB_04,2025,2주기,경기학교교육실태조사,중학교,C11,교사 전문성,S1102,동료 협력,교사,협력을 통한 수업개선활동 - 4)교내 교과 협의회 활동,likert,Y,2800,0,4.6364,1.6768,6.0,3.0,6.0,,72.73,62.96,
TR_COLLAB_05,2021,1주기,경기학교교육실태조사,중학교,C11,교사 전문성,S1102,동료 협력,교사,협력을 통한 수업개선활동 - 5)교육청 차원의 교과교육연구회 활동,likert,Y,5189,0,2.1663,1.6689,1.0,1.0,3.0,,23.33,13.3,
TR_COLLAB_05,2025,2주기,경기학교교육실태조사,중학교,C11,교사 전문성,S1102,동료 협력,교사,협력을 통한 수업개선활동 - 5)교육청 차원의 교과교육연구회 활동,likert,Y,2800,0,2.0339,1.6878,1.0,1.0,3.0,,20.68,13.29,
TR_COLLAB_06,2021,1주기,경기학교교육실태조사,중학교,C11,교사 전문성,S1102,동료 협력,교사,협력을 통한 수업개선활동 - 6)교사들의 학교 안 전문적 학습 활동,likert,Y,5189,0,5.5045,1.2111,6.0,6.0,6.0,,90.09,86.28,
TR_COLLAB_06,2025,2주기,경기학교교육실태조사,중학교,C11,교사 전문성,S1102,동료 협력,교사,협력을 통한 수업개선활동 - 6)교사들의 학교 안 전문적 학습 활동,likert,Y,2800,0,5.3593,1.4196,6.0,6.0,6.0,,87.19,83.04,
TR_COLLAB_07,2021,1주기,경기학교교육실태조사,중학교,C11,교사 전문성,S1102,동료 협력,교사,협력을 통한 수업개선활동 - 7)교사들의 학교 밖 전문적 학습 활동,likert,Y,5189,0,2.3191,1.8459,1.0,1.0,3.0,,26.38,18.02,
TR_COLLAB_07,2025,2주기,경기학교교육실태조사,중학교,C11,교사 전문성,S1102,동료 협력,교사,협력을 통한 수업개선활동 - 7)교사들의 학교 밖 전문적 학습 활동,likert,Y,2800,0,2.2371,1.8111,1.0,1.0,3.0,,24.74,16.89,
TR_PLC_01,2021,1주기,경기학교교육실태조사,중학교,C11,교사 전문성,S1102,동료 협력,교사,전문적 학습공동체 - 1)우리 학교는 학습공동체를 통해 처한 공동의 문제를 해결하려고 한다,likert,Y,5189,0,4.2079,0.7967,4.0,4.0,5.0,,80.2,85.12,
TR_PLC_01,2025,2주기,경기학교교육실태조사,중학교,C11,교사 전문성,S1102,동료 협력,교사,전문적 학습공동체 - 1)우리 학교는 학습공동체를 통해 처한 공동의 문제를 해결하려고 한다,likert,Y,2800,0,3.9925,0.8484,4.0,4.0,5.0,,74.81,76.25,
TR_PLC_02,2021,1주기,경기학교교육실태조사,중학교,C11,교사 전문성,S1102,동료 협력,교사,전문적 학습공동체 - 2)우리 학교 선생님들은 협력하여 교육과정을 재구성하거나 공동 수업안을 개발한다,likert,Y,5189,0,4.079,0.8526,4.0,4.0,5.0,,76.98,78.82,
TR_PLC_02,2025,2주기,경기학교교육실태조사,중학교,C11,교사 전문성,S1102,동료 협력,교사,전문적 학습공동체 - 2)우리 학교 선생님들은 협력하여 교육과정을 재구성하거나 공동 수업안을 개발한다,likert,Y,2800,0,3.9364,0.8361,4.0,3.0,5.0,,73.41,73.21,
TR_PLC_03,2021,1주기,경기학교교육실태조사,중학교,C11,교사 전문성,S1102,동료 협력,교사,"전문적 학습공동체 - 3)교육과정 세미나, 교수학습활동 워크숍, 교사 학급경영 발표회 등 협력적 연구 활동을 운영한다",likert,Y,5189,0,4.0426,0.8696,4.0,4.0,5.0,,76.06,76.82,
TR_PLC_03,2025,2주기,경기학교교육실태조사,중학교,C11,교사 전문성,S1102,동료 협력,교사,"전문적 학습공동체 - 3)교육과정 세미나, 교수학습활동 워크숍, 교사 학급경영 발표회 등 협력적 연구 활동을 운영한다",likert,Y,2800,0,3.8718,0.8631,4.0,3.0,4.0,,71.79,69.21,
TR_PLC_04,2021,1주기,경기학교교육실태조사,중학교,C11,교사 전문성,S1102,동료 협력,교사,전문적 학습공동체 - 4)우리 학교는 학습하는 조직이다.,likert,Y,5189,0,4.0114,0.866,4.0,4.0,5.0,,75.28,75.7,
TR_PLC_04,2025,2주기,경기학교교육실태조사,중학교,C11,교사 전문성,S1102,동료 협력,교사,전문적 학습공동체 - 4)우리 학교는 학습하는 조직이다.,likert,Y,2800,0,3.8925,0.8412,4.0,3.0,4.0,,72.31,71.21,
TR_TALK_01,2021,1주기,경기학교교육실태조사,중학교,C11,교사 전문성,S1102,동료 협력,교사,동료교사와의 대화(주제와 시간) - 1)수업 및 평가,likert,Y,5189,0,2.9069,1.5366,3.0,2.0,4.0,,38.14,17.5,
TR_TALK_01,2025,2주기,경기학교교육실태조사,중학교,C11,교사 전문성,S1102,동료 협력,교사,동료교사와의 대화(주제와 시간) - 1)수업 및 평가,likert,Y,2800,0,2.9696,1.5077,3.0,2.0,4.0,,39.39,16.96,
TR_TALK_02,2021,1주기,경기학교교육실태조사,중학교,C11,교사 전문성,S1102,동료 협력,교사,동료교사와의 대화(주제와 시간) - 2)진학·진로 지도,likert,Y,5189,0,2.9405,1.5823,3.0,2.0,4.0,,38.81,18.87,
TR_TALK_02,2025,2주기,경기학교교육실태조사,중학교,C11,교사 전문성,S1102,동료 협력,교사,동료교사와의 대화(주제와 시간) - 2)진학·진로 지도,likert,Y,2800,0,2.7039,1.542,2.0,1.0,4.0,,34.08,14.86,
TR_TALK_03,2021,1주기,경기학교교육실태조사,중학교,C11,교사 전문성,S1102,동료 협력,교사,동료교사와의 대화(주제와 시간) - 3)학교 행정업무,likert,Y,5189,0,3.5787,1.6485,3.0,2.0,5.0,,51.57,31.41,
TR_TALK_03,2025,2주기,경기학교교육실태조사,중학교,C11,교사 전문성,S1102,동료 협력,교사,동료교사와의 대화(주제와 시간) - 3)학교 행정업무,likert,Y,2800,0,3.4682,1.6146,3.0,2.0,5.0,,49.36,28.0,
TR_TALK_04,2021,1주기,경기학교교육실태조사,중학교,C11,교사 전문성,S1102,동료 협력,교사,동료교사와의 대화(주제와 시간) - 4)학생 생활지도 및 상담,likert,조건부,5189,0,3.4768,1.5743,3.0,2.0,5.0,,49.54,27.69,
TR_TALK_04,2025,2주기,경기학교교육실태조사,중학교,C11,교사 전문성,S1102,동료 협력,교사,동료교사와의 대화(주제와 시간) - 4)학생 생활지도 및 상담,likert,조건부,2800,0,3.7289,1.5831,4.0,2.0,5.0,,54.58,33.46,
TR_TRAIN_01,2021,1주기,경기학교교육실태조사,중학교,C11,교사 전문성,S1103,교사 연수,교사,교사 연수 항목 및 수강 시간 - 1)교수학습 및 평가,likert,Y,5189,0,2.9,1.385,3.0,2.0,4.0,,38.0,14.84,
TR_TRAIN_01,2025,2주기,경기학교교육실태조사,중학교,C11,교사 전문성,S1103,교사 연수,교사,교사 연수 항목 및 수강 시간 - 1)교수학습 및 평가,likert,Y,2800,0,3.2579,1.5451,3.0,2.0,4.0,,45.16,22.5,
TR_TRAIN_02,2021,1주기,경기학교교육실태조사,중학교,C11,교사 전문성,S1103,교사 연수,교사,교사 연수 항목 및 수강 시간 - 2)교육정보화 및 에듀테크 활용,likert,조건부,5189,0,2.318,1.1989,2.0,2.0,3.0,,26.36,7.13,
TR_TRAIN_02,2025,2주기,경기학교교육실태조사,중학교,C11,교사 전문성,S1103,교사 연수,교사,교사 연수 항목 및 수강 시간 - 2)교육정보화 및 에듀테크 활용,likert,조건부,2800,0,2.8646,1.1584,3.0,2.0,3.0,,37.29,9.25,
TR_TRAIN_03,2021,1주기,경기학교교육실태조사,중학교,C11,교사 전문성,S1103,교사 연수,교사,교사 연수 항목 및 수강 시간 - 3)자기계발,excluded,N,5189,0,2.6205,1.3536,2.0,2.0,3.0,,,,
TR_TRAIN_04,2021,1주기,경기학교교육실태조사,중학교,C11,교사 전문성,S1103,교사 연수,교사,교사 연수 항목 및 수강 시간 - 3)진로 및 진학 지도,likert,Y,5189,0,2.0551,1.1569,2.0,1.0,2.0,,21.1,5.42,
TR_TRAIN_04,2025,2주기,경기학교교육실태조사,중학교,C11,교사 전문성,S1103,교사 연수,교사,교사 연수 항목 및 수강 시간 - 3)진로 및 진학 지도,likert,Y,2800,0,2.1493,1.115,2.0,1.0,3.0,,22.99,5.0,
TR_TRAIN_05,2021,1주기,경기학교교육실태조사,중학교,C11,교사 전문성,S1103,교사 연수,교사,교사 연수 항목 및 수강 시간 - 4)교육과정 및 교육정책,likert,Y,5189,0,2.0133,1.1412,2.0,1.0,2.0,,20.27,5.2,
TR_TRAIN_05,2025,2주기,경기학교교육실태조사,중학교,C11,교사 전문성,S1103,교사 연수,교사,교사 연수 항목 및 수강 시간 - 4)교육과정 및 교육정책,likert,Y,2800,0,2.2314,1.0186,2.0,2.0,3.0,,24.63,4.07,
TR_TRAIN_06,2021,1주기,경기학교교육실태조사,중학교,C11,교사 전문성,S1103,교사 연수,교사,교사 연수 항목 및 수강 시간 - 5)상담 및 학급경영,likert,Y,5189,0,2.1274,1.1595,2.0,1.0,2.0,,22.55,5.92,
TR_TRAIN_06,2025,2주기,경기학교교육실태조사,중학교,C11,교사 전문성,S1103,교사 연수,교사,교사 연수 항목 및 수강 시간 - 5)상담 및 학급경영,likert,Y,2800,0,2.1879,1.1261,2.0,1.0,3.0,,23.76,5.54,
TR_TRAIN_07,2021,1주기,경기학교교육실태조사,중학교,C11,교사 전문성,S1103,교사 연수,교사,교사 연수 항목 및 수강 시간 - 6)학교폭력예방 교육 및 성교육,likert,Y,5189,0,2.5146,0.9798,2.0,2.0,3.0,,30.29,5.84,
TR_TRAIN_07,2025,2주기,경기학교교육실태조사,중학교,C11,교사 전문성,S1103,교사 연수,교사,교사 연수 항목 및 수강 시간 - 6)학교폭력예방 교육 및 성교육,likert,Y,2800,0,2.4871,0.8836,2.0,2.0,3.0,,29.74,4.25,
TR_LEADER_01,2021,1주기,경기학교교육실태조사,중학교,C12,학교풍토·리더십,S1201,학교장 리더십,교사,"학교장의 리더십(구:학교장의 변혁적 리더십) - 1)교장선생님은 학교발전에 대해 분명한 계획을 가지고, 교사 및 학부모와 학교 교육목표를 공유한다",likert,Y,5189,0,4.1087,0.8849,4.0,4.0,5.0,,77.72,79.11,
TR_LEADER_01,2025,2주기,경기학교교육실태조사,중학교,C12,학교풍토·리더십,S1201,학교장 리더십,교사,"학교장의 리더십(구:학교장의 변혁적 리더십) - 1)교장선생님은 학교발전에 대해 분명한 계획을 가지고, 교사 및 학부모와 학교 교육목표를 공유한다",likert,Y,2800,0,4.0293,0.9255,4.0,4.0,5.0,,75.73,77.11,
TR_LEADER_02,2021,1주기,경기학교교육실태조사,중학교,C12,학교풍토·리더십,S1201,학교장 리더십,교사,학교장의 리더십(구:학교장의 변혁적 리더십) - 2)교장선생님은 학교목표의 설정과 학교 자체 평가 과정에 교사를 참여시킨다,likert,Y,5189,0,4.0759,0.928,4.0,4.0,5.0,,76.9,77.78,
TR_LEADER_02,2025,2주기,경기학교교육실태조사,중학교,C12,학교풍토·리더십,S1201,학교장 리더십,교사,학교장의 리더십(구:학교장의 변혁적 리더십) - 2)교장선생님은 학교목표의 설정과 학교 자체 평가 과정에 교사를 참여시킨다,likert,Y,2800,0,3.9743,0.976,4.0,3.0,5.0,,74.36,74.79,
TR_LEADER_03,2021,1주기,경기학교교육실태조사,중학교,C12,학교풍토·리더십,S1201,학교장 리더십,교사,"학교장의 리더십(구:학교장의 변혁적 리더십) - 3)교장선생님은 학교혁신과 발전에 대해서 교사와 학부모, 학생에게 조언을 구한다",likert,Y,5189,0,4.0451,0.9497,4.0,4.0,5.0,,76.13,76.24,
TR_LEADER_03,2025,2주기,경기학교교육실태조사,중학교,C12,학교풍토·리더십,S1201,학교장 리더십,교사,"학교장의 리더십(구:학교장의 변혁적 리더십) - 3)교장선생님은 학교혁신과 발전에 대해서 교사와 학부모, 학생에게 조언을 구한다",likert,Y,2800,0,3.8836,1.008,4.0,3.0,5.0,,72.09,71.04,
TR_LEADER_04,2021,1주기,경기학교교육실태조사,중학교,C12,학교풍토·리더십,S1201,학교장 리더십,교사,학교장의 리더십(구:학교장의 변혁적 리더십) - 4)교장선생님은 교사에게 영향을 줄 수 있는 의사결정에 대해 교사들과 상의한다,likert,Y,5189,0,4.0143,1.0053,4.0,4.0,5.0,,75.36,75.2,
TR_LEADER_04,2025,2주기,경기학교교육실태조사,중학교,C12,학교풍토·리더십,S1201,학교장 리더십,교사,학교장의 리더십(구:학교장의 변혁적 리더십) - 4)교장선생님은 교사에게 영향을 줄 수 있는 의사결정에 대해 교사들과 상의한다,likert,Y,2800,0,3.8364,1.1004,4.0,3.0,5.0,,70.91,69.75,
TR_SCH_CULTURE_01,2021,1주기,경기학교교육실태조사,중학교,C12,학교풍토·리더십,S1202,민주적 학교문화,교사,혁신적·민주적 학교 문화 - 1)교사 개개인의 실수나 시행착오를 학습의 기회로 삼는 분위기이다,likert,Y,5189,0,3.7726,0.9309,4.0,3.0,4.0,,69.31,68.38,
TR_SCH_CULTURE_01,2025,2주기,경기학교교육실태조사,중학교,C12,학교풍토·리더십,S1202,민주적 학교문화,교사,혁신적·민주적 학교 문화 - 1)교사 개개인의 실수나 시행착오를 학습의 기회로 삼는 분위기이다,likert,Y,2800,0,3.7282,0.9132,4.0,3.0,4.0,,68.21,66.18,
TR_SCH_CULTURE_02,2021,1주기,경기학교교육실태조사,중학교,C12,학교풍토·리더십,S1202,민주적 학교문화,교사,혁신적·민주적 학교 문화 - 2)직위나 경력에 관계없이 교사들이 참신한 아이디어를 내도록 서로 격려한다,likert,Y,5189,0,3.9408,0.9415,4.0,3.0,5.0,,73.52,74.29,
TR_SCH_CULTURE_02,2025,2주기,경기학교교육실태조사,중학교,C12,학교풍토·리더십,S1202,민주적 학교문화,교사,혁신적·민주적 학교 문화 - 2)직위나 경력에 관계없이 교사들이 참신한 아이디어를 내도록 서로 격려한다,likert,Y,2800,0,3.8786,0.9407,4.0,3.0,5.0,,71.96,71.96,
TR_SCH_CULTURE_03,2021,1주기,경기학교교육실태조사,중학교,C12,학교풍토·리더십,S1202,민주적 학교문화,교사,혁신적·민주적 학교 문화 - 3)교장선생님의 학교경영에 대해 구성원이 자유롭게 의견을 제시한다,likert,Y,5189,0,3.7707,1.0361,4.0,3.0,5.0,,69.27,65.99,
TR_SCH_CULTURE_03,2025,2주기,경기학교교육실태조사,중학교,C12,학교풍토·리더십,S1202,민주적 학교문화,교사,혁신적·민주적 학교 문화 - 3)교장선생님의 학교경영에 대해 구성원이 자유롭게 의견을 제시한다,likert,Y,2800,0,3.6171,1.1121,4.0,3.0,4.0,,65.43,60.43,
TR_SCH_CULTURE_04,2021,1주기,경기학교교육실태조사,중학교,C12,학교풍토·리더십,S1202,민주적 학교문화,교사,혁신적·민주적 학교 문화 - 4)교사들의 아이디어가 학교 운영에 적극적으로 반영된다,likert,Y,5189,0,3.8096,0.9789,4.0,3.0,5.0,,70.24,66.93,
TR_SCH_CULTURE_04,2025,2주기,경기학교교육실태조사,중학교,C12,학교풍토·리더십,S1202,민주적 학교문화,교사,혁신적·민주적 학교 문화 - 4)교사들의 아이디어가 학교 운영에 적극적으로 반영된다,likert,Y,2800,0,3.6821,1.0075,4.0,3.0,4.0,,67.05,62.07,
TR_SCH_CULTURE_05,2021,1주기,경기학교교육실태조사,중학교,C12,학교풍토·리더십,S1202,민주적 학교문화,교사,혁신적·민주적 학교 문화 - 5)환경 변화에 대응하여 학교를 개선하기 위해 교사들이 능동적으로 노력한다,likert,Y,5189,0,3.9484,0.8966,4.0,3.0,5.0,,73.71,73.89,
TR_SCH_CULTURE_05,2025,2주기,경기학교교육실태조사,중학교,C12,학교풍토·리더십,S1202,민주적 학교문화,교사,혁신적·민주적 학교 문화 - 5)환경 변화에 대응하여 학교를 개선하기 위해 교사들이 능동적으로 노력한다,likert,Y,2800,0,3.8889,0.8951,4.0,3.0,5.0,,72.22,71.04,
TR_SCH_CULTURE_06,2021,1주기,경기학교교육실태조사,중학교,C12,학교풍토·리더십,S1202,민주적 학교문화,교사,혁신적·민주적 학교 문화 - 6)지역사회와의 연계를 강화하기 위하여 노력한다,likert,Y,5189,0,3.7051,0.9233,4.0,3.0,4.0,,67.63,60.67,
TR_SCH_CULTURE_06,2025,2주기,경기학교교육실태조사,중학교,C12,학교풍토·리더십,S1202,민주적 학교문화,교사,혁신적·민주적 학교 문화 - 6)지역사회와의 연계를 강화하기 위하여 노력한다,likert,Y,2800,0,3.5675,0.9024,4.0,3.0,4.0,,64.19,54.36,
TR_COMMUNITY_01,2021,1주기,경기학교교육실태조사,중학교,C12,학교풍토·리더십,S1203,지역사회 연계,교사,지역사회와의 연계 - 1)우리 학교는 학교와 학부모 혹은 지역사회기관과의 연계협력을 중요하게 생각한다,likert,Y,5189,0,3.9946,0.7927,4.0,4.0,5.0,,74.87,75.24,
TR_COMMUNITY_01,2025,2주기,경기학교교육실태조사,중학교,C12,학교풍토·리더십,S1203,지역사회 연계,교사,지역사회와의 연계 - 1)우리 학교는 학교와 학부모 혹은 지역사회기관과의 연계협력을 중요하게 생각한다,likert,Y,2800,0,3.86,0.791,4.0,3.0,4.0,,71.5,69.68,
TR_COMMUNITY_02,2021,1주기,경기학교교육실태조사,중학교,C12,학교풍토·리더십,S1203,지역사회 연계,교사,지역사회와의 연계 - 2)우리 학교는 학부모나 지역사회기관으로부터 학교 교육활동에 대한 다양한 도움을 받고 있다,likert,Y,5189,0,3.8757,0.8361,4.0,3.0,4.0,,71.89,68.41,
TR_COMMUNITY_02,2025,2주기,경기학교교육실태조사,중학교,C12,학교풍토·리더십,S1203,지역사회 연계,교사,지역사회와의 연계 - 2)우리 학교는 학부모나 지역사회기관으로부터 학교 교육활동에 대한 다양한 도움을 받고 있다,likert,Y,2800,0,3.7586,0.8245,4.0,3.0,4.0,,68.96,64.11,
TR_COMMUNITY_03,2021,1주기,경기학교교육실태조사,중학교,C12,학교풍토·리더십,S1203,지역사회 연계,교사,지역사회와의 연계 - 3)우리 학교는 지역사회에 도움을 준다,likert,Y,5189,0,3.8927,0.8054,4.0,3.0,4.0,,72.32,68.86,
TR_COMMUNITY_03,2025,2주기,경기학교교육실태조사,중학교,C12,학교풍토·리더십,S1203,지역사회 연계,교사,지역사회와의 연계 - 3)우리 학교는 지역사회에 도움을 준다,likert,Y,2800,0,3.8089,0.8219,4.0,3.0,4.0,,70.22,65.39,
TR_COMMUNITY_04,2021,1주기,경기학교교육실태조사,중학교,C12,학교풍토·리더십,S1203,지역사회 연계,교사,지역사회와의 연계 - 4)우리 학교는 학부모나 지역사회기관과 연계하여 진행하고 있는 프로그램에 학생들이 적극적으로 참여한다,likert,Y,5189,0,3.8416,0.8433,4.0,3.0,4.0,,71.04,66.08,
TR_COMMUNITY_04,2025,2주기,경기학교교육실태조사,중학교,C12,학교풍토·리더십,S1203,지역사회 연계,교사,지역사회와의 연계 - 4)우리 학교는 학부모나 지역사회기관과 연계하여 진행하고 있는 프로그램에 학생들이 적극적으로 참여한다,likert,Y,2800,0,3.7661,0.8587,4.0,3.0,4.0,,69.15,63.29,
TR_COMMUNITY_05,2021,1주기,경기학교교육실태조사,중학교,C12,학교풍토·리더십,S1203,지역사회 연계,교사,지역사회와의 연계 - 5)우리 학교는 학생들을 지원하기 위해 학부모나 지역사회기관과 협의회나 모임을 적극적으로 개최한다,likert,Y,5189,0,3.7782,0.8639,4.0,3.0,4.0,,69.45,61.9,
TR_COMMUNITY_05,2025,2주기,경기학교교육실태조사,중학교,C12,학교풍토·리더십,S1203,지역사회 연계,교사,지역사회와의 연계 - 5)우리 학교는 학생들을 지원하기 위해 학부모나 지역사회기관과 협의회나 모임을 적극적으로 개최한다,likert,Y,2800,0,3.5832,0.8745,4.0,3.0,4.0,,64.58,53.11,
