indicator_id,조사연도,코드,라벨
ST_PRIVED_TYPE_01,2021,0.0,아니오
ST_PRIVED_TYPE_01,2021,1.0,예
ST_PRIVED_TYPE_01,2025,0.0,해당없음
ST_PRIVED_TYPE_01,2025,1.0,참여
ST_PRIVED_TYPE_02,2021,0.0,아니오
ST_PRIVED_TYPE_02,2021,1.0,예
ST_PRIVED_TYPE_02,2025,0.0,해당없음
ST_PRIVED_TYPE_02,2025,1.0,참여
ST_PRIVED_TYPE_03,2021,0.0,아니오
ST_PRIVED_TYPE_03,2021,1.0,예
ST_PRIVED_TYPE_03,2025,0.0,해당없음
ST_PRIVED_TYPE_03,2025,1.0,참여
ST_CULTURE_01,2021,1.0,전혀 없음
ST_CULTURE_01,2021,2.0,1~2회
ST_CULTURE_01,2021,3.0,3~4회
ST_CULTURE_01,2021,4.0,5회 이상
ST_CULTURE_01,2025,1.0,전혀 없음
ST_CULTURE_01,2025,2.0,1-2회
ST_CULTURE_01,2025,3.0,3-4회
ST_CULTURE_01,2025,4.0,5회 이상
ST_CULTURE_02,2021,1.0,전혀 없음
ST_CULTURE_02,2021,2.0,1~2회
ST_CULTURE_02,2021,3.0,3~4회
ST_CULTURE_02,2021,4.0,5회 이상
ST_CULTURE_02,2025,1.0,전혀 없음
ST_CULTURE_02,2025,2.0,1-2회
ST_CULTURE_02,2025,3.0,3-4회
ST_CULTURE_02,2025,4.0,5회 이상
ST_CULTURE_03,2021,1.0,전혀 없음
ST_CULTURE_03,2021,2.0,1~2회
ST_CULTURE_03,2021,3.0,3~4회
ST_CULTURE_03,2021,4.0,5회 이상
ST_CULTURE_03,2025,1.0,전혀 없음
ST_CULTURE_03,2025,2.0,1-2회
ST_CULTURE_03,2025,3.0,3-4회
ST_CULTURE_03,2025,4.0,5회 이상
ST_CULTURE_04,2021,1.0,전혀 없음
ST_CULTURE_04,2021,2.0,1~2회
ST_CULTURE_04,2021,3.0,3~4회
ST_CULTURE_04,2021,4.0,5회 이상
ST_CULTURE_04,2025,1.0,전혀 없음
ST_CULTURE_04,2025,2.0,1-2회
ST_CULTURE_04,2025,3.0,3-4회
ST_CULTURE_04,2025,4.0,5회 이상
ST_CULTURE_05,2021,1.0,전혀 없음
ST_CULTURE_05,2021,2.0,1~2회
ST_CULTURE_05,2021,3.0,3~4회
ST_CULTURE_05,2021,4.0,5회 이상
ST_CULTURE_05,2025,1.0,전혀 없음
ST_CULTURE_05,2025,2.0,1-2회
ST_CULTURE_05,2025,3.0,3-4회
ST_CULTURE_05,2025,4.0,5회 이상
ST_CULTURE_06,2021,1.0,전혀 없음
ST_CULTURE_06,2021,2.0,1~2회
ST_CULTURE_06,2021,3.0,3~4회
ST_CULTURE_06,2021,4.0,5회 이상
ST_CULTURE_06,2025,1.0,전혀 없음
ST_CULTURE_06,2025,2.0,1-2회
ST_CULTURE_06,2025,3.0,3-4회
ST_CULTURE_06,2025,4.0,5회 이상
ST_CULTURE_07,2021,1.0,전혀 없음
ST_CULTURE_07,2021,2.0,1~2회
ST_CULTURE_07,2021,3.0,3~4회
ST_CULTURE_07,2021,4.0,5회 이상
ST_CULTURE_07,2025,1.0,전혀 없음
ST_CULTURE_07,2025,2.0,1-2회
ST_CULTURE_07,2025,3.0,3-4회
ST_CULTURE_07,2025,4.0,5회 이상
ST_CULTURE_08,2021,1.0,전혀 없음
ST_CULTURE_08,2021,2.0,1~2회
ST_CULTURE_08,2021,3.0,3~4회
ST_CULTURE_08,2021,4.0,5회 이상
ST_CULTURE_08,2025,1.0,전혀 없음
ST_CULTURE_08,2025,2.0,1-2회
ST_CULTURE_08,2025,3.0,3-4회
ST_CULTURE_08,2025,4.0,5회 이상
ST_CULTURE_09,2021,1.0,전혀 없음
ST_CULTURE_09,2021,2.0,1~2회
ST_CULTURE_09,2021,3.0,3~4회
ST_CULTURE_09,2021,4.0,5회 이상
ST_CULTURE_09,2025,1.0,전혀 없음
ST_CULTURE_09,2025,2.0,1-2회
ST_CULTURE_09,2025,3.0,3-4회
ST_CULTURE_09,2025,4.0,5회 이상
ST_CULTURE_10,2021,1.0,전혀 없음
ST_CULTURE_10,2021,2.0,1~2회
ST_CULTURE_10,2021,3.0,3~4회
ST_CULTURE_10,2021,4.0,5회 이상
ST_CULTURE_10,2025,1.0,전혀 없음
ST_CULTURE_10,2025,2.0,1-2회
ST_CULTURE_10,2025,3.0,3-4회
ST_CULTURE_10,2025,4.0,5회 이상
ST_MOTIV_01,2021,1.0,전혀 그렇지 않다
ST_MOTIV_01,2021,2.0,그렇지 않다
ST_MOTIV_01,2021,3.0,보통이다
ST_MOTIV_01,2021,4.0,그렇다
ST_MOTIV_01,2021,5.0,매우 그렇다
ST_MOTIV_01,2025,1.0,전혀그렇지않다
ST_MOTIV_01,2025,2.0,그렇지않다
ST_MOTIV_01,2025,3.0,보통이다
ST_MOTIV_01,2025,4.0,그렇다
ST_MOTIV_01,2025,5.0,매우그렇다
ST_MOTIV_02,2021,1.0,전혀 그렇지 않다
ST_MOTIV_02,2021,2.0,그렇지 않다
ST_MOTIV_02,2021,3.0,보통이다
ST_MOTIV_02,2021,4.0,그렇다
ST_MOTIV_02,2021,5.0,매우 그렇다
ST_MOTIV_02,2025,1.0,전혀그렇지않다
ST_MOTIV_02,2025,2.0,그렇지않다
ST_MOTIV_02,2025,3.0,보통이다
ST_MOTIV_02,2025,4.0,그렇다
ST_MOTIV_02,2025,5.0,매우그렇다
ST_MOTIV_03,2021,1.0,전혀 그렇지 않다
ST_MOTIV_03,2021,2.0,그렇지 않다
ST_MOTIV_03,2021,3.0,보통이다
ST_MOTIV_03,2021,4.0,그렇다
ST_MOTIV_03,2021,5.0,매우 그렇다
ST_MOTIV_03,2025,1.0,전혀그렇지않다
ST_MOTIV_03,2025,2.0,그렇지않다
ST_MOTIV_03,2025,3.0,보통이다
ST_MOTIV_03,2025,4.0,그렇다
ST_MOTIV_03,2025,5.0,매우그렇다
ST_MOTIV_04,2021,1.0,전혀 그렇지 않다
ST_MOTIV_04,2021,2.0,그렇지 않다
ST_MOTIV_04,2021,3.0,보통이다
ST_MOTIV_04,2021,4.0,그렇다
ST_MOTIV_04,2021,5.0,매우 그렇다
ST_MOTIV_04,2025,1.0,전혀그렇지않다
ST_MOTIV_04,2025,2.0,그렇지않다
ST_MOTIV_04,2025,3.0,보통이다
ST_MOTIV_04,2025,4.0,그렇다
ST_MOTIV_04,2025,5.0,매우그렇다
ST_MOTIV_05,2021,1.0,전혀 그렇지 않다
ST_MOTIV_05,2021,2.0,그렇지 않다
ST_MOTIV_05,2021,3.0,보통이다
ST_MOTIV_05,2021,4.0,그렇다
ST_MOTIV_05,2021,5.0,매우 그렇다
ST_MOTIV_05,2025,1.0,전혀그렇지않다
ST_MOTIV_05,2025,2.0,그렇지않다
ST_MOTIV_05,2025,3.0,보통이다
ST_MOTIV_05,2025,4.0,그렇다
ST_MOTIV_05,2025,5.0,매우그렇다
ST_MOTIV_06,2021,1.0,전혀 그렇지 않다
ST_MOTIV_06,2021,2.0,그렇지 않다
ST_MOTIV_06,2021,3.0,보통이다
ST_MOTIV_06,2021,4.0,그렇다
ST_MOTIV_06,2021,5.0,매우 그렇다
ST_MOTIV_06,2025,1.0,전혀그렇지않다
ST_MOTIV_06,2025,2.0,그렇지않다
ST_MOTIV_06,2025,3.0,보통이다
ST_MOTIV_06,2025,4.0,그렇다
ST_MOTIV_06,2025,5.0,매우그렇다
ST_MOTIV_07,2021,1.0,전혀 그렇지 않다
ST_MOTIV_07,2021,2.0,그렇지 않다
ST_MOTIV_07,2021,3.0,보통이다
ST_MOTIV_07,2021,4.0,그렇다
ST_MOTIV_07,2021,5.0,매우 그렇다
ST_MOTIV_07,2025,1.0,전혀그렇지않다
ST_MOTIV_07,2025,2.0,그렇지않다
ST_MOTIV_07,2025,3.0,보통이다
ST_MOTIV_07,2025,4.0,그렇다
ST_MOTIV_07,2025,5.0,매우그렇다
ST_MOTIV_08,2021,1.0,전혀 그렇지 않다
ST_MOTIV_08,2021,2.0,그렇지 않다
ST_MOTIV_08,2021,3.0,보통이다
ST_MOTIV_08,2021,4.0,그렇다
ST_MOTIV_08,2021,5.0,매우 그렇다
ST_MOTIV_08,2025,1.0,전혀그렇지않다
ST_MOTIV_08,2025,2.0,그렇지않다
ST_MOTIV_08,2025,3.0,보통이다
ST_MOTIV_08,2025,4.0,그렇다
ST_MOTIV_08,2025,5.0,매우그렇다
ST_STRESS_01,2021,1.0,전혀 그렇지 않다
ST_STRESS_01,2021,2.0,그렇지 않다
ST_STRESS_01,2021,3.0,보통이다
ST_STRESS_01,2021,4.0,그렇다
ST_STRESS_01,2021,5.0,매우 그렇다
ST_STRESS_01,2025,1.0,전혀그렇지않다
ST_STRESS_01,2025,2.0,그렇지않다
ST_STRESS_01,2025,3.0,보통이다
ST_STRESS_01,2025,4.0,그렇다
ST_STRESS_01,2025,5.0,매우그렇다
ST_STRESS_02,2021,1.0,전혀 그렇지 않다
ST_STRESS_02,2021,2.0,그렇지 않다
ST_STRESS_02,2021,3.0,보통이다
ST_STRESS_02,2021,4.0,그렇다
ST_STRESS_02,2021,5.0,매우 그렇다
ST_STRESS_02,2025,1.0,전혀그렇지않다
ST_STRESS_02,2025,2.0,그렇지않다
ST_STRESS_02,2025,3.0,보통이다
ST_STRESS_02,2025,4.0,그렇다
ST_STRESS_02,2025,5.0,매우그렇다
ST_STRESS_03,2021,1.0,전혀 그렇지 않다
ST_STRESS_03,2021,2.0,그렇지 않다
ST_STRESS_03,2021,3.0,보통이다
ST_STRESS_03,2021,4.0,그렇다
ST_STRESS_03,2021,5.0,매우 그렇다
ST_STRESS_03,2025,1.0,전혀그렇지않다
ST_STRESS_03,2025,2.0,그렇지않다
ST_STRESS_03,2025,3.0,보통이다
ST_STRESS_03,2025,4.0,그렇다
ST_STRESS_03,2025,5.0,매우그렇다
ST_STRESS_04,2021,1.0,전혀 그렇지 않다
ST_STRESS_04,2021,2.0,그렇지 않다
ST_STRESS_04,2021,3.0,보통이다
ST_STRESS_04,2021,4.0,그렇다
ST_STRESS_04,2021,5.0,매우 그렇다
ST_STRESS_04,2025,1.0,전혀그렇지않다
ST_STRESS_04,2025,2.0,그렇지않다
ST_STRESS_04,2025,3.0,보통이다
ST_STRESS_04,2025,4.0,그렇다
ST_STRESS_04,2025,5.0,매우그렇다
ST_STRATEGY_01,2021,1.0,전혀 그렇지 않다
ST_STRATEGY_01,2021,2.0,그렇지 않다
ST_STRATEGY_01,2021,3.0,보통이다
ST_STRATEGY_01,2021,4.0,그렇다
ST_STRATEGY_01,2021,5.0,매우 그렇다
ST_STRATEGY_01,2025,1.0,전혀그렇지않다
ST_STRATEGY_01,2025,2.0,그렇지않다
ST_STRATEGY_01,2025,3.0,보통이다
ST_STRATEGY_01,2025,4.0,그렇다
ST_STRATEGY_01,2025,5.0,매우그렇다
ST_STRATEGY_02,2021,1.0,전혀 그렇지 않다
ST_STRATEGY_02,2021,2.0,그렇지 않다
ST_STRATEGY_02,2021,3.0,보통이다
ST_STRATEGY_02,2021,4.0,그렇다
ST_STRATEGY_02,2021,5.0,매우 그렇다
ST_STRATEGY_02,2025,1.0,전혀그렇지않다
ST_STRATEGY_02,2025,2.0,그렇지않다
ST_STRATEGY_02,2025,3.0,보통이다
ST_STRATEGY_02,2025,4.0,그렇다
ST_STRATEGY_02,2025,5.0,매우그렇다
ST_STRATEGY_03,2021,1.0,전혀 그렇지 않다
ST_STRATEGY_03,2021,2.0,그렇지 않다
ST_STRATEGY_03,2021,3.0,보통이다
ST_STRATEGY_03,2021,4.0,그렇다
ST_STRATEGY_03,2021,5.0,매우 그렇다
ST_STRATEGY_03,2025,1.0,전혀그렇지않다
ST_STRATEGY_03,2025,2.0,그렇지않다
ST_STRATEGY_03,2025,3.0,보통이다
ST_STRATEGY_03,2025,4.0,그렇다
ST_STRATEGY_03,2025,5.0,매우그렇다
ST_STRATEGY_04,2021,1.0,전혀 그렇지 않다
ST_STRATEGY_04,2021,2.0,그렇지 않다
ST_STRATEGY_04,2021,3.0,보통이다
ST_STRATEGY_04,2021,4.0,그렇다
ST_STRATEGY_04,2021,5.0,매우 그렇다
ST_STRATEGY_04,2025,1.0,전혀그렇지않다
ST_STRATEGY_04,2025,2.0,그렇지않다
ST_STRATEGY_04,2025,3.0,보통이다
ST_STRATEGY_04,2025,4.0,그렇다
ST_STRATEGY_04,2025,5.0,매우그렇다
ST_STRATEGY_05,2021,1.0,전혀 그렇지 않다
ST_STRATEGY_05,2021,2.0,그렇지 않다
ST_STRATEGY_05,2021,3.0,보통이다
ST_STRATEGY_05,2021,4.0,그렇다
ST_STRATEGY_05,2021,5.0,매우 그렇다
ST_STRATEGY_05,2025,1.0,전혀그렇지않다
ST_STRATEGY_05,2025,2.0,그렇지않다
ST_STRATEGY_05,2025,3.0,보통이다
ST_STRATEGY_05,2025,4.0,그렇다
ST_STRATEGY_05,2025,5.0,매우그렇다
ST_STRATEGY_06,2021,1.0,전혀 그렇지 않다
ST_STRATEGY_06,2021,2.0,그렇지 않다
ST_STRATEGY_06,2021,3.0,보통이다
ST_STRATEGY_06,2021,4.0,그렇다
ST_STRATEGY_06,2021,5.0,매우 그렇다
ST_STRATEGY_06,2025,1.0,전혀그렇지않다
ST_STRATEGY_06,2025,2.0,그렇지않다
ST_STRATEGY_06,2025,3.0,보통이다
ST_STRATEGY_06,2025,4.0,그렇다
ST_STRATEGY_06,2025,5.0,매우그렇다
ST_STRATEGY_07,2021,1.0,전혀 그렇지 않다
ST_STRATEGY_07,2021,2.0,그렇지 않다
ST_STRATEGY_07,2021,3.0,보통이다
ST_STRATEGY_07,2021,4.0,그렇다
ST_STRATEGY_07,2021,5.0,매우 그렇다
ST_STRATEGY_07,2025,1.0,전혀그렇지않다
ST_STRATEGY_07,2025,2.0,그렇지않다
ST_STRATEGY_07,2025,3.0,보통이다
ST_STRATEGY_07,2025,4.0,그렇다
ST_STRATEGY_07,2025,5.0,매우그렇다
ST_STRATEGY_08,2021,1.0,전혀 그렇지 않다
ST_STRATEGY_08,2021,2.0,그렇지 않다
ST_STRATEGY_08,2021,3.0,보통이다
ST_STRATEGY_08,2021,4.0,그렇다
ST_STRATEGY_08,2021,5.0,매우 그렇다
ST_STRATEGY_08,2025,1.0,전혀그렇지않다
ST_STRATEGY_08,2025,2.0,그렇지않다
ST_STRATEGY_08,2025,3.0,보통이다
ST_STRATEGY_08,2025,4.0,그렇다
ST_STRATEGY_08,2025,5.0,매우그렇다
ST_SDL_01,2021,1.0,전혀 그렇지 않다
ST_SDL_01,2021,2.0,그렇지 않다
ST_SDL_01,2021,3.0,보통이다
ST_SDL_01,2021,4.0,그렇다
ST_SDL_01,2021,5.0,매우 그렇다
ST_SDL_01,2025,1.0,전혀그렇지않다
ST_SDL_01,2025,2.0,그렇지않다
ST_SDL_01,2025,3.0,보통이다
ST_SDL_01,2025,4.0,그렇다
ST_SDL_01,2025,5.0,매우그렇다
ST_SDL_02,2021,1.0,전혀 그렇지 않다
ST_SDL_02,2021,2.0,그렇지 않다
ST_SDL_02,2021,3.0,보통이다
ST_SDL_02,2021,4.0,그렇다
ST_SDL_02,2021,5.0,매우 그렇다
ST_SDL_02,2025,1.0,전혀그렇지않다
ST_SDL_02,2025,2.0,그렇지않다
ST_SDL_02,2025,3.0,보통이다
ST_SDL_02,2025,4.0,그렇다
ST_SDL_02,2025,5.0,매우그렇다
ST_SDL_03,2021,1.0,전혀 그렇지 않다
ST_SDL_03,2021,2.0,그렇지 않다
ST_SDL_03,2021,3.0,보통이다
ST_SDL_03,2021,4.0,그렇다
ST_SDL_03,2021,5.0,매우 그렇다
ST_SDL_03,2025,1.0,전혀그렇지않다
ST_SDL_03,2025,2.0,그렇지않다
ST_SDL_03,2025,3.0,보통이다
ST_SDL_03,2025,4.0,그렇다
ST_SDL_03,2025,5.0,매우그렇다
ST_SDL_04,2021,1.0,전혀 그렇지 않다
ST_SDL_04,2021,2.0,그렇지 않다
ST_SDL_04,2021,3.0,보통이다
ST_SDL_04,2021,4.0,그렇다
ST_SDL_04,2021,5.0,매우 그렇다
ST_SDL_04,2025,1.0,전혀그렇지않다
ST_SDL_04,2025,2.0,그렇지않다
ST_SDL_04,2025,3.0,보통이다
ST_SDL_04,2025,4.0,그렇다
ST_SDL_04,2025,5.0,매우그렇다
ST_SDL_05,2021,1.0,전혀 그렇지 않다
ST_SDL_05,2021,2.0,그렇지 않다
ST_SDL_05,2021,3.0,보통이다
ST_SDL_05,2021,4.0,그렇다
ST_SDL_05,2021,5.0,매우 그렇다
ST_SDL_05,2025,1.0,전혀그렇지않다
ST_SDL_05,2025,2.0,그렇지않다
ST_SDL_05,2025,3.0,보통이다
ST_SDL_05,2025,4.0,그렇다
ST_SDL_05,2025,5.0,매우그렇다
ST_SDL_06,2021,1.0,전혀 그렇지 않다
ST_SDL_06,2021,2.0,그렇지 않다
ST_SDL_06,2021,3.0,보통이다
ST_SDL_06,2021,4.0,그렇다
ST_SDL_06,2021,5.0,매우 그렇다
ST_SDL_06,2025,1.0,전혀그렇지않다
ST_SDL_06,2025,2.0,그렇지않다
ST_SDL_06,2025,3.0,보통이다
ST_SDL_06,2025,4.0,그렇다
ST_SDL_06,2025,5.0,매우그렇다
ST_SDL_07,2021,1.0,전혀 그렇지 않다
ST_SDL_07,2021,2.0,그렇지 않다
ST_SDL_07,2021,3.0,보통이다
ST_SDL_07,2021,4.0,그렇다
ST_SDL_07,2021,5.0,매우 그렇다
ST_SDL_07,2025,1.0,전혀그렇지않다
ST_SDL_07,2025,2.0,그렇지않다
ST_SDL_07,2025,3.0,보통이다
ST_SDL_07,2025,4.0,그렇다
ST_SDL_07,2025,5.0,매우그렇다
ST_SDL_08,2021,1.0,전혀 그렇지 않다
ST_SDL_08,2021,2.0,그렇지 않다
ST_SDL_08,2021,3.0,보통이다
ST_SDL_08,2021,4.0,그렇다
ST_SDL_08,2021,5.0,매우 그렇다
ST_SDL_08,2025,1.0,전혀그렇지않다
ST_SDL_08,2025,2.0,그렇지않다
ST_SDL_08,2025,3.0,보통이다
ST_SDL_08,2025,4.0,그렇다
ST_SDL_08,2025,5.0,매우그렇다
ST_SDL_09,2021,1.0,전혀 그렇지 않다
ST_SDL_09,2021,2.0,그렇지 않다
ST_SDL_09,2021,3.0,보통이다
ST_SDL_09,2021,4.0,그렇다
ST_SDL_09,2021,5.0,매우 그렇다
ST_SDL_09,2025,1.0,전혀그렇지않다
ST_SDL_09,2025,2.0,그렇지않다
ST_SDL_09,2025,3.0,보통이다
ST_SDL_09,2025,4.0,그렇다
ST_SDL_09,2025,5.0,매우그렇다
ST_GRADE_SELF_01,2021,1.0,아주 낮은 편
ST_GRADE_SELF_01,2021,2.0,낮은 편
ST_GRADE_SELF_01,2021,3.0,보통
ST_GRADE_SELF_01,2021,4.0,높은 편
ST_GRADE_SELF_01,2021,5.0,아주 높은 편
ST_GRADE_SELF_01,2025,1.0,아주 낮은 편
ST_GRADE_SELF_01,2025,2.0,낮은 편
ST_GRADE_SELF_01,2025,3.0,보통
ST_GRADE_SELF_01,2025,4.0,높은 편
ST_GRADE_SELF_01,2025,5.0,아주 높은 편
ST_ASPIRE_01,2021,1.0,고등학교 졸업
ST_ASPIRE_01,2021,2.0,2~3년제 대학 졸업
ST_ASPIRE_01,2021,3.0,4년제 대학 졸업
ST_ASPIRE_01,2021,4.0,대학원 석사 졸업
ST_ASPIRE_01,2021,5.0,대학원 박사 졸업
ST_ASPIRE_01,2021,6.0,잘 모르겠다
ST_ASPIRE_01,2025,1.0,고등학교 졸업
ST_ASPIRE_01,2025,2.0,2~3년제 대학 졸업
ST_ASPIRE_01,2025,3.0,4년제 대학 졸업
ST_ASPIRE_01,2025,4.0,대학원 석사 졸업
ST_ASPIRE_01,2025,5.0,대학원 박사 졸업
ST_ASPIRE_01,2025,6.0,잘 모르겠다
ST_CLASS_01,2021,1.0,전혀 그렇지 않다
ST_CLASS_01,2021,2.0,그렇지 않다
ST_CLASS_01,2021,3.0,보통이다
ST_CLASS_01,2021,4.0,그렇다
ST_CLASS_01,2021,5.0,매우 그렇다
ST_CLASS_01,2025,1.0,전혀그렇지않다
ST_CLASS_01,2025,2.0,그렇지않다
ST_CLASS_01,2025,3.0,보통이다
ST_CLASS_01,2025,4.0,그렇다
ST_CLASS_01,2025,5.0,매우그렇다
ST_CLASS_02,2021,1.0,전혀 그렇지 않다
ST_CLASS_02,2021,2.0,그렇지 않다
ST_CLASS_02,2021,3.0,보통이다
ST_CLASS_02,2021,4.0,그렇다
ST_CLASS_02,2021,5.0,매우 그렇다
ST_CLASS_02,2025,1.0,전혀그렇지않다
ST_CLASS_02,2025,2.0,그렇지않다
ST_CLASS_02,2025,3.0,보통이다
ST_CLASS_02,2025,4.0,그렇다
ST_CLASS_02,2025,5.0,매우그렇다
ST_CLASS_03,2021,1.0,전혀 그렇지 않다
ST_CLASS_03,2021,2.0,그렇지 않다
ST_CLASS_03,2021,3.0,보통이다
ST_CLASS_03,2021,4.0,그렇다
ST_CLASS_03,2021,5.0,매우 그렇다
ST_CLASS_03,2025,1.0,전혀그렇지않다
ST_CLASS_03,2025,2.0,그렇지않다
ST_CLASS_03,2025,3.0,보통이다
ST_CLASS_03,2025,4.0,그렇다
ST_CLASS_03,2025,5.0,매우그렇다
ST_CLASS_04,2021,1.0,전혀 그렇지 않다
ST_CLASS_04,2021,2.0,그렇지 않다
ST_CLASS_04,2021,3.0,보통이다
ST_CLASS_04,2021,4.0,그렇다
ST_CLASS_04,2021,5.0,매우 그렇다
ST_CLASS_04,2025,1.0,전혀그렇지않다
ST_CLASS_04,2025,2.0,그렇지않다
ST_CLASS_04,2025,3.0,보통이다
ST_CLASS_04,2025,4.0,그렇다
ST_CLASS_04,2025,5.0,매우그렇다
ST_CLASS_05,2021,1.0,전혀 그렇지 않다
ST_CLASS_05,2021,2.0,그렇지 않다
ST_CLASS_05,2021,3.0,보통이다
ST_CLASS_05,2021,4.0,그렇다
ST_CLASS_05,2021,5.0,매우 그렇다
ST_CLASS_05,2025,1.0,전혀그렇지않다
ST_CLASS_05,2025,2.0,그렇지않다
ST_CLASS_05,2025,3.0,보통이다
ST_CLASS_05,2025,4.0,그렇다
ST_CLASS_05,2025,5.0,매우그렇다
ST_CLASS_06,2021,1.0,전혀 그렇지 않다
ST_CLASS_06,2021,2.0,그렇지 않다
ST_CLASS_06,2021,3.0,보통이다
ST_CLASS_06,2021,4.0,그렇다
ST_CLASS_06,2021,5.0,매우 그렇다
ST_CLASS_06,2025,1.0,전혀그렇지않다
ST_CLASS_06,2025,2.0,그렇지않다
ST_CLASS_06,2025,3.0,보통이다
ST_CLASS_06,2025,4.0,그렇다
ST_CLASS_06,2025,5.0,매우그렇다
ST_CLASS_07,2021,1.0,전혀 그렇지 않다
ST_CLASS_07,2021,2.0,그렇지 않다
ST_CLASS_07,2021,3.0,보통이다
ST_CLASS_07,2021,4.0,그렇다
ST_CLASS_07,2021,5.0,매우 그렇다
ST_CLASS_07,2025,1.0,전혀그렇지않다
ST_CLASS_07,2025,2.0,그렇지않다
ST_CLASS_07,2025,3.0,보통이다
ST_CLASS_07,2025,4.0,그렇다
ST_CLASS_07,2025,5.0,매우그렇다
ST_CLASS_08,2021,1.0,전혀 그렇지 않다
ST_CLASS_08,2021,2.0,그렇지 않다
ST_CLASS_08,2021,3.0,보통이다
ST_CLASS_08,2021,4.0,그렇다
ST_CLASS_08,2021,5.0,매우 그렇다
ST_CLASS_08,2025,1.0,전혀그렇지않다
ST_CLASS_08,2025,2.0,그렇지않다
ST_CLASS_08,2025,3.0,보통이다
ST_CLASS_08,2025,4.0,그렇다
ST_CLASS_08,2025,5.0,매우그렇다
ST_CLASS_09,2021,1.0,전혀 그렇지 않다
ST_CLASS_09,2021,2.0,그렇지 않다
ST_CLASS_09,2021,3.0,보통이다
ST_CLASS_09,2021,4.0,그렇다
ST_CLASS_09,2021,5.0,매우 그렇다
ST_CLASS_09,2025,1.0,전혀그렇지않다
ST_CLASS_09,2025,2.0,그렇지않다
ST_CLASS_09,2025,3.0,보통이다
ST_CLASS_09,2025,4.0,그렇다
ST_CLASS_09,2025,5.0,매우그렇다
ST_CLASS_SC_01,2021,1.0,전혀 그렇지 않다
ST_CLASS_SC_01,2021,2.0,그렇지 않다
ST_CLASS_SC_01,2021,3.0,보통이다
ST_CLASS_SC_01,2021,4.0,그렇다
ST_CLASS_SC_01,2021,5.0,매우 그렇다
ST_CLASS_SC_01,2025,1.0,전혀그렇지않다
ST_CLASS_SC_01,2025,2.0,그렇지않다
ST_CLASS_SC_01,2025,3.0,보통이다
ST_CLASS_SC_01,2025,4.0,그렇다
ST_CLASS_SC_01,2025,5.0,매우그렇다
ST_CLASS_SC_02,2021,1.0,전혀 그렇지 않다
ST_CLASS_SC_02,2021,2.0,그렇지 않다
ST_CLASS_SC_02,2021,3.0,보통이다
ST_CLASS_SC_02,2021,4.0,그렇다
ST_CLASS_SC_02,2021,5.0,매우 그렇다
ST_CLASS_SC_02,2025,1.0,전혀그렇지않다
ST_CLASS_SC_02,2025,2.0,그렇지않다
ST_CLASS_SC_02,2025,3.0,보통이다
ST_CLASS_SC_02,2025,4.0,그렇다
ST_CLASS_SC_02,2025,5.0,매우그렇다
ST_ASSESS_02,2021,1.0,전혀 그렇지 않다
ST_ASSESS_02,2021,2.0,그렇지 않다
ST_ASSESS_02,2021,3.0,보통이다
ST_ASSESS_02,2021,4.0,그렇다
ST_ASSESS_02,2021,5.0,매우 그렇다
ST_ASSESS_02,2025,1.0,전혀그렇지않다
ST_ASSESS_02,2025,2.0,그렇지않다
ST_ASSESS_02,2025,3.0,보통이다
ST_ASSESS_02,2025,4.0,그렇다
ST_ASSESS_02,2025,5.0,매우그렇다
ST_ASSESS_03,2021,1.0,전혀 그렇지 않다
ST_ASSESS_03,2021,2.0,그렇지 않다
ST_ASSESS_03,2021,3.0,보통이다
ST_ASSESS_03,2021,4.0,그렇다
ST_ASSESS_03,2021,5.0,매우 그렇다
ST_ASSESS_03,2025,1.0,전혀그렇지않다
ST_ASSESS_03,2025,2.0,그렇지않다
ST_ASSESS_03,2025,3.0,보통이다
ST_ASSESS_03,2025,4.0,그렇다
ST_ASSESS_03,2025,5.0,매우그렇다
ST_ASSESS_04,2021,1.0,전혀 그렇지 않다
ST_ASSESS_04,2021,2.0,그렇지 않다
ST_ASSESS_04,2021,3.0,보통이다
ST_ASSESS_04,2021,4.0,그렇다
ST_ASSESS_04,2021,5.0,매우 그렇다
ST_ASSESS_04,2025,1.0,전혀그렇지않다
ST_ASSESS_04,2025,2.0,그렇지않다
ST_ASSESS_04,2025,3.0,보통이다
ST_ASSESS_04,2025,4.0,그렇다
ST_ASSESS_04,2025,5.0,매우그렇다
ST_DIGI_EDU_01,2021,1.0,전혀 그렇지 않다
ST_DIGI_EDU_01,2021,2.0,그렇지 않다
ST_DIGI_EDU_01,2021,3.0,보통이다
ST_DIGI_EDU_01,2021,4.0,그렇다
ST_DIGI_EDU_01,2021,5.0,매우 그렇다
ST_DIGI_EDU_01,2025,1.0,전혀그렇지않다
ST_DIGI_EDU_01,2025,2.0,그렇지않다
ST_DIGI_EDU_01,2025,3.0,보통이다
ST_DIGI_EDU_01,2025,4.0,그렇다
ST_DIGI_EDU_01,2025,5.0,매우그렇다
ST_DIGI_EDU_02,2021,1.0,전혀 그렇지 않다
ST_DIGI_EDU_02,2021,2.0,그렇지 않다
ST_DIGI_EDU_02,2021,3.0,보통이다
ST_DIGI_EDU_02,2021,4.0,그렇다
ST_DIGI_EDU_02,2021,5.0,매우 그렇다
ST_DIGI_EDU_02,2025,1.0,전혀그렇지않다
ST_DIGI_EDU_02,2025,2.0,그렇지않다
ST_DIGI_EDU_02,2025,3.0,보통이다
ST_DIGI_EDU_02,2025,4.0,그렇다
ST_DIGI_EDU_02,2025,5.0,매우그렇다
ST_DIGI_EDU_03,2021,1.0,전혀 그렇지 않다
ST_DIGI_EDU_03,2021,2.0,그렇지 않다
ST_DIGI_EDU_03,2021,3.0,보통이다
ST_DIGI_EDU_03,2021,4.0,그렇다
ST_DIGI_EDU_03,2021,5.0,매우 그렇다
ST_DIGI_EDU_03,2025,1.0,전혀그렇지않다
ST_DIGI_EDU_03,2025,2.0,그렇지않다
ST_DIGI_EDU_03,2025,3.0,보통이다
ST_DIGI_EDU_03,2025,4.0,그렇다
ST_DIGI_EDU_03,2025,5.0,매우그렇다
ST_DIGI_EDU_04,2021,1.0,전혀 그렇지 않다
ST_DIGI_EDU_04,2021,2.0,그렇지 않다
ST_DIGI_EDU_04,2021,3.0,보통이다
ST_DIGI_EDU_04,2021,4.0,그렇다
ST_DIGI_EDU_04,2021,5.0,매우 그렇다
ST_DIGI_EDU_04,2025,1.0,전혀그렇지않다
ST_DIGI_EDU_04,2025,2.0,그렇지않다
ST_DIGI_EDU_04,2025,3.0,보통이다
ST_DIGI_EDU_04,2025,4.0,그렇다
ST_DIGI_EDU_04,2025,5.0,매우그렇다
ST_DIGI_LIT_01,2021,1.0,전혀 그렇지 않다
ST_DIGI_LIT_01,2021,2.0,그렇지 않다
ST_DIGI_LIT_01,2021,3.0,보통이다
ST_DIGI_LIT_01,2021,4.0,그렇다
ST_DIGI_LIT_01,2021,5.0,매우 그렇다
ST_DIGI_LIT_01,2025,1.0,전혀그렇지않다
ST_DIGI_LIT_01,2025,2.0,그렇지않다
ST_DIGI_LIT_01,2025,3.0,보통이다
ST_DIGI_LIT_01,2025,4.0,그렇다
ST_DIGI_LIT_01,2025,5.0,매우그렇다
ST_DIGI_LIT_02,2021,1.0,전혀 그렇지 않다
ST_DIGI_LIT_02,2021,2.0,그렇지 않다
ST_DIGI_LIT_02,2021,3.0,보통이다
ST_DIGI_LIT_02,2021,4.0,그렇다
ST_DIGI_LIT_02,2021,5.0,매우 그렇다
ST_DIGI_LIT_02,2025,1.0,전혀그렇지않다
ST_DIGI_LIT_02,2025,2.0,그렇지않다
ST_DIGI_LIT_02,2025,3.0,보통이다
ST_DIGI_LIT_02,2025,4.0,그렇다
ST_DIGI_LIT_02,2025,5.0,매우그렇다
ST_DIGI_LIT_03,2021,1.0,전혀 그렇지 않다
ST_DIGI_LIT_03,2021,2.0,그렇지 않다
ST_DIGI_LIT_03,2021,3.0,보통이다
ST_DIGI_LIT_03,2021,4.0,그렇다
ST_DIGI_LIT_03,2021,5.0,매우 그렇다
ST_DIGI_LIT_03,2025,1.0,전혀그렇지않다
ST_DIGI_LIT_03,2025,2.0,그렇지않다
ST_DIGI_LIT_03,2025,3.0,보통이다
ST_DIGI_LIT_03,2025,4.0,그렇다
ST_DIGI_LIT_03,2025,5.0,매우그렇다
ST_DIGI_LIT_04,2021,1.0,전혀 그렇지 않다
ST_DIGI_LIT_04,2021,2.0,그렇지 않다
ST_DIGI_LIT_04,2021,3.0,보통이다
ST_DIGI_LIT_04,2021,4.0,그렇다
ST_DIGI_LIT_04,2021,5.0,매우 그렇다
ST_DIGI_LIT_04,2025,1.0,전혀그렇지않다
ST_DIGI_LIT_04,2025,2.0,그렇지않다
ST_DIGI_LIT_04,2025,3.0,보통이다
ST_DIGI_LIT_04,2025,4.0,그렇다
ST_DIGI_LIT_04,2025,5.0,매우그렇다
ST_DIGI_LIT_05,2021,1.0,전혀 그렇지 않다
ST_DIGI_LIT_05,2021,2.0,그렇지 않다
ST_DIGI_LIT_05,2021,3.0,보통이다
ST_DIGI_LIT_05,2021,4.0,그렇다
ST_DIGI_LIT_05,2021,5.0,매우 그렇다
ST_DIGI_LIT_05,2025,1.0,전혀그렇지않다
ST_DIGI_LIT_05,2025,2.0,그렇지않다
ST_DIGI_LIT_05,2025,3.0,보통이다
ST_DIGI_LIT_05,2025,4.0,그렇다
ST_DIGI_LIT_05,2025,5.0,매우그렇다
ST_DIGI_LIT_06,2021,1.0,전혀 그렇지 않다
ST_DIGI_LIT_06,2021,2.0,그렇지 않다
ST_DIGI_LIT_06,2021,3.0,보통이다
ST_DIGI_LIT_06,2021,4.0,그렇다
ST_DIGI_LIT_06,2021,5.0,매우 그렇다
ST_DIGI_LIT_06,2025,1.0,전혀그렇지않다
ST_DIGI_LIT_06,2025,2.0,그렇지않다
ST_DIGI_LIT_06,2025,3.0,보통이다
ST_DIGI_LIT_06,2025,4.0,그렇다
ST_DIGI_LIT_06,2025,5.0,매우그렇다
ST_DIGI_LIT_07,2021,1.0,전혀 그렇지 않다
ST_DIGI_LIT_07,2021,2.0,그렇지 않다
ST_DIGI_LIT_07,2021,3.0,보통이다
ST_DIGI_LIT_07,2021,4.0,그렇다
ST_DIGI_LIT_07,2021,5.0,매우 그렇다
ST_DIGI_LIT_07,2025,1.0,전혀그렇지않다
ST_DIGI_LIT_07,2025,2.0,그렇지않다
ST_DIGI_LIT_07,2025,3.0,보통이다
ST_DIGI_LIT_07,2025,4.0,그렇다
ST_DIGI_LIT_07,2025,5.0,매우그렇다
ST_DIGI_LIT_08,2021,1.0,전혀 그렇지 않다
ST_DIGI_LIT_08,2021,2.0,그렇지 않다
ST_DIGI_LIT_08,2021,3.0,보통이다
ST_DIGI_LIT_08,2021,4.0,그렇다
ST_DIGI_LIT_08,2021,5.0,매우 그렇다
ST_DIGI_LIT_08,2025,1.0,전혀그렇지않다
ST_DIGI_LIT_08,2025,2.0,그렇지않다
ST_DIGI_LIT_08,2025,3.0,보통이다
ST_DIGI_LIT_08,2025,4.0,그렇다
ST_DIGI_LIT_08,2025,5.0,매우그렇다
ST_DIGI_LIT_09,2021,1.0,전혀 그렇지 않다
ST_DIGI_LIT_09,2021,2.0,그렇지 않다
ST_DIGI_LIT_09,2021,3.0,보통이다
ST_DIGI_LIT_09,2021,4.0,그렇다
ST_DIGI_LIT_09,2021,5.0,매우 그렇다
ST_DIGI_LIT_09,2025,1.0,전혀그렇지않다
ST_DIGI_LIT_09,2025,2.0,그렇지않다
ST_DIGI_LIT_09,2025,3.0,보통이다
ST_DIGI_LIT_09,2025,4.0,그렇다
ST_DIGI_LIT_09,2025,5.0,매우그렇다
ST_DIGI_LIT_10,2021,1.0,전혀 그렇지 않다
ST_DIGI_LIT_10,2021,2.0,그렇지 않다
ST_DIGI_LIT_10,2021,3.0,보통이다
ST_DIGI_LIT_10,2021,4.0,그렇다
ST_DIGI_LIT_10,2021,5.0,매우 그렇다
ST_DIGI_LIT_10,2025,1.0,전혀그렇지않다
ST_DIGI_LIT_10,2025,2.0,그렇지않다
ST_DIGI_LIT_10,2025,3.0,보통이다
ST_DIGI_LIT_10,2025,4.0,그렇다
ST_DIGI_LIT_10,2025,5.0,매우그렇다
ST_DIGI_LIT_11,2021,1.0,전혀 그렇지 않다
ST_DIGI_LIT_11,2021,2.0,그렇지 않다
ST_DIGI_LIT_11,2021,3.0,보통이다
ST_DIGI_LIT_11,2021,4.0,그렇다
ST_DIGI_LIT_11,2021,5.0,매우 그렇다
ST_DIGI_LIT_11,2025,1.0,전혀그렇지않다
ST_DIGI_LIT_11,2025,2.0,그렇지않다
ST_DIGI_LIT_11,2025,3.0,보통이다
ST_DIGI_LIT_11,2025,4.0,그렇다
ST_DIGI_LIT_11,2025,5.0,매우그렇다
ST_DIGI_LIT_12,2021,1.0,전혀 그렇지 않다
ST_DIGI_LIT_12,2021,2.0,그렇지 않다
ST_DIGI_LIT_12,2021,3.0,보통이다
ST_DIGI_LIT_12,2021,4.0,그렇다
ST_DIGI_LIT_12,2021,5.0,매우 그렇다
ST_DIGI_LIT_12,2025,1.0,전혀그렇지않다
ST_DIGI_LIT_12,2025,2.0,그렇지않다
ST_DIGI_LIT_12,2025,3.0,보통이다
ST_DIGI_LIT_12,2025,4.0,그렇다
ST_DIGI_LIT_12,2025,5.0,매우그렇다
ST_RELATION_01,2021,1.0,전혀 그렇지 않다
ST_RELATION_01,2021,2.0,그렇지 않다
ST_RELATION_01,2021,3.0,보통이다
ST_RELATION_01,2021,4.0,그렇다
ST_RELATION_01,2021,5.0,매우 그렇다
ST_RELATION_01,2025,1.0,전혀그렇지않다
ST_RELATION_01,2025,2.0,그렇지않다
ST_RELATION_01,2025,3.0,보통이다
ST_RELATION_01,2025,4.0,그렇다
ST_RELATION_01,2025,5.0,매우그렇다
ST_RELATION_02,2021,1.0,전혀 그렇지 않다
ST_RELATION_02,2021,2.0,그렇지 않다
ST_RELATION_02,2021,3.0,보통이다
ST_RELATION_02,2021,4.0,그렇다
ST_RELATION_02,2021,5.0,매우 그렇다
ST_RELATION_02,2025,1.0,전혀그렇지않다
ST_RELATION_02,2025,2.0,그렇지않다
ST_RELATION_02,2025,3.0,보통이다
ST_RELATION_02,2025,4.0,그렇다
ST_RELATION_02,2025,5.0,매우그렇다
ST_RELATION_03,2021,1.0,전혀 그렇지 않다
ST_RELATION_03,2021,2.0,그렇지 않다
ST_RELATION_03,2021,3.0,보통이다
ST_RELATION_03,2021,4.0,그렇다
ST_RELATION_03,2021,5.0,매우 그렇다
ST_RELATION_03,2025,1.0,전혀그렇지않다
ST_RELATION_03,2025,2.0,그렇지않다
ST_RELATION_03,2025,3.0,보통이다
ST_RELATION_03,2025,4.0,그렇다
ST_RELATION_03,2025,5.0,매우그렇다
ST_RELATION_04,2021,1.0,전혀 그렇지 않다
ST_RELATION_04,2021,2.0,그렇지 않다
ST_RELATION_04,2021,3.0,보통이다
ST_RELATION_04,2021,4.0,그렇다
ST_RELATION_04,2021,5.0,매우 그렇다
ST_RELATION_04,2025,1.0,전혀그렇지않다
ST_RELATION_04,2025,2.0,그렇지않다
ST_RELATION_04,2025,3.0,보통이다
ST_RELATION_04,2025,4.0,그렇다
ST_RELATION_04,2025,5.0,매우그렇다
ST_RELATION_05,2021,1.0,전혀 그렇지 않다
ST_RELATION_05,2021,2.0,그렇지 않다
ST_RELATION_05,2021,3.0,보통이다
ST_RELATION_05,2021,4.0,그렇다
ST_RELATION_05,2021,5.0,매우 그렇다
ST_RELATION_05,2025,1.0,전혀그렇지않다
ST_RELATION_05,2025,2.0,그렇지않다
ST_RELATION_05,2025,3.0,보통이다
ST_RELATION_05,2025,4.0,그렇다
ST_RELATION_05,2025,5.0,매우그렇다
ST_RELATION_06,2021,1.0,전혀 그렇지 않다
ST_RELATION_06,2021,2.0,그렇지 않다
ST_RELATION_06,2021,3.0,보통이다
ST_RELATION_06,2021,4.0,그렇다
ST_RELATION_06,2021,5.0,매우 그렇다
ST_RELATION_06,2025,1.0,전혀그렇지않다
ST_RELATION_06,2025,2.0,그렇지않다
ST_RELATION_06,2025,3.0,보통이다
ST_RELATION_06,2025,4.0,그렇다
ST_RELATION_06,2025,5.0,매우그렇다
ST_RELATION_07,2021,1.0,전혀 그렇지 않다
ST_RELATION_07,2021,2.0,그렇지 않다
ST_RELATION_07,2021,3.0,보통이다
ST_RELATION_07,2021,4.0,그렇다
ST_RELATION_07,2021,5.0,매우 그렇다
ST_RELATION_07,2025,1.0,전혀그렇지않다
ST_RELATION_07,2025,2.0,그렇지않다
ST_RELATION_07,2025,3.0,보통이다
ST_RELATION_07,2025,4.0,그렇다
ST_RELATION_07,2025,5.0,매우그렇다
ST_RELATION_08,2021,1.0,전혀 그렇지 않다
ST_RELATION_08,2021,2.0,그렇지 않다
ST_RELATION_08,2021,3.0,보통이다
ST_RELATION_08,2021,4.0,그렇다
ST_RELATION_08,2021,5.0,매우 그렇다
ST_RELATION_08,2025,1.0,전혀그렇지않다
ST_RELATION_08,2025,2.0,그렇지않다
ST_RELATION_08,2025,3.0,보통이다
ST_RELATION_08,2025,4.0,그렇다
ST_RELATION_08,2025,5.0,매우그렇다
ST_STU_GOV_01,2021,1.0,전혀 그렇지 않다
ST_STU_GOV_01,2021,2.0,그렇지 않다
ST_STU_GOV_01,2021,3.0,보통이다
ST_STU_GOV_01,2021,4.0,그렇다
ST_STU_GOV_01,2021,5.0,매우 그렇다
ST_STU_GOV_01,2025,1.0,전혀그렇지않다
ST_STU_GOV_01,2025,2.0,그렇지않다
ST_STU_GOV_01,2025,3.0,보통이다
ST_STU_GOV_01,2025,4.0,그렇다
ST_STU_GOV_01,2025,5.0,매우그렇다
ST_STU_GOV_02,2021,1.0,전혀 그렇지 않다
ST_STU_GOV_02,2021,2.0,그렇지 않다
ST_STU_GOV_02,2021,3.0,보통이다
ST_STU_GOV_02,2021,4.0,그렇다
ST_STU_GOV_02,2021,5.0,매우 그렇다
ST_STU_GOV_02,2025,1.0,전혀그렇지않다
ST_STU_GOV_02,2025,2.0,그렇지않다
ST_STU_GOV_02,2025,3.0,보통이다
ST_STU_GOV_02,2025,4.0,그렇다
ST_STU_GOV_02,2025,5.0,매우그렇다
ST_STU_GOV_03,2021,1.0,전혀 그렇지 않다
ST_STU_GOV_03,2021,2.0,그렇지 않다
ST_STU_GOV_03,2021,3.0,보통이다
ST_STU_GOV_03,2021,4.0,그렇다
ST_STU_GOV_03,2021,5.0,매우 그렇다
ST_STU_GOV_03,2025,1.0,전혀그렇지않다
ST_STU_GOV_03,2025,2.0,그렇지않다
ST_STU_GOV_03,2025,3.0,보통이다
ST_STU_GOV_03,2025,4.0,그렇다
ST_STU_GOV_03,2025,5.0,매우그렇다
ST_STU_GOV_04,2021,1.0,전혀 그렇지 않다
ST_STU_GOV_04,2021,2.0,그렇지 않다
ST_STU_GOV_04,2021,3.0,보통이다
ST_STU_GOV_04,2021,4.0,그렇다
ST_STU_GOV_04,2021,5.0,매우 그렇다
ST_STU_GOV_04,2025,1.0,전혀그렇지않다
ST_STU_GOV_04,2025,2.0,그렇지않다
ST_STU_GOV_04,2025,3.0,보통이다
ST_STU_GOV_04,2025,4.0,그렇다
ST_STU_GOV_04,2025,5.0,매우그렇다
ST_SAT_TOTAL_01,2021,1.0,전혀 만족하지 않음
ST_SAT_TOTAL_01,2021,2.0,만족하지 않음
ST_SAT_TOTAL_01,2021,3.0,보통임
ST_SAT_TOTAL_01,2021,4.0,만족함
ST_SAT_TOTAL_01,2021,5.0,매우 만족함
ST_SAT_TOTAL_01,2025,1.0,매우 불만족
ST_SAT_TOTAL_01,2025,2.0,불만족
ST_SAT_TOTAL_01,2025,3.0,보통
ST_SAT_TOTAL_01,2025,4.0,만족
ST_SAT_TOTAL_01,2025,5.0,매우만족
ST_SAT_DETAIL_01,2021,1.0,전혀 그렇지 않다
ST_SAT_DETAIL_01,2021,2.0,그렇지 않다
ST_SAT_DETAIL_01,2021,3.0,보통이다
ST_SAT_DETAIL_01,2021,4.0,그렇다
ST_SAT_DETAIL_01,2021,5.0,매우 그렇다
ST_SAT_DETAIL_01,2025,1.0,전혀그렇지않다
ST_SAT_DETAIL_01,2025,2.0,그렇지않다
ST_SAT_DETAIL_01,2025,3.0,보통이다
ST_SAT_DETAIL_01,2025,4.0,그렇다
ST_SAT_DETAIL_01,2025,5.0,매우그렇다
ST_SAT_DETAIL_02,2021,1.0,전혀 그렇지 않다
ST_SAT_DETAIL_02,2021,2.0,그렇지 않다
ST_SAT_DETAIL_02,2021,3.0,보통이다
ST_SAT_DETAIL_02,2021,4.0,그렇다
ST_SAT_DETAIL_02,2021,5.0,매우 그렇다
ST_SAT_DETAIL_02,2025,1.0,전혀그렇지않다
ST_SAT_DETAIL_02,2025,2.0,그렇지않다
ST_SAT_DETAIL_02,2025,3.0,보통이다
ST_SAT_DETAIL_02,2025,4.0,그렇다
ST_SAT_DETAIL_02,2025,5.0,매우그렇다
ST_SAT_DETAIL_03,2021,1.0,전혀 그렇지 않다
ST_SAT_DETAIL_03,2021,2.0,그렇지 않다
ST_SAT_DETAIL_03,2021,3.0,보통이다
ST_SAT_DETAIL_03,2021,4.0,그렇다
ST_SAT_DETAIL_03,2021,5.0,매우 그렇다
ST_SAT_DETAIL_03,2025,1.0,전혀그렇지않다
ST_SAT_DETAIL_03,2025,2.0,그렇지않다
ST_SAT_DETAIL_03,2025,3.0,보통이다
ST_SAT_DETAIL_03,2025,4.0,그렇다
ST_SAT_DETAIL_03,2025,5.0,매우그렇다
ST_SAT_DETAIL_04,2021,1.0,전혀 그렇지 않다
ST_SAT_DETAIL_04,2021,2.0,그렇지 않다
ST_SAT_DETAIL_04,2021,3.0,보통이다
ST_SAT_DETAIL_04,2021,4.0,그렇다
ST_SAT_DETAIL_04,2021,5.0,매우 그렇다
ST_SAT_DETAIL_04,2025,1.0,전혀그렇지않다
ST_SAT_DETAIL_04,2025,2.0,그렇지않다
ST_SAT_DETAIL_04,2025,3.0,보통이다
ST_SAT_DETAIL_04,2025,4.0,그렇다
ST_SAT_DETAIL_04,2025,5.0,매우그렇다
ST_SAT_DETAIL_05,2021,1.0,전혀 그렇지 않다
ST_SAT_DETAIL_05,2021,2.0,그렇지 않다
ST_SAT_DETAIL_05,2021,3.0,보통이다
ST_SAT_DETAIL_05,2021,4.0,그렇다
ST_SAT_DETAIL_05,2021,5.0,매우 그렇다
ST_SAT_DETAIL_05,2025,1.0,전혀그렇지않다
ST_SAT_DETAIL_05,2025,2.0,그렇지않다
ST_SAT_DETAIL_05,2025,3.0,보통이다
ST_SAT_DETAIL_05,2025,4.0,그렇다
ST_SAT_DETAIL_05,2025,5.0,매우그렇다
ST_SAT_DETAIL_06,2021,1.0,전혀 그렇지 않다
ST_SAT_DETAIL_06,2021,2.0,그렇지 않다
ST_SAT_DETAIL_06,2021,3.0,보통이다
ST_SAT_DETAIL_06,2021,4.0,그렇다
ST_SAT_DETAIL_06,2021,5.0,매우 그렇다
ST_SAT_DETAIL_06,2025,1.0,전혀그렇지않다
ST_SAT_DETAIL_06,2025,2.0,그렇지않다
ST_SAT_DETAIL_06,2025,3.0,보통이다
ST_SAT_DETAIL_06,2025,4.0,그렇다
ST_SAT_DETAIL_06,2025,5.0,매우그렇다
PR_TALK_01,2021,1.0,없음
PR_TALK_01,2021,2.0,30분 미만
PR_TALK_01,2021,3.0,30분-1시간 미만
PR_TALK_01,2021,4.0,1시간-2시간 미만
PR_TALK_01,2021,5.0,2시간-3시간 미만
PR_TALK_01,2021,6.0,3시간 이상
PR_TALK_01,2025,1.0,없음
PR_TALK_01,2025,2.0,30분 미만
PR_TALK_01,2025,3.0,30분-1시간 미만
PR_TALK_01,2025,4.0,1시간-2시간 미만
PR_TALK_01,2025,5.0,2시간-3시간 미만
PR_TALK_01,2025,6.0,3시간 이상
PR_TALK_02,2021,1.0,예
PR_TALK_02,2025,0.0,해당없음
PR_TALK_02,2025,1.0,해당
PR_TALK_03,2021,1.0,예
PR_TALK_03,2025,0.0,해당없음
PR_TALK_03,2025,1.0,해당
PR_TALK_04,2021,1.0,예
PR_TALK_04,2025,0.0,해당없음
PR_TALK_04,2025,1.0,해당
PR_TALK_05,2021,1.0,예
PR_TALK_05,2025,0.0,해당없음
PR_TALK_05,2025,1.0,해당
PR_TALK_06,2021,1.0,예
PR_TALK_06,2025,0.0,해당없음
PR_TALK_06,2025,1.0,해당
PR_TALK_07,2021,1.0,예
PR_TALK_07,2025,0.0,해당없음
PR_TALK_07,2025,1.0,해당
PR_CAREER_01,2021,1.0,있다
PR_CAREER_01,2021,2.0,없다
PR_CAREER_01,2025,1.0,경험여부 있다
PR_CAREER_01,2025,2.0,경험여부 없다
PR_CAREER_02,2021,1.0,있다
PR_CAREER_02,2021,2.0,없다
PR_CAREER_02,2025,1.0,경험여부 있다
PR_CAREER_02,2025,2.0,경험여부 없다
PR_CAREER_03,2021,1.0,있다
PR_CAREER_03,2021,2.0,없다
PR_CAREER_03,2025,1.0,경험여부 있다
PR_CAREER_03,2025,2.0,경험여부 없다
PR_CAREER_04,2021,1.0,있다
PR_CAREER_04,2021,2.0,없다
PR_CAREER_04,2025,1.0,경험여부 있다
PR_CAREER_04,2025,2.0,경험여부 없다
PR_CAREER_05,2021,1.0,있다
PR_CAREER_05,2021,2.0,없다
PR_CAREER_05,2025,1.0,경험여부 있다
PR_CAREER_05,2025,2.0,경험여부 없다
PR_CAREER_06,2021,1.0,있다
PR_CAREER_06,2021,2.0,없다
PR_CAREER_06,2025,1.0,경험여부 있다
PR_CAREER_06,2025,2.0,경험여부 없다
PR_CAREER_07,2021,1.0,있다
PR_CAREER_07,2021,2.0,없다
PR_CAREER_07,2025,1.0,경험여부 있다
PR_CAREER_07,2025,2.0,경험여부 없다
PR_CAREER_08,2021,1.0,있다
PR_CAREER_08,2021,2.0,없다
PR_CAREER_08,2025,1.0,경험여부 있다
PR_CAREER_08,2025,2.0,경험여부 없다
PR_CAREER_09,2021,1.0,있다
PR_CAREER_09,2021,2.0,없다
PR_CAREER_09,2025,1.0,경험여부 있다
PR_CAREER_09,2025,2.0,경험여부 없다
PR_CAREER_10,2021,1.0,전혀 도움 되지 않는다
PR_CAREER_10,2021,2.0,도움 되지 않는다
PR_CAREER_10,2021,3.0,보통이다
PR_CAREER_10,2021,4.0,도움 된다
PR_CAREER_10,2021,5.0,매우 도움 된다
PR_CAREER_10,2025,1.0,전혀도움 되지않는다
PR_CAREER_10,2025,2.0,도움 되지않는다
PR_CAREER_10,2025,3.0,보통이다
PR_CAREER_10,2025,4.0,도움된다
PR_CAREER_10,2025,5.0,매우도움된다
PR_CAREER_11,2021,1.0,전혀 도움 되지 않는다
PR_CAREER_11,2021,2.0,도움 되지 않는다
PR_CAREER_11,2021,3.0,보통이다
PR_CAREER_11,2021,4.0,도움 된다
PR_CAREER_11,2021,5.0,매우 도움 된다
PR_CAREER_11,2025,1.0,전혀도움 되지않는다
PR_CAREER_11,2025,2.0,도움 되지않는다
PR_CAREER_11,2025,3.0,보통이다
PR_CAREER_11,2025,4.0,도움된다
PR_CAREER_11,2025,5.0,매우도움된다
PR_CAREER_12,2021,1.0,전혀 도움 되지 않는다
PR_CAREER_12,2021,2.0,도움 되지 않는다
PR_CAREER_12,2021,3.0,보통이다
PR_CAREER_12,2021,4.0,도움 된다
PR_CAREER_12,2021,5.0,매우 도움 된다
PR_CAREER_12,2025,1.0,전혀도움 되지않는다
PR_CAREER_12,2025,2.0,도움 되지않는다
PR_CAREER_12,2025,3.0,보통이다
PR_CAREER_12,2025,4.0,도움된다
PR_CAREER_12,2025,5.0,매우도움된다
PR_CAREER_13,2021,1.0,전혀 도움 되지 않는다
PR_CAREER_13,2021,2.0,도움 되지 않는다
PR_CAREER_13,2021,3.0,보통이다
PR_CAREER_13,2021,4.0,도움 된다
PR_CAREER_13,2021,5.0,매우 도움 된다
PR_CAREER_13,2025,1.0,전혀도움 되지않는다
PR_CAREER_13,2025,2.0,도움 되지않는다
PR_CAREER_13,2025,3.0,보통이다
PR_CAREER_13,2025,4.0,도움된다
PR_CAREER_13,2025,5.0,매우도움된다
PR_CAREER_14,2021,1.0,전혀 도움 되지 않는다
PR_CAREER_14,2021,2.0,도움 되지 않는다
PR_CAREER_14,2021,3.0,보통이다
PR_CAREER_14,2021,4.0,도움 된다
PR_CAREER_14,2021,5.0,매우 도움 된다
PR_CAREER_14,2025,1.0,전혀도움 되지않는다
PR_CAREER_14,2025,2.0,도움 되지않는다
PR_CAREER_14,2025,3.0,보통이다
PR_CAREER_14,2025,4.0,도움된다
PR_CAREER_14,2025,5.0,매우도움된다
PR_CAREER_15,2021,1.0,전혀 도움 되지 않는다
PR_CAREER_15,2021,2.0,도움 되지 않는다
PR_CAREER_15,2021,3.0,보통이다
PR_CAREER_15,2021,4.0,도움 된다
PR_CAREER_15,2021,5.0,매우 도움 된다
PR_CAREER_15,2025,1.0,전혀도움 되지않는다
PR_CAREER_15,2025,2.0,도움 되지않는다
PR_CAREER_15,2025,3.0,보통이다
PR_CAREER_15,2025,4.0,도움된다
PR_CAREER_15,2025,5.0,매우도움된다
PR_CAREER_16,2021,1.0,전혀 도움 되지 않는다
PR_CAREER_16,2021,2.0,도움 되지 않는다
PR_CAREER_16,2021,3.0,보통이다
PR_CAREER_16,2021,4.0,도움 된다
PR_CAREER_16,2021,5.0,매우 도움 된다
PR_CAREER_16,2025,1.0,전혀도움 되지않는다
PR_CAREER_16,2025,2.0,도움 되지않는다
PR_CAREER_16,2025,3.0,보통이다
PR_CAREER_16,2025,4.0,도움된다
PR_CAREER_16,2025,5.0,매우도움된다
PR_CAREER_17,2021,1.0,전혀 도움 되지 않는다
PR_CAREER_17,2021,2.0,도움 되지 않는다
PR_CAREER_17,2021,3.0,보통이다
PR_CAREER_17,2021,4.0,도움 된다
PR_CAREER_17,2021,5.0,매우 도움 된다
PR_CAREER_17,2025,1.0,전혀도움 되지않는다
PR_CAREER_17,2025,2.0,도움 되지않는다
PR_CAREER_17,2025,3.0,보통이다
PR_CAREER_17,2025,4.0,도움된다
PR_CAREER_17,2025,5.0,매우도움된다
PR_CAREER_18,2021,1.0,전혀 도움 되지 않는다
PR_CAREER_18,2021,2.0,도움 되지 않는다
PR_CAREER_18,2021,3.0,보통이다
PR_CAREER_18,2021,4.0,도움 된다
PR_CAREER_18,2021,5.0,매우 도움 된다
PR_CAREER_18,2025,1.0,전혀도움 되지않는다
PR_CAREER_18,2025,2.0,도움 되지않는다
PR_CAREER_18,2025,3.0,보통이다
PR_CAREER_18,2025,4.0,도움된다
PR_CAREER_18,2025,5.0,매우도움된다
PR_ASPIRE_01,2021,1.0,고등학교 졸업
PR_ASPIRE_01,2021,2.0,2~3년제 대학 졸업
PR_ASPIRE_01,2021,3.0,4년제 대학 졸업
PR_ASPIRE_01,2021,4.0,대학원 석사 졸업
PR_ASPIRE_01,2021,5.0,대학원 박사 졸업
PR_ASPIRE_01,2025,1.0,고등학교 졸업
PR_ASPIRE_01,2025,2.0,2~3년제 대학 졸업
PR_ASPIRE_01,2025,3.0,4년제 대학 졸업
PR_ASPIRE_01,2025,4.0,대학원 석사 졸업
PR_ASPIRE_01,2025,5.0,대학원 박사 졸업
PR_PARTICIP_08,2021,1.0,전혀 없음
PR_PARTICIP_08,2021,2.0,1~2회
PR_PARTICIP_08,2021,3.0,3~4회
PR_PARTICIP_08,2021,4.0,5회 이상
PR_PARTICIP_08,2025,1.0,전혀 없음
PR_PARTICIP_08,2025,2.0,1-2회
PR_PARTICIP_08,2025,3.0,3-4회
PR_PARTICIP_08,2025,4.0,5회 이상
PR_OPEN_SAT_01,2021,1.0,전혀 도움이 되지 않는다
PR_OPEN_SAT_01,2021,2.0,도움이 되지 않는다
PR_OPEN_SAT_01,2021,3.0,약간 도움이 된다
PR_OPEN_SAT_01,2021,4.0,매우 도움이 된다
PR_OPEN_SAT_01,2025,1.0,전혀 도움이 되지 않는다
PR_OPEN_SAT_01,2025,2.0,도움이 되지 않는다
PR_OPEN_SAT_01,2025,3.0,약간 도움이 된다
PR_OPEN_SAT_01,2025,4.0,매우 도움이 된다
PR_OPEN_SAT_02,2021,1.0,전혀 도움이 되지 않는다
PR_OPEN_SAT_02,2021,2.0,도움이 되지 않는다
PR_OPEN_SAT_02,2021,3.0,약간 도움이 된다
PR_OPEN_SAT_02,2021,4.0,매우 도움이 된다
PR_OPEN_SAT_02,2025,1.0,전혀 도움이 되지 않는다
PR_OPEN_SAT_02,2025,2.0,도움이 되지 않는다
PR_OPEN_SAT_02,2025,3.0,약간 도움이 된다
PR_OPEN_SAT_02,2025,4.0,매우 도움이 된다
PR_OPEN_SAT_03,2021,1.0,전혀 도움이 되지 않는다
PR_OPEN_SAT_03,2021,2.0,도움이 되지 않는다
PR_OPEN_SAT_03,2021,3.0,약간 도움이 된다
PR_OPEN_SAT_03,2021,4.0,매우 도움이 된다
PR_OPEN_SAT_03,2025,1.0,전혀 도움이 되지 않는다
PR_OPEN_SAT_03,2025,2.0,도움이 되지 않는다
PR_OPEN_SAT_03,2025,3.0,약간 도움이 된다
PR_OPEN_SAT_03,2025,4.0,매우 도움이 된다
PR_RELATION_01,2021,1.0,전혀 그렇지 않다
PR_RELATION_01,2021,2.0,그렇지 않다
PR_RELATION_01,2021,3.0,보통이다
PR_RELATION_01,2021,4.0,그렇다
PR_RELATION_01,2021,5.0,매우 그렇다
PR_RELATION_01,2025,1.0,전혀그렇지않다
PR_RELATION_01,2025,2.0,그렇지않다
PR_RELATION_01,2025,3.0,보통이다
PR_RELATION_01,2025,4.0,그렇다
PR_RELATION_01,2025,5.0,매우그렇다
PR_RELATION_02,2021,1.0,전혀 그렇지 않다
PR_RELATION_02,2021,2.0,그렇지 않다
PR_RELATION_02,2021,3.0,보통이다
PR_RELATION_02,2021,4.0,그렇다
PR_RELATION_02,2021,5.0,매우 그렇다
PR_RELATION_02,2025,1.0,전혀그렇지않다
PR_RELATION_02,2025,2.0,그렇지않다
PR_RELATION_02,2025,3.0,보통이다
PR_RELATION_02,2025,4.0,그렇다
PR_RELATION_02,2025,5.0,매우그렇다
PR_RELATION_03,2021,1.0,전혀 그렇지 않다
PR_RELATION_03,2021,2.0,그렇지 않다
PR_RELATION_03,2021,3.0,보통이다
PR_RELATION_03,2021,4.0,그렇다
PR_RELATION_03,2021,5.0,매우 그렇다
PR_RELATION_03,2025,1.0,전혀그렇지않다
PR_RELATION_03,2025,2.0,그렇지않다
PR_RELATION_03,2025,3.0,보통이다
PR_RELATION_03,2025,4.0,그렇다
PR_RELATION_03,2025,5.0,매우그렇다
PR_RELATION_04,2021,1.0,전혀 그렇지 않다
PR_RELATION_04,2021,2.0,그렇지 않다
PR_RELATION_04,2021,3.0,보통이다
PR_RELATION_04,2021,4.0,그렇다
PR_RELATION_04,2021,5.0,매우 그렇다
PR_RELATION_04,2025,1.0,전혀그렇지않다
PR_RELATION_04,2025,2.0,그렇지않다
PR_RELATION_04,2025,3.0,보통이다
PR_RELATION_04,2025,4.0,그렇다
PR_RELATION_04,2025,5.0,매우그렇다
PR_RELATION_05,2021,1.0,전혀 그렇지 않다
PR_RELATION_05,2021,2.0,그렇지 않다
PR_RELATION_05,2021,3.0,보통이다
PR_RELATION_05,2021,4.0,그렇다
PR_RELATION_05,2021,5.0,매우 그렇다
PR_RELATION_05,2025,1.0,전혀그렇지않다
PR_RELATION_05,2025,2.0,그렇지않다
PR_RELATION_05,2025,3.0,보통이다
PR_RELATION_05,2025,4.0,그렇다
PR_RELATION_05,2025,5.0,매우그렇다
PR_RELATION_06,2021,1.0,전혀 그렇지 않다
PR_RELATION_06,2021,2.0,그렇지 않다
PR_RELATION_06,2021,3.0,보통이다
PR_RELATION_06,2021,4.0,그렇다
PR_RELATION_06,2021,5.0,매우 그렇다
PR_RELATION_06,2025,1.0,전혀그렇지않다
PR_RELATION_06,2025,2.0,그렇지않다
PR_RELATION_06,2025,3.0,보통이다
PR_RELATION_06,2025,4.0,그렇다
PR_RELATION_06,2025,5.0,매우그렇다
PR_SAT_TOTAL_01,2021,1.0,전혀 만족하지 않는다
PR_SAT_TOTAL_01,2021,2.0,만족하지 않는다
PR_SAT_TOTAL_01,2021,3.0,보통이다
PR_SAT_TOTAL_01,2021,4.0,만족한다
PR_SAT_TOTAL_01,2021,5.0,매우 만족한다
PR_SAT_TOTAL_01,2025,1.0,전혀 만족하지 않는다
PR_SAT_TOTAL_01,2025,2.0,만족하지 않는다
PR_SAT_TOTAL_01,2025,3.0,보통이다
PR_SAT_TOTAL_01,2025,4.0,만족한다
PR_SAT_TOTAL_01,2025,5.0,매우 만족한다
PR_SAT_DETAIL_01,2021,1.0,전혀 그렇지 않다
PR_SAT_DETAIL_01,2021,2.0,그렇지 않다
PR_SAT_DETAIL_01,2021,3.0,보통이다
PR_SAT_DETAIL_01,2021,4.0,그렇다
PR_SAT_DETAIL_01,2021,5.0,매우 그렇다
PR_SAT_DETAIL_01,2025,1.0,전혀그렇지않다
PR_SAT_DETAIL_01,2025,2.0,그렇지않다
PR_SAT_DETAIL_01,2025,3.0,보통이다
PR_SAT_DETAIL_01,2025,4.0,그렇다
PR_SAT_DETAIL_01,2025,5.0,매우그렇다
PR_SAT_DETAIL_02,2021,1.0,전혀 그렇지 않다
PR_SAT_DETAIL_02,2021,2.0,그렇지 않다
PR_SAT_DETAIL_02,2021,3.0,보통이다
PR_SAT_DETAIL_02,2021,4.0,그렇다
PR_SAT_DETAIL_02,2021,5.0,매우 그렇다
PR_SAT_DETAIL_02,2025,1.0,전혀그렇지않다
PR_SAT_DETAIL_02,2025,2.0,그렇지않다
PR_SAT_DETAIL_02,2025,3.0,보통이다
PR_SAT_DETAIL_02,2025,4.0,그렇다
PR_SAT_DETAIL_02,2025,5.0,매우그렇다
PR_SAT_DETAIL_03,2021,1.0,전혀 그렇지 않다
PR_SAT_DETAIL_03,2021,2.0,그렇지 않다
PR_SAT_DETAIL_03,2021,3.0,보통이다
PR_SAT_DETAIL_03,2021,4.0,그렇다
PR_SAT_DETAIL_03,2021,5.0,매우 그렇다
PR_SAT_DETAIL_03,2025,1.0,전혀그렇지않다
PR_SAT_DETAIL_03,2025,2.0,그렇지않다
PR_SAT_DETAIL_03,2025,3.0,보통이다
PR_SAT_DETAIL_03,2025,4.0,그렇다
PR_SAT_DETAIL_03,2025,5.0,매우그렇다
PR_SAT_DETAIL_04,2021,1.0,전혀 그렇지 않다
PR_SAT_DETAIL_04,2021,2.0,그렇지 않다
PR_SAT_DETAIL_04,2021,3.0,보통이다
PR_SAT_DETAIL_04,2021,4.0,그렇다
PR_SAT_DETAIL_04,2021,5.0,매우 그렇다
PR_SAT_DETAIL_04,2025,1.0,전혀그렇지않다
PR_SAT_DETAIL_04,2025,2.0,그렇지않다
PR_SAT_DETAIL_04,2025,3.0,보통이다
PR_SAT_DETAIL_04,2025,4.0,그렇다
PR_SAT_DETAIL_04,2025,5.0,매우그렇다
PR_SAT_DETAIL_05,2021,1.0,전혀 그렇지 않다
PR_SAT_DETAIL_05,2021,2.0,그렇지 않다
PR_SAT_DETAIL_05,2021,3.0,보통이다
PR_SAT_DETAIL_05,2021,4.0,그렇다
PR_SAT_DETAIL_05,2021,5.0,매우 그렇다
PR_SAT_DETAIL_05,2025,1.0,전혀그렇지않다
PR_SAT_DETAIL_05,2025,2.0,그렇지않다
PR_SAT_DETAIL_05,2025,3.0,보통이다
PR_SAT_DETAIL_05,2025,4.0,그렇다
PR_SAT_DETAIL_05,2025,5.0,매우그렇다
PR_SAT_DETAIL_06,2021,1.0,전혀 그렇지 않다
PR_SAT_DETAIL_06,2021,2.0,그렇지 않다
PR_SAT_DETAIL_06,2021,3.0,보통이다
PR_SAT_DETAIL_06,2021,4.0,그렇다
PR_SAT_DETAIL_06,2021,5.0,매우 그렇다
PR_SAT_DETAIL_06,2025,1.0,전혀그렇지않다
PR_SAT_DETAIL_06,2025,2.0,그렇지않다
PR_SAT_DETAIL_06,2025,3.0,보통이다
PR_SAT_DETAIL_06,2025,4.0,그렇다
PR_SAT_DETAIL_06,2025,5.0,매우그렇다
PR_SAT_DETAIL_07,2021,1.0,전혀 그렇지 않다
PR_SAT_DETAIL_07,2021,2.0,그렇지 않다
PR_SAT_DETAIL_07,2021,3.0,보통이다
PR_SAT_DETAIL_07,2021,4.0,그렇다
PR_SAT_DETAIL_07,2021,5.0,매우 그렇다
PR_SAT_DETAIL_07,2025,1.0,전혀그렇지않다
PR_SAT_DETAIL_07,2025,2.0,그렇지않다
PR_SAT_DETAIL_07,2025,3.0,보통이다
PR_SAT_DETAIL_07,2025,4.0,그렇다
PR_SAT_DETAIL_07,2025,5.0,매우그렇다
PR_SAT_DETAIL_08,2021,1.0,전혀 그렇지 않다
PR_SAT_DETAIL_08,2021,2.0,그렇지 않다
PR_SAT_DETAIL_08,2021,3.0,보통이다
PR_SAT_DETAIL_08,2021,4.0,그렇다
PR_SAT_DETAIL_08,2021,5.0,매우 그렇다
PR_SAT_DETAIL_08,2025,1.0,전혀그렇지않다
PR_SAT_DETAIL_08,2025,2.0,그렇지않다
PR_SAT_DETAIL_08,2025,3.0,보통이다
PR_SAT_DETAIL_08,2025,4.0,그렇다
PR_SAT_DETAIL_08,2025,5.0,매우그렇다
PR_SAT_DETAIL_09,2021,1.0,전혀 그렇지 않다
PR_SAT_DETAIL_09,2021,2.0,그렇지 않다
PR_SAT_DETAIL_09,2021,3.0,보통이다
PR_SAT_DETAIL_09,2021,4.0,그렇다
PR_SAT_DETAIL_09,2021,5.0,매우 그렇다
PR_SAT_DETAIL_09,2025,1.0,전혀그렇지않다
PR_SAT_DETAIL_09,2025,2.0,그렇지않다
PR_SAT_DETAIL_09,2025,3.0,보통이다
PR_SAT_DETAIL_09,2025,4.0,그렇다
PR_SAT_DETAIL_09,2025,5.0,매우그렇다
PR_SAT_DETAIL_10,2021,1.0,전혀 그렇지 않다
PR_SAT_DETAIL_10,2021,2.0,그렇지 않다
PR_SAT_DETAIL_10,2021,3.0,보통이다
PR_SAT_DETAIL_10,2021,4.0,그렇다
PR_SAT_DETAIL_10,2021,5.0,매우 그렇다
PR_SAT_DETAIL_10,2025,1.0,전혀그렇지않다
PR_SAT_DETAIL_10,2025,2.0,그렇지않다
PR_SAT_DETAIL_10,2025,3.0,보통이다
PR_SAT_DETAIL_10,2025,4.0,그렇다
PR_SAT_DETAIL_10,2025,5.0,매우그렇다
TR_EFFICACY_01,2021,1.0,전혀 그렇지 않다
TR_EFFICACY_01,2021,2.0,그렇지 않다
TR_EFFICACY_01,2021,3.0,보통이다
TR_EFFICACY_01,2021,4.0,그렇다
TR_EFFICACY_01,2021,5.0,매우 그렇다
TR_EFFICACY_01,2025,1.0,전혀그렇지않다
TR_EFFICACY_01,2025,2.0,그렇지않다
TR_EFFICACY_01,2025,3.0,보통이다
TR_EFFICACY_01,2025,4.0,그렇다
TR_EFFICACY_01,2025,5.0,매우그렇다
TR_EFFICACY_02,2021,1.0,전혀 그렇지 않다
TR_EFFICACY_02,2021,2.0,그렇지 않다
TR_EFFICACY_02,2021,3.0,보통이다
TR_EFFICACY_02,2021,4.0,그렇다
TR_EFFICACY_02,2021,5.0,매우 그렇다
TR_EFFICACY_02,2025,1.0,전혀그렇지않다
TR_EFFICACY_02,2025,2.0,그렇지않다
TR_EFFICACY_02,2025,3.0,보통이다
TR_EFFICACY_02,2025,4.0,그렇다
TR_EFFICACY_02,2025,5.0,매우그렇다
TR_EFFICACY_03,2021,1.0,전혀 그렇지 않다
TR_EFFICACY_03,2021,2.0,그렇지 않다
TR_EFFICACY_03,2021,3.0,보통이다
TR_EFFICACY_03,2021,4.0,그렇다
TR_EFFICACY_03,2021,5.0,매우 그렇다
TR_EFFICACY_03,2025,1.0,전혀그렇지않다
TR_EFFICACY_03,2025,2.0,그렇지않다
TR_EFFICACY_03,2025,3.0,보통이다
TR_EFFICACY_03,2025,4.0,그렇다
TR_EFFICACY_03,2025,5.0,매우그렇다
TR_EFFICACY_04,2021,1.0,전혀 그렇지 않다
TR_EFFICACY_04,2021,2.0,그렇지 않다
TR_EFFICACY_04,2021,3.0,보통이다
TR_EFFICACY_04,2021,4.0,그렇다
TR_EFFICACY_04,2021,5.0,매우 그렇다
TR_EFFICACY_04,2025,1.0,전혀그렇지않다
TR_EFFICACY_04,2025,2.0,그렇지않다
TR_EFFICACY_04,2025,3.0,보통이다
TR_EFFICACY_04,2025,4.0,그렇다
TR_EFFICACY_04,2025,5.0,매우그렇다
TR_EFFICACY_05,2021,1.0,전혀 그렇지 않다
TR_EFFICACY_05,2021,2.0,그렇지 않다
TR_EFFICACY_05,2021,3.0,보통이다
TR_EFFICACY_05,2021,4.0,그렇다
TR_EFFICACY_05,2021,5.0,매우 그렇다
TR_EFFICACY_05,2025,1.0,전혀그렇지않다
TR_EFFICACY_05,2025,2.0,그렇지않다
TR_EFFICACY_05,2025,3.0,보통이다
TR_EFFICACY_05,2025,4.0,그렇다
TR_EFFICACY_05,2025,5.0,매우그렇다
TR_EFFICACY_06,2021,1.0,전혀 그렇지 않다
TR_EFFICACY_06,2021,2.0,그렇지 않다
TR_EFFICACY_06,2021,3.0,보통이다
TR_EFFICACY_06,2021,4.0,그렇다
TR_EFFICACY_06,2021,5.0,매우 그렇다
TR_EFFICACY_06,2025,1.0,전혀그렇지않다
TR_EFFICACY_06,2025,2.0,그렇지않다
TR_EFFICACY_06,2025,3.0,보통이다
TR_EFFICACY_06,2025,4.0,그렇다
TR_EFFICACY_06,2025,5.0,매우그렇다
TR_EFFICACY_07,2021,1.0,전혀 그렇지 않다
TR_EFFICACY_07,2021,2.0,그렇지 않다
TR_EFFICACY_07,2021,3.0,보통이다
TR_EFFICACY_07,2021,4.0,그렇다
TR_EFFICACY_07,2021,5.0,매우 그렇다
TR_EFFICACY_07,2025,1.0,전혀그렇지않다
TR_EFFICACY_07,2025,2.0,그렇지않다
TR_EFFICACY_07,2025,3.0,보통이다
TR_EFFICACY_07,2025,4.0,그렇다
TR_EFFICACY_07,2025,5.0,매우그렇다
TR_EFFICACY_08,2021,1.0,전혀 그렇지 않다
TR_EFFICACY_08,2021,2.0,그렇지 않다
TR_EFFICACY_08,2021,3.0,보통이다
TR_EFFICACY_08,2021,4.0,그렇다
TR_EFFICACY_08,2021,5.0,매우 그렇다
TR_EFFICACY_08,2025,1.0,전혀그렇지않다
TR_EFFICACY_08,2025,2.0,그렇지않다
TR_EFFICACY_08,2025,3.0,보통이다
TR_EFFICACY_08,2025,4.0,그렇다
TR_EFFICACY_08,2025,5.0,매우그렇다
TR_EFFICACY_09,2021,1.0,전혀 그렇지 않다
TR_EFFICACY_09,2021,2.0,그렇지 않다
TR_EFFICACY_09,2021,3.0,보통이다
TR_EFFICACY_09,2021,4.0,그렇다
TR_EFFICACY_09,2021,5.0,매우 그렇다
TR_EFFICACY_09,2025,1.0,전혀그렇지않다
TR_EFFICACY_09,2025,2.0,그렇지않다
TR_EFFICACY_09,2025,3.0,보통이다
TR_EFFICACY_09,2025,4.0,그렇다
TR_EFFICACY_09,2025,5.0,매우그렇다
TR_EFFICACY_10,2021,1.0,전혀 그렇지 않다
TR_EFFICACY_10,2021,2.0,그렇지 않다
TR_EFFICACY_10,2021,3.0,보통이다
TR_EFFICACY_10,2021,4.0,그렇다
TR_EFFICACY_10,2021,5.0,매우 그렇다
TR_EFFICACY_10,2025,1.0,전혀그렇지않다
TR_EFFICACY_10,2025,2.0,그렇지않다
TR_EFFICACY_10,2025,3.0,보통이다
TR_EFFICACY_10,2025,4.0,그렇다
TR_EFFICACY_10,2025,5.0,매우그렇다
TR_TALK_01,2021,1.0,1시간 미만
TR_TALK_01,2021,2.0,1시간 이상~2시간 미만
TR_TALK_01,2021,3.0,2시간 이상~3시간 미만
TR_TALK_01,2021,4.0,3시간 이상~4시간 미만
TR_TALK_01,2021,5.0,4시간 이상~5시간 미만
TR_TALK_01,2021,6.0,5시간 이상
TR_TALK_01,2025,1.0,1시간 미만
TR_TALK_01,2025,2.0,1시간 이상~ 2시간 미만
TR_TALK_01,2025,3.0,2시간 이상~ 3시간 미만
TR_TALK_01,2025,4.0,3시간 이상~ 4시간 미만
TR_TALK_01,2025,5.0,4시간 이상~ 5시간 미만
TR_TALK_01,2025,6.0,5시간 이상
TR_TALK_02,2021,1.0,1시간 미만
TR_TALK_02,2021,2.0,1시간 이상~2시간 미만
TR_TALK_02,2021,3.0,2시간 이상~3시간 미만
TR_TALK_02,2021,4.0,3시간 이상~4시간 미만
TR_TALK_02,2021,5.0,4시간 이상~5시간 미만
TR_TALK_02,2021,6.0,5시간 이상
TR_TALK_02,2025,1.0,1시간 미만
TR_TALK_02,2025,2.0,1시간 이상~ 2시간 미만
TR_TALK_02,2025,3.0,2시간 이상~ 3시간 미만
TR_TALK_02,2025,4.0,3시간 이상~ 4시간 미만
TR_TALK_02,2025,5.0,4시간 이상~ 5시간 미만
TR_TALK_02,2025,6.0,5시간 이상
TR_TALK_03,2021,1.0,1시간 미만
TR_TALK_03,2021,2.0,1시간 이상~2시간 미만
TR_TALK_03,2021,3.0,2시간 이상~3시간 미만
TR_TALK_03,2021,4.0,3시간 이상~4시간 미만
TR_TALK_03,2021,5.0,4시간 이상~5시간 미만
TR_TALK_03,2021,6.0,5시간 이상
TR_TALK_03,2025,1.0,1시간 미만
TR_TALK_03,2025,2.0,1시간 이상~ 2시간 미만
TR_TALK_03,2025,3.0,2시간 이상~ 3시간 미만
TR_TALK_03,2025,4.0,3시간 이상~ 4시간 미만
TR_TALK_03,2025,5.0,4시간 이상~ 5시간 미만
TR_TALK_03,2025,6.0,5시간 이상
TR_TALK_04,2021,1.0,1시간 미만
TR_TALK_04,2021,2.0,1시간 이상~2시간 미만
TR_TALK_04,2021,3.0,2시간 이상~3시간 미만
TR_TALK_04,2021,4.0,3시간 이상~4시간 미만
TR_TALK_04,2021,5.0,4시간 이상~5시간 미만
TR_TALK_04,2021,6.0,5시간 이상
TR_TALK_04,2025,1.0,1시간 미만
TR_TALK_04,2025,2.0,1시간 이상~ 2시간 미만
TR_TALK_04,2025,3.0,2시간 이상~ 3시간 미만
TR_TALK_04,2025,4.0,3시간 이상~ 4시간 미만
TR_TALK_04,2025,5.0,4시간 이상~ 5시간 미만
TR_TALK_04,2025,6.0,5시간 이상
TR_COLLAB_01,2021,1.0,참여 하지 않음
TR_COLLAB_01,2021,2.0,연1회
TR_COLLAB_01,2021,3.0,연2회
TR_COLLAB_01,2021,4.0,연3회
TR_COLLAB_01,2021,5.0,연4회
TR_COLLAB_01,2021,6.0,연5회 이상
TR_COLLAB_01,2025,1.0,참여하지 않음
TR_COLLAB_01,2025,2.0,연1회
TR_COLLAB_01,2025,3.0,연2회
TR_COLLAB_01,2025,4.0,연3회
TR_COLLAB_01,2025,5.0,연4회
TR_COLLAB_01,2025,6.0,연5회 이상
TR_COLLAB_02,2021,1.0,참여 하지 않음
TR_COLLAB_02,2021,2.0,연1회
TR_COLLAB_02,2021,3.0,연2회
TR_COLLAB_02,2021,4.0,연3회
TR_COLLAB_02,2021,5.0,연4회
TR_COLLAB_02,2021,6.0,연5회 이상
TR_COLLAB_02,2025,1.0,참여하지 않음
TR_COLLAB_02,2025,2.0,연1회
TR_COLLAB_02,2025,3.0,연2회
TR_COLLAB_02,2025,4.0,연3회
TR_COLLAB_02,2025,5.0,연4회
TR_COLLAB_02,2025,6.0,연5회 이상
TR_COLLAB_03,2021,1.0,참여 하지 않음
TR_COLLAB_03,2021,2.0,연1회
TR_COLLAB_03,2021,3.0,연2회
TR_COLLAB_03,2021,4.0,연3회
TR_COLLAB_03,2021,5.0,연4회
TR_COLLAB_03,2021,6.0,연5회 이상
TR_COLLAB_03,2025,1.0,참여하지 않음
TR_COLLAB_03,2025,2.0,연1회
TR_COLLAB_03,2025,3.0,연2회
TR_COLLAB_03,2025,4.0,연3회
TR_COLLAB_03,2025,5.0,연4회
TR_COLLAB_03,2025,6.0,연5회 이상
TR_COLLAB_04,2021,1.0,참여 하지 않음
TR_COLLAB_04,2021,2.0,연1회
TR_COLLAB_04,2021,3.0,연2회
TR_COLLAB_04,2021,4.0,연3회
TR_COLLAB_04,2021,5.0,연4회
TR_COLLAB_04,2021,6.0,연5회 이상
TR_COLLAB_04,2025,1.0,참여하지 않음
TR_COLLAB_04,2025,2.0,연1회
TR_COLLAB_04,2025,3.0,연2회
TR_COLLAB_04,2025,4.0,연3회
TR_COLLAB_04,2025,5.0,연4회
TR_COLLAB_04,2025,6.0,연5회 이상
TR_COLLAB_05,2021,1.0,참여 하지 않음
TR_COLLAB_05,2021,2.0,연1회
TR_COLLAB_05,2021,3.0,연2회
TR_COLLAB_05,2021,4.0,연3회
TR_COLLAB_05,2021,5.0,연4회
TR_COLLAB_05,2021,6.0,연5회 이상
TR_COLLAB_05,2025,1.0,참여하지 않음
TR_COLLAB_05,2025,2.0,연1회
TR_COLLAB_05,2025,3.0,연2회
TR_COLLAB_05,2025,4.0,연3회
TR_COLLAB_05,2025,5.0,연4회
TR_COLLAB_05,2025,6.0,연5회 이상
TR_COLLAB_06,2021,1.0,참여 하지 않음
TR_COLLAB_06,2021,2.0,연1회
TR_COLLAB_06,2021,3.0,연2회
TR_COLLAB_06,2021,4.0,연3회
TR_COLLAB_06,2021,5.0,연4회
TR_COLLAB_06,2021,6.0,연5회 이상
TR_COLLAB_06,2025,1.0,참여하지 않음
TR_COLLAB_06,2025,2.0,연1회
TR_COLLAB_06,2025,3.0,연2회
TR_COLLAB_06,2025,4.0,연3회
TR_COLLAB_06,2025,5.0,연4회
TR_COLLAB_06,2025,6.0,연5회 이상
TR_COLLAB_07,2021,1.0,참여 하지 않음
TR_COLLAB_07,2021,2.0,연1회
TR_COLLAB_07,2021,3.0,연2회
TR_COLLAB_07,2021,4.0,연3회
TR_COLLAB_07,2021,5.0,연4회
TR_COLLAB_07,2021,6.0,연5회 이상
TR_COLLAB_07,2025,1.0,참여하지 않음
TR_COLLAB_07,2025,2.0,연1회
TR_COLLAB_07,2025,3.0,연2회
TR_COLLAB_07,2025,4.0,연3회
TR_COLLAB_07,2025,5.0,연4회
TR_COLLAB_07,2025,6.0,연5회 이상
TR_TRAIN_01,2021,1.0,없음(0시간)
TR_TRAIN_01,2021,2.0,1-15시간
TR_TRAIN_01,2021,3.0,16-30시간
TR_TRAIN_01,2021,4.0,31-45시간
TR_TRAIN_01,2021,5.0,46-60시간
TR_TRAIN_01,2021,6.0,61시간 이상
TR_TRAIN_01,2025,1.0,없음(0시간)
TR_TRAIN_01,2025,2.0,1-15시간
TR_TRAIN_01,2025,3.0,16-30시간
TR_TRAIN_01,2025,4.0,31-45시간
TR_TRAIN_01,2025,5.0,46-60시간
TR_TRAIN_01,2025,6.0,61시간 이상
TR_TRAIN_02,2021,1.0,없음(0시간)
TR_TRAIN_02,2021,2.0,1-15시간
TR_TRAIN_02,2021,3.0,16-30시간
TR_TRAIN_02,2021,4.0,31-45시간
TR_TRAIN_02,2021,5.0,46-60시간
TR_TRAIN_02,2021,6.0,61시간 이상
TR_TRAIN_02,2025,1.0,없음(0시간)
TR_TRAIN_02,2025,2.0,1-15시간
TR_TRAIN_02,2025,3.0,16-30시간
TR_TRAIN_02,2025,4.0,31-45시간
TR_TRAIN_02,2025,5.0,46-60시간
TR_TRAIN_02,2025,6.0,61시간 이상
TR_TRAIN_03,2021,1.0,없음(0시간)
TR_TRAIN_03,2021,2.0,1-15시간
TR_TRAIN_03,2021,3.0,16-30시간
TR_TRAIN_03,2021,4.0,31-45시간
TR_TRAIN_03,2021,5.0,46-60시간
TR_TRAIN_03,2021,6.0,61시간 이상
TR_TRAIN_04,2021,1.0,없음(0시간)
TR_TRAIN_04,2021,2.0,1-15시간
TR_TRAIN_04,2021,3.0,16-30시간
TR_TRAIN_04,2021,4.0,31-45시간
TR_TRAIN_04,2021,5.0,46-60시간
TR_TRAIN_04,2021,6.0,61시간 이상
TR_TRAIN_04,2025,1.0,없음(0시간)
TR_TRAIN_04,2025,2.0,1-15시간
TR_TRAIN_04,2025,3.0,16-30시간
TR_TRAIN_04,2025,4.0,31-45시간
TR_TRAIN_04,2025,5.0,46-60시간
TR_TRAIN_04,2025,6.0,61시간 이상
TR_TRAIN_05,2021,1.0,없음(0시간)
TR_TRAIN_05,2021,2.0,1-15시간
TR_TRAIN_05,2021,3.0,16-30시간
TR_TRAIN_05,2021,4.0,31-45시간
TR_TRAIN_05,2021,5.0,46-60시간
TR_TRAIN_05,2021,6.0,61시간 이상
TR_TRAIN_05,2025,1.0,없음(0시간)
TR_TRAIN_05,2025,2.0,1-15시간
TR_TRAIN_05,2025,3.0,16-30시간
TR_TRAIN_05,2025,4.0,31-45시간
TR_TRAIN_05,2025,5.0,46-60시간
TR_TRAIN_05,2025,6.0,61시간 이상
TR_TRAIN_06,2021,1.0,없음(0시간)
TR_TRAIN_06,2021,2.0,1-15시간
TR_TRAIN_06,2021,3.0,16-30시간
TR_TRAIN_06,2021,4.0,31-45시간
TR_TRAIN_06,2021,5.0,46-60시간
TR_TRAIN_06,2021,6.0,61시간 이상
TR_TRAIN_06,2025,1.0,없음(0시간)
TR_TRAIN_06,2025,2.0,1-15시간
TR_TRAIN_06,2025,3.0,16-30시간
TR_TRAIN_06,2025,4.0,31-45시간
TR_TRAIN_06,2025,5.0,46-60시간
TR_TRAIN_06,2025,6.0,61시간 이상
TR_TRAIN_07,2021,1.0,없음(0시간)
TR_TRAIN_07,2021,2.0,1-15시간
TR_TRAIN_07,2021,3.0,16-30시간
TR_TRAIN_07,2021,4.0,31-45시간
TR_TRAIN_07,2021,5.0,46-60시간
TR_TRAIN_07,2021,6.0,61시간 이상
TR_TRAIN_07,2025,1.0,없음(0시간)
TR_TRAIN_07,2025,2.0,1-15시간
TR_TRAIN_07,2025,3.0,16-30시간
TR_TRAIN_07,2025,4.0,31-45시간
TR_TRAIN_07,2025,5.0,46-60시간
TR_TRAIN_07,2025,6.0,61시간 이상
TR_CURRIC_01,2021,1.0,전혀 그렇지 않다
TR_CURRIC_01,2021,2.0,그렇지 않다
TR_CURRIC_01,2021,3.0,보통이다
TR_CURRIC_01,2021,4.0,그렇다
TR_CURRIC_01,2021,5.0,매우 그렇다
TR_CURRIC_01,2025,1.0,전혀그렇지않다
TR_CURRIC_01,2025,2.0,그렇지않다
TR_CURRIC_01,2025,3.0,보통이다
TR_CURRIC_01,2025,4.0,그렇다
TR_CURRIC_01,2025,5.0,매우그렇다
TR_CURRIC_02,2021,1.0,전혀 그렇지 않다
TR_CURRIC_02,2021,2.0,그렇지 않다
TR_CURRIC_02,2021,3.0,보통이다
TR_CURRIC_02,2021,4.0,그렇다
TR_CURRIC_02,2021,5.0,매우 그렇다
TR_CURRIC_02,2025,1.0,전혀그렇지않다
TR_CURRIC_02,2025,2.0,그렇지않다
TR_CURRIC_02,2025,3.0,보통이다
TR_CURRIC_02,2025,4.0,그렇다
TR_CURRIC_02,2025,5.0,매우그렇다
TR_CURRIC_03,2021,1.0,전혀 그렇지 않다
TR_CURRIC_03,2021,2.0,그렇지 않다
TR_CURRIC_03,2021,3.0,보통이다
TR_CURRIC_03,2021,4.0,그렇다
TR_CURRIC_03,2021,5.0,매우 그렇다
TR_CURRIC_03,2025,1.0,전혀그렇지않다
TR_CURRIC_03,2025,2.0,그렇지않다
TR_CURRIC_03,2025,3.0,보통이다
TR_CURRIC_03,2025,4.0,그렇다
TR_CURRIC_03,2025,5.0,매우그렇다
TR_CURRIC_08,2021,1.0,전혀 그렇지 않다
TR_CURRIC_08,2021,2.0,그렇지 않다
TR_CURRIC_08,2021,3.0,보통이다
TR_CURRIC_08,2021,4.0,그렇다
TR_CURRIC_08,2021,5.0,매우 그렇다
TR_CURRIC_08,2025,1.0,전혀그렇지않다
TR_CURRIC_08,2025,2.0,그렇지않다
TR_CURRIC_08,2025,3.0,보통이다
TR_CURRIC_08,2025,4.0,그렇다
TR_CURRIC_08,2025,5.0,매우그렇다
TR_CURRIC_09,2021,1.0,전혀 그렇지 않다
TR_CURRIC_09,2021,2.0,그렇지 않다
TR_CURRIC_09,2021,3.0,보통이다
TR_CURRIC_09,2021,4.0,그렇다
TR_CURRIC_09,2021,5.0,매우 그렇다
TR_CURRIC_09,2025,1.0,전혀그렇지않다
TR_CURRIC_09,2025,2.0,그렇지않다
TR_CURRIC_09,2025,3.0,보통이다
TR_CURRIC_09,2025,4.0,그렇다
TR_CURRIC_09,2025,5.0,매우그렇다
TR_CURRIC_11,2021,1.0,전혀 그렇지 않다
TR_CURRIC_11,2021,2.0,그렇지 않다
TR_CURRIC_11,2021,3.0,보통이다
TR_CURRIC_11,2021,4.0,그렇다
TR_CURRIC_11,2021,5.0,매우 그렇다
TR_CURRIC_11,2025,1.0,전혀그렇지않다
TR_CURRIC_11,2025,2.0,그렇지않다
TR_CURRIC_11,2025,3.0,보통이다
TR_CURRIC_11,2025,4.0,그렇다
TR_CURRIC_11,2025,5.0,매우그렇다
TR_LEADER_01,2021,1.0,전혀 그렇지 않다
TR_LEADER_01,2021,2.0,그렇지 않다
TR_LEADER_01,2021,3.0,보통이다
TR_LEADER_01,2021,4.0,그렇다
TR_LEADER_01,2021,5.0,매우 그렇다
TR_LEADER_01,2025,1.0,전혀그렇지않다
TR_LEADER_01,2025,2.0,그렇지않다
TR_LEADER_01,2025,3.0,보통이다
TR_LEADER_01,2025,4.0,그렇다
TR_LEADER_01,2025,5.0,매우그렇다
TR_LEADER_02,2021,1.0,전혀 그렇지 않다
TR_LEADER_02,2021,2.0,그렇지 않다
TR_LEADER_02,2021,3.0,보통이다
TR_LEADER_02,2021,4.0,그렇다
TR_LEADER_02,2021,5.0,매우 그렇다
TR_LEADER_02,2025,1.0,전혀그렇지않다
TR_LEADER_02,2025,2.0,그렇지않다
TR_LEADER_02,2025,3.0,보통이다
TR_LEADER_02,2025,4.0,그렇다
TR_LEADER_02,2025,5.0,매우그렇다
TR_LEADER_03,2021,1.0,전혀 그렇지 않다
TR_LEADER_03,2021,2.0,그렇지 않다
TR_LEADER_03,2021,3.0,보통이다
TR_LEADER_03,2021,4.0,그렇다
TR_LEADER_03,2021,5.0,매우 그렇다
TR_LEADER_03,2025,1.0,전혀그렇지않다
TR_LEADER_03,2025,2.0,그렇지않다
TR_LEADER_03,2025,3.0,보통이다
TR_LEADER_03,2025,4.0,그렇다
TR_LEADER_03,2025,5.0,매우그렇다
TR_LEADER_04,2021,1.0,전혀 그렇지 않다
TR_LEADER_04,2021,2.0,그렇지 않다
TR_LEADER_04,2021,3.0,보통이다
TR_LEADER_04,2021,4.0,그렇다
TR_LEADER_04,2021,5.0,매우 그렇다
TR_LEADER_04,2025,1.0,전혀그렇지않다
TR_LEADER_04,2025,2.0,그렇지않다
TR_LEADER_04,2025,3.0,보통이다
TR_LEADER_04,2025,4.0,그렇다
TR_LEADER_04,2025,5.0,매우그렇다
TR_COUNCIL_01,2021,1.0,전혀 그렇지 않다
TR_COUNCIL_01,2021,2.0,그렇지 않다
TR_COUNCIL_01,2021,3.0,보통이다
TR_COUNCIL_01,2021,4.0,그렇다
TR_COUNCIL_01,2021,5.0,매우 그렇다
TR_COUNCIL_01,2025,1.0,전혀그렇지않다
TR_COUNCIL_01,2025,2.0,그렇지않다
TR_COUNCIL_01,2025,3.0,보통이다
TR_COUNCIL_01,2025,4.0,그렇다
TR_COUNCIL_01,2025,5.0,매우그렇다
TR_COUNCIL_02,2021,1.0,전혀 그렇지 않다
TR_COUNCIL_02,2021,2.0,그렇지 않다
TR_COUNCIL_02,2021,3.0,보통이다
TR_COUNCIL_02,2021,4.0,그렇다
TR_COUNCIL_02,2021,5.0,매우 그렇다
TR_COUNCIL_02,2025,1.0,전혀그렇지않다
TR_COUNCIL_02,2025,2.0,그렇지않다
TR_COUNCIL_02,2025,3.0,보통이다
TR_COUNCIL_02,2025,4.0,그렇다
TR_COUNCIL_02,2025,5.0,매우그렇다
TR_COUNCIL_03,2021,1.0,전혀 그렇지 않다
TR_COUNCIL_03,2021,2.0,그렇지 않다
TR_COUNCIL_03,2021,3.0,보통이다
TR_COUNCIL_03,2021,4.0,그렇다
TR_COUNCIL_03,2021,5.0,매우 그렇다
TR_COUNCIL_03,2025,1.0,전혀그렇지않다
TR_COUNCIL_03,2025,2.0,그렇지않다
TR_COUNCIL_03,2025,3.0,보통이다
TR_COUNCIL_03,2025,4.0,그렇다
TR_COUNCIL_03,2025,5.0,매우그렇다
TR_COUNCIL_04,2021,1.0,전혀 그렇지 않다
TR_COUNCIL_04,2021,2.0,그렇지 않다
TR_COUNCIL_04,2021,3.0,보통이다
TR_COUNCIL_04,2021,4.0,그렇다
TR_COUNCIL_04,2021,5.0,매우 그렇다
TR_COUNCIL_04,2025,1.0,전혀그렇지않다
TR_COUNCIL_04,2025,2.0,그렇지않다
TR_COUNCIL_04,2025,3.0,보통이다
TR_COUNCIL_04,2025,4.0,그렇다
TR_COUNCIL_04,2025,5.0,매우그렇다
TR_COUNCIL_05,2021,1.0,전혀 그렇지 않다
TR_COUNCIL_05,2021,2.0,그렇지 않다
TR_COUNCIL_05,2021,3.0,보통이다
TR_COUNCIL_05,2021,4.0,그렇다
TR_COUNCIL_05,2021,5.0,매우 그렇다
TR_COUNCIL_05,2025,1.0,전혀그렇지않다
TR_COUNCIL_05,2025,2.0,그렇지않다
TR_COUNCIL_05,2025,3.0,보통이다
TR_COUNCIL_05,2025,4.0,그렇다
TR_COUNCIL_05,2025,5.0,매우그렇다
TR_COUNCIL_06,2021,1.0,전혀 그렇지 않다
TR_COUNCIL_06,2021,2.0,그렇지 않다
TR_COUNCIL_06,2021,3.0,보통이다
TR_COUNCIL_06,2021,4.0,그렇다
TR_COUNCIL_06,2021,5.0,매우 그렇다
TR_COUNCIL_06,2025,1.0,전혀그렇지않다
TR_COUNCIL_06,2025,2.0,그렇지않다
TR_COUNCIL_06,2025,3.0,보통이다
TR_COUNCIL_06,2025,4.0,그렇다
TR_COUNCIL_06,2025,5.0,매우그렇다
TR_COUNCIL_07,2021,1.0,전혀 그렇지 않다
TR_COUNCIL_07,2021,2.0,그렇지 않다
TR_COUNCIL_07,2021,3.0,보통이다
TR_COUNCIL_07,2021,4.0,그렇다
TR_COUNCIL_07,2021,5.0,매우 그렇다
TR_COUNCIL_07,2025,1.0,전혀그렇지않다
TR_COUNCIL_07,2025,2.0,그렇지않다
TR_COUNCIL_07,2025,3.0,보통이다
TR_COUNCIL_07,2025,4.0,그렇다
TR_COUNCIL_07,2025,5.0,매우그렇다
TR_COUNCIL_08,2021,1.0,전혀 그렇지 않다
TR_COUNCIL_08,2021,2.0,그렇지 않다
TR_COUNCIL_08,2021,3.0,보통이다
TR_COUNCIL_08,2021,4.0,그렇다
TR_COUNCIL_08,2021,5.0,매우 그렇다
TR_COUNCIL_08,2025,1.0,전혀그렇지않다
TR_COUNCIL_08,2025,2.0,그렇지않다
TR_COUNCIL_08,2025,3.0,보통이다
TR_COUNCIL_08,2025,4.0,그렇다
TR_COUNCIL_08,2025,5.0,매우그렇다
TR_DECISION_01,2021,1.0,전혀 반영되지 않는다
TR_DECISION_01,2021,2.0,대체로 반영되지 않는다
TR_DECISION_01,2021,3.0,보통이다
TR_DECISION_01,2021,4.0,대체로 반영된다
TR_DECISION_01,2021,5.0,매우 많이 반영된다
TR_DECISION_01,2025,1.0,전혀반영되지않는다
TR_DECISION_01,2025,2.0,대체로반영되지않는다
TR_DECISION_01,2025,3.0,보통이다
TR_DECISION_01,2025,4.0,대체로반영된다
TR_DECISION_01,2025,5.0,매우 많이반영된다
TR_DECISION_02,2021,1.0,전혀 반영되지 않는다
TR_DECISION_02,2021,2.0,대체로 반영되지 않는다
TR_DECISION_02,2021,3.0,보통이다
TR_DECISION_02,2021,4.0,대체로 반영된다
TR_DECISION_02,2021,5.0,매우 많이 반영된다
TR_DECISION_02,2025,1.0,전혀반영되지않는다
TR_DECISION_02,2025,2.0,대체로반영되지않는다
TR_DECISION_02,2025,3.0,보통이다
TR_DECISION_02,2025,4.0,대체로반영된다
TR_DECISION_02,2025,5.0,매우 많이반영된다
TR_DECISION_03,2021,1.0,전혀 반영되지 않는다
TR_DECISION_03,2021,2.0,대체로 반영되지 않는다
TR_DECISION_03,2021,3.0,보통이다
TR_DECISION_03,2021,4.0,대체로 반영된다
TR_DECISION_03,2021,5.0,매우 많이 반영된다
TR_DECISION_03,2025,1.0,전혀반영되지않는다
TR_DECISION_03,2025,2.0,대체로반영되지않는다
TR_DECISION_03,2025,3.0,보통이다
TR_DECISION_03,2025,4.0,대체로반영된다
TR_DECISION_03,2025,5.0,매우 많이반영된다
TR_DECISION_04,2021,1.0,전혀 반영되지 않는다
TR_DECISION_04,2021,2.0,대체로 반영되지 않는다
TR_DECISION_04,2021,3.0,보통이다
TR_DECISION_04,2021,4.0,대체로 반영된다
TR_DECISION_04,2021,5.0,매우 많이 반영된다
TR_DECISION_04,2025,1.0,전혀반영되지않는다
TR_DECISION_04,2025,2.0,대체로반영되지않는다
TR_DECISION_04,2025,3.0,보통이다
TR_DECISION_04,2025,4.0,대체로반영된다
TR_DECISION_04,2025,5.0,매우 많이반영된다
TR_DECISION_05,2021,1.0,전혀 반영되지 않는다
TR_DECISION_05,2021,2.0,대체로 반영되지 않는다
TR_DECISION_05,2021,3.0,보통이다
TR_DECISION_05,2021,4.0,대체로 반영된다
TR_DECISION_05,2021,5.0,매우 많이 반영된다
TR_DECISION_05,2025,1.0,전혀반영되지않는다
TR_DECISION_05,2025,2.0,대체로반영되지않는다
TR_DECISION_05,2025,3.0,보통이다
TR_DECISION_05,2025,4.0,대체로반영된다
TR_DECISION_05,2025,5.0,매우 많이반영된다
TR_DECISION_06,2021,1.0,전혀 반영되지 않는다
TR_DECISION_06,2021,2.0,대체로 반영되지 않는다
TR_DECISION_06,2021,3.0,보통이다
TR_DECISION_06,2021,4.0,대체로 반영된다
TR_DECISION_06,2021,5.0,매우 많이 반영된다
TR_DECISION_06,2025,1.0,전혀반영되지않는다
TR_DECISION_06,2025,2.0,대체로반영되지않는다
TR_DECISION_06,2025,3.0,보통이다
TR_DECISION_06,2025,4.0,대체로반영된다
TR_DECISION_06,2025,5.0,매우 많이반영된다
TR_DECISION_07,2021,1.0,전혀 반영되지 않는다
TR_DECISION_07,2021,2.0,대체로 반영되지 않는다
TR_DECISION_07,2021,3.0,보통이다
TR_DECISION_07,2021,4.0,대체로 반영된다
TR_DECISION_07,2021,5.0,매우 많이 반영된다
TR_DECISION_07,2025,1.0,전혀반영되지않는다
TR_DECISION_07,2025,2.0,대체로반영되지않는다
TR_DECISION_07,2025,3.0,보통이다
TR_DECISION_07,2025,4.0,대체로반영된다
TR_DECISION_07,2025,5.0,매우 많이반영된다
TR_PLC_01,2021,1.0,전혀 그렇지 않다
TR_PLC_01,2021,2.0,그렇지 않다
TR_PLC_01,2021,3.0,보통이다
TR_PLC_01,2021,4.0,그렇다
TR_PLC_01,2021,5.0,매우 그렇다
TR_PLC_01,2025,1.0,전혀그렇지않다
TR_PLC_01,2025,2.0,그렇지않다
TR_PLC_01,2025,3.0,보통이다
TR_PLC_01,2025,4.0,그렇다
TR_PLC_01,2025,5.0,매우그렇다
TR_PLC_02,2021,1.0,전혀 그렇지 않다
TR_PLC_02,2021,2.0,그렇지 않다
TR_PLC_02,2021,3.0,보통이다
TR_PLC_02,2021,4.0,그렇다
TR_PLC_02,2021,5.0,매우 그렇다
TR_PLC_02,2025,1.0,전혀그렇지않다
TR_PLC_02,2025,2.0,그렇지않다
TR_PLC_02,2025,3.0,보통이다
TR_PLC_02,2025,4.0,그렇다
TR_PLC_02,2025,5.0,매우그렇다
TR_PLC_03,2021,1.0,전혀 그렇지 않다
TR_PLC_03,2021,2.0,그렇지 않다
TR_PLC_03,2021,3.0,보통이다
TR_PLC_03,2021,4.0,그렇다
TR_PLC_03,2021,5.0,매우 그렇다
TR_PLC_03,2025,1.0,전혀그렇지않다
TR_PLC_03,2025,2.0,그렇지않다
TR_PLC_03,2025,3.0,보통이다
TR_PLC_03,2025,4.0,그렇다
TR_PLC_03,2025,5.0,매우그렇다
TR_PLC_04,2021,1.0,전혀 그렇지 않다
TR_PLC_04,2021,2.0,그렇지 않다
TR_PLC_04,2021,3.0,보통이다
TR_PLC_04,2021,4.0,그렇다
TR_PLC_04,2021,5.0,매우 그렇다
TR_PLC_04,2025,1.0,전혀그렇지않다
TR_PLC_04,2025,2.0,그렇지않다
TR_PLC_04,2025,3.0,보통이다
TR_PLC_04,2025,4.0,그렇다
TR_PLC_04,2025,5.0,매우그렇다
TR_SCH_CULTURE_01,2021,1.0,전혀 그렇지 않다
TR_SCH_CULTURE_01,2021,2.0,그렇지 않다
TR_SCH_CULTURE_01,2021,3.0,보통이다
TR_SCH_CULTURE_01,2021,4.0,그렇다
TR_SCH_CULTURE_01,2021,5.0,매우 그렇다
TR_SCH_CULTURE_01,2025,1.0,전혀그렇지않다
TR_SCH_CULTURE_01,2025,2.0,그렇지않다
TR_SCH_CULTURE_01,2025,3.0,보통이다
TR_SCH_CULTURE_01,2025,4.0,그렇다
TR_SCH_CULTURE_01,2025,5.0,매우그렇다
TR_SCH_CULTURE_02,2021,1.0,전혀 그렇지 않다
TR_SCH_CULTURE_02,2021,2.0,그렇지 않다
TR_SCH_CULTURE_02,2021,3.0,보통이다
TR_SCH_CULTURE_02,2021,4.0,그렇다
TR_SCH_CULTURE_02,2021,5.0,매우 그렇다
TR_SCH_CULTURE_02,2025,1.0,전혀그렇지않다
TR_SCH_CULTURE_02,2025,2.0,그렇지않다
TR_SCH_CULTURE_02,2025,3.0,보통이다
TR_SCH_CULTURE_02,2025,4.0,그렇다
TR_SCH_CULTURE_02,2025,5.0,매우그렇다
TR_SCH_CULTURE_03,2021,1.0,전혀 그렇지 않다
TR_SCH_CULTURE_03,2021,2.0,그렇지 않다
TR_SCH_CULTURE_03,2021,3.0,보통이다
TR_SCH_CULTURE_03,2021,4.0,그렇다
TR_SCH_CULTURE_03,2021,5.0,매우 그렇다
TR_SCH_CULTURE_03,2025,1.0,전혀그렇지않다
TR_SCH_CULTURE_03,2025,2.0,그렇지않다
TR_SCH_CULTURE_03,2025,3.0,보통이다
TR_SCH_CULTURE_03,2025,4.0,그렇다
TR_SCH_CULTURE_03,2025,5.0,매우그렇다
TR_SCH_CULTURE_04,2021,1.0,전혀 그렇지 않다
TR_SCH_CULTURE_04,2021,2.0,그렇지 않다
TR_SCH_CULTURE_04,2021,3.0,보통이다
TR_SCH_CULTURE_04,2021,4.0,그렇다
TR_SCH_CULTURE_04,2021,5.0,매우 그렇다
TR_SCH_CULTURE_04,2025,1.0,전혀그렇지않다
TR_SCH_CULTURE_04,2025,2.0,그렇지않다
TR_SCH_CULTURE_04,2025,3.0,보통이다
TR_SCH_CULTURE_04,2025,4.0,그렇다
TR_SCH_CULTURE_04,2025,5.0,매우그렇다
TR_SCH_CULTURE_05,2021,1.0,전혀 그렇지 않다
TR_SCH_CULTURE_05,2021,2.0,그렇지 않다
TR_SCH_CULTURE_05,2021,3.0,보통이다
TR_SCH_CULTURE_05,2021,4.0,그렇다
TR_SCH_CULTURE_05,2021,5.0,매우 그렇다
TR_SCH_CULTURE_05,2025,1.0,전혀그렇지않다
TR_SCH_CULTURE_05,2025,2.0,그렇지않다
TR_SCH_CULTURE_05,2025,3.0,보통이다
TR_SCH_CULTURE_05,2025,4.0,그렇다
TR_SCH_CULTURE_05,2025,5.0,매우그렇다
TR_SCH_CULTURE_06,2021,1.0,전혀 그렇지 않다
TR_SCH_CULTURE_06,2021,2.0,그렇지 않다
TR_SCH_CULTURE_06,2021,3.0,보통이다
TR_SCH_CULTURE_06,2021,4.0,그렇다
TR_SCH_CULTURE_06,2021,5.0,매우 그렇다
TR_SCH_CULTURE_06,2025,1.0,전혀그렇지않다
TR_SCH_CULTURE_06,2025,2.0,그렇지않다
TR_SCH_CULTURE_06,2025,3.0,보통이다
TR_SCH_CULTURE_06,2025,4.0,그렇다
TR_SCH_CULTURE_06,2025,5.0,매우그렇다
TR_COMMUNITY_01,2021,1.0,전혀 그렇지 않다
TR_COMMUNITY_01,2021,2.0,그렇지 않다
TR_COMMUNITY_01,2021,3.0,보통이다
TR_COMMUNITY_01,2021,4.0,그렇다
TR_COMMUNITY_01,2021,5.0,매우 그렇다
TR_COMMUNITY_01,2025,1.0,전혀그렇지않다
TR_COMMUNITY_01,2025,2.0,그렇지않다
TR_COMMUNITY_01,2025,3.0,보통이다
TR_COMMUNITY_01,2025,4.0,그렇다
TR_COMMUNITY_01,2025,5.0,매우그렇다
TR_COMMUNITY_02,2021,1.0,전혀 그렇지 않다
TR_COMMUNITY_02,2021,2.0,그렇지 않다
TR_COMMUNITY_02,2021,3.0,보통이다
TR_COMMUNITY_02,2021,4.0,그렇다
TR_COMMUNITY_02,2021,5.0,매우 그렇다
TR_COMMUNITY_02,2025,1.0,전혀그렇지않다
TR_COMMUNITY_02,2025,2.0,그렇지않다
TR_COMMUNITY_02,2025,3.0,보통이다
TR_COMMUNITY_02,2025,4.0,그렇다
TR_COMMUNITY_02,2025,5.0,매우그렇다
TR_COMMUNITY_03,2021,1.0,전혀 그렇지 않다
TR_COMMUNITY_03,2021,2.0,그렇지 않다
TR_COMMUNITY_03,2021,3.0,보통이다
TR_COMMUNITY_03,2021,4.0,그렇다
TR_COMMUNITY_03,2021,5.0,매우 그렇다
TR_COMMUNITY_03,2025,1.0,전혀그렇지않다
TR_COMMUNITY_03,2025,2.0,그렇지않다
TR_COMMUNITY_03,2025,3.0,보통이다
TR_COMMUNITY_03,2025,4.0,그렇다
TR_COMMUNITY_03,2025,5.0,매우그렇다
TR_COMMUNITY_04,2021,1.0,전혀 그렇지 않다
TR_COMMUNITY_04,2021,2.0,그렇지 않다
TR_COMMUNITY_04,2021,3.0,보통이다
TR_COMMUNITY_04,2021,4.0,그렇다
TR_COMMUNITY_04,2021,5.0,매우 그렇다
TR_COMMUNITY_04,2025,1.0,전혀그렇지않다
TR_COMMUNITY_04,2025,2.0,그렇지않다
TR_COMMUNITY_04,2025,3.0,보통이다
TR_COMMUNITY_04,2025,4.0,그렇다
TR_COMMUNITY_04,2025,5.0,매우그렇다
TR_COMMUNITY_05,2021,1.0,전혀 그렇지 않다
TR_COMMUNITY_05,2021,2.0,그렇지 않다
TR_COMMUNITY_05,2021,3.0,보통이다
TR_COMMUNITY_05,2021,4.0,그렇다
TR_COMMUNITY_05,2021,5.0,매우 그렇다
TR_COMMUNITY_05,2025,1.0,전혀그렇지않다
TR_COMMUNITY_05,2025,2.0,그렇지않다
TR_COMMUNITY_05,2025,3.0,보통이다
TR_COMMUNITY_05,2025,4.0,그렇다
TR_COMMUNITY_05,2025,5.0,매우그렇다
TR_SAT_JOB_01,2021,1.0,전혀 그렇지 않다
TR_SAT_JOB_01,2021,2.0,그렇지 않다
TR_SAT_JOB_01,2021,3.0,보통이다
TR_SAT_JOB_01,2021,4.0,그렇다
TR_SAT_JOB_01,2021,5.0,매우 그렇다
TR_SAT_JOB_01,2025,1.0,전혀그렇지않다
TR_SAT_JOB_01,2025,2.0,그렇지않다
TR_SAT_JOB_01,2025,3.0,보통이다
TR_SAT_JOB_01,2025,4.0,그렇다
TR_SAT_JOB_01,2025,5.0,매우그렇다
TR_SAT_JOB_02,2021,1.0,전혀 그렇지 않다
TR_SAT_JOB_02,2021,2.0,그렇지 않다
TR_SAT_JOB_02,2021,3.0,보통이다
TR_SAT_JOB_02,2021,4.0,그렇다
TR_SAT_JOB_02,2021,5.0,매우 그렇다
TR_SAT_JOB_02,2025,1.0,전혀그렇지않다
TR_SAT_JOB_02,2025,2.0,그렇지않다
TR_SAT_JOB_02,2025,3.0,보통이다
TR_SAT_JOB_02,2025,4.0,그렇다
TR_SAT_JOB_02,2025,5.0,매우그렇다
TR_SAT_JOB_03,2021,1.0,전혀 그렇지 않다
TR_SAT_JOB_03,2021,2.0,그렇지 않다
TR_SAT_JOB_03,2021,3.0,보통이다
TR_SAT_JOB_03,2021,4.0,그렇다
TR_SAT_JOB_03,2021,5.0,매우 그렇다
TR_SAT_JOB_03,2025,1.0,전혀그렇지않다
TR_SAT_JOB_03,2025,2.0,그렇지않다
TR_SAT_JOB_03,2025,3.0,보통이다
TR_SAT_JOB_03,2025,4.0,그렇다
TR_SAT_JOB_03,2025,5.0,매우그렇다
TR_SAT_JOB_04,2021,1.0,전혀 그렇지 않다
TR_SAT_JOB_04,2021,2.0,그렇지 않다
TR_SAT_JOB_04,2021,3.0,보통이다
TR_SAT_JOB_04,2021,4.0,그렇다
TR_SAT_JOB_04,2021,5.0,매우 그렇다
TR_SAT_JOB_04,2025,1.0,전혀그렇지않다
TR_SAT_JOB_04,2025,2.0,그렇지않다
TR_SAT_JOB_04,2025,3.0,보통이다
TR_SAT_JOB_04,2025,4.0,그렇다
TR_SAT_JOB_04,2025,5.0,매우그렇다
TR_SAT_JOB_05,2021,1.0,전혀 그렇지 않다
TR_SAT_JOB_05,2021,2.0,그렇지 않다
TR_SAT_JOB_05,2021,3.0,보통이다
TR_SAT_JOB_05,2021,4.0,그렇다
TR_SAT_JOB_05,2021,5.0,매우 그렇다
TR_SAT_JOB_05,2025,1.0,전혀그렇지않다
TR_SAT_JOB_05,2025,2.0,그렇지않다
TR_SAT_JOB_05,2025,3.0,보통이다
TR_SAT_JOB_05,2025,4.0,그렇다
TR_SAT_JOB_05,2025,5.0,매우그렇다
TR_SAT_JOB_06,2021,1.0,전혀 그렇지 않다
TR_SAT_JOB_06,2021,2.0,그렇지 않다
TR_SAT_JOB_06,2021,3.0,보통이다
TR_SAT_JOB_06,2021,4.0,그렇다
TR_SAT_JOB_06,2021,5.0,매우 그렇다
TR_SAT_JOB_06,2025,1.0,전혀그렇지않다
TR_SAT_JOB_06,2025,2.0,그렇지않다
TR_SAT_JOB_06,2025,3.0,보통이다
TR_SAT_JOB_06,2025,4.0,그렇다
TR_SAT_JOB_06,2025,5.0,매우그렇다
TR_SAT_DETAIL_01,2021,1.0,전혀 만족하지 않는다
TR_SAT_DETAIL_01,2021,2.0,만족하지 않는다
TR_SAT_DETAIL_01,2021,3.0,보통이다
TR_SAT_DETAIL_01,2021,4.0,만족한다
TR_SAT_DETAIL_01,2021,5.0,매우 만족한다
TR_SAT_DETAIL_01,2025,1.0,전혀만족하지않는다
TR_SAT_DETAIL_01,2025,2.0,만족하지않는다
TR_SAT_DETAIL_01,2025,3.0,보통이다
TR_SAT_DETAIL_01,2025,4.0,만족한다
TR_SAT_DETAIL_01,2025,5.0,매우만족한다
TR_SAT_DETAIL_02,2021,1.0,전혀 만족하지 않는다
TR_SAT_DETAIL_02,2021,2.0,만족하지 않는다
TR_SAT_DETAIL_02,2021,3.0,보통이다
TR_SAT_DETAIL_02,2021,4.0,만족한다
TR_SAT_DETAIL_02,2021,5.0,매우 만족한다
TR_SAT_DETAIL_02,2025,1.0,전혀만족하지않는다
TR_SAT_DETAIL_02,2025,2.0,만족하지않는다
TR_SAT_DETAIL_02,2025,3.0,보통이다
TR_SAT_DETAIL_02,2025,4.0,만족한다
TR_SAT_DETAIL_02,2025,5.0,매우만족한다
TR_SAT_DETAIL_03,2021,1.0,전혀 만족하지 않는다
TR_SAT_DETAIL_03,2021,2.0,만족하지 않는다
TR_SAT_DETAIL_03,2021,3.0,보통이다
TR_SAT_DETAIL_03,2021,4.0,만족한다
TR_SAT_DETAIL_03,2021,5.0,매우 만족한다
TR_SAT_DETAIL_03,2025,1.0,전혀만족하지않는다
TR_SAT_DETAIL_03,2025,2.0,만족하지않는다
TR_SAT_DETAIL_03,2025,3.0,보통이다
TR_SAT_DETAIL_03,2025,4.0,만족한다
TR_SAT_DETAIL_03,2025,5.0,매우만족한다
TR_SAT_DETAIL_04,2021,1.0,전혀 만족하지 않는다
TR_SAT_DETAIL_04,2021,2.0,만족하지 않는다
TR_SAT_DETAIL_04,2021,3.0,보통이다
TR_SAT_DETAIL_04,2021,4.0,만족한다
TR_SAT_DETAIL_04,2021,5.0,매우 만족한다
TR_SAT_DETAIL_04,2025,1.0,전혀만족하지않는다
TR_SAT_DETAIL_04,2025,2.0,만족하지않는다
TR_SAT_DETAIL_04,2025,3.0,보통이다
TR_SAT_DETAIL_04,2025,4.0,만족한다
TR_SAT_DETAIL_04,2025,5.0,매우만족한다
TR_DIGITAL_01,2025,1.0,전혀사용하지 않음
TR_DIGITAL_01,2025,2.0,거의사용하지 않음
TR_DIGITAL_01,2025,3.0,때때로 사용함
TR_DIGITAL_01,2025,4.0,자주 사용함
TR_DIGITAL_01,2025,5.0,(거의)항상사용함
TR_DIGITAL_02,2025,1.0,전혀사용하지 않음
TR_DIGITAL_02,2025,2.0,거의사용하지 않음
TR_DIGITAL_02,2025,3.0,때때로 사용함
TR_DIGITAL_02,2025,4.0,자주 사용함
TR_DIGITAL_02,2025,5.0,(거의)항상사용함
TR_DIGITAL_03,2025,1.0,전혀사용하지 않음
TR_DIGITAL_03,2025,2.0,거의사용하지 않음
TR_DIGITAL_03,2025,3.0,때때로 사용함
TR_DIGITAL_03,2025,4.0,자주 사용함
TR_DIGITAL_03,2025,5.0,(거의)항상사용함
TR_DIGITAL_04,2025,1.0,전혀사용하지 않음
TR_DIGITAL_04,2025,2.0,거의사용하지 않음
TR_DIGITAL_04,2025,3.0,때때로 사용함
TR_DIGITAL_04,2025,4.0,자주 사용함
TR_DIGITAL_04,2025,5.0,(거의)항상사용함
