조사명,학교급,대분류코드,대분류,소주제코드,소주제,응답주체,값_2021,값_2025,직전시점,최신시점,증감,증감률,선정상태,주의사항,변화방향,절대증감순위
경기학교교육실태조사,중학교,C10,진로·진학,S1002,진로·진학 준비,학부모,59.78,72.16,2021,2025,12.38,20.71,후보(선정 미확정),도움정도는 선행 경험자만 응답하며 응답 집단이 주기별로 다를 수 있음. 대표 지표 선정 보류.,증가,1
경기학교교육실태조사,중학교,C09,만족도,S0901,전반적 만족도,교사,71.19,64.97,2021,2025,-6.22,-8.74,후보(선정 미확정),,감소,2
경기학교교육실태조사,중학교,C02,학업,S0201A,학습동기(외재적),학생,19.1,24.91,2021,2025,5.81,30.42,후보(선정 미확정),,증가,3
경기학교교육실태조사,중학교,C08,참여·자치,S0802,학부모 참여,학부모,52.39,57.69,2021,2025,5.3,10.12,후보(선정 미확정),,증가,4
경기학교교육실태조사,중학교,C07,교육격차·가정배경,S0703,가정 내 대화,학부모,62.17,66.87,2021,2025,4.7,7.56,후보(선정 미확정),,증가,5
경기학교교육실태조사,중학교,C08,참여·자치,S0801,학생자치,교사,79.22,74.87,2021,2025,-4.35,-5.49,후보(선정 미확정),,감소,6
경기학교교육실태조사,중학교,C11,교사 전문성,S1103,교사 연수,교사,26.43,30.6,2021,2025,4.17,15.78,후보(선정 미확정),,증가,7
경기학교교육실태조사,중학교,C06,수업·평가 혁신,S0603,수행평가,학생,53.73,57.44,2021,2025,3.71,6.9,후보(선정 미확정),,증가,8
경기학교교육실태조사,중학교,C06,수업·평가 혁신,S0603,수행평가,교사,79.34,75.79,2021,2025,-3.55,-4.47,후보(선정 미확정),,감소,9
경기학교교육실태조사,중학교,C12,학교풍토·리더십,S1201,학교장 리더십,교사,76.53,73.27,2021,2025,-3.26,-4.26,후보(선정 미확정),,감소,10
경기학교교육실태조사,중학교,C11,교사 전문성,S1101A,교사효능감,교사,77.56,74.51,2021,2025,-3.05,-3.93,후보(선정 미확정),,감소,11
경기학교교육실태조사,중학교,C09,만족도,S0902,세부 만족도,학생,61.44,64.49,2021,2025,3.05,4.96,후보(선정 미확정),,증가,11
경기학교교육실태조사,중학교,C12,학교풍토·리더십,S1203,지역사회 연계,교사,71.91,68.88,2021,2025,-3.03,-4.21,후보(선정 미확정),,감소,13
경기학교교육실태조사,중학교,C06,수업·평가 혁신,S0601,학생중심수업,학생,63.81,66.41,2021,2025,2.6,4.07,후보(선정 미확정),,증가,14
경기학교교육실태조사,중학교,C11,교사 전문성,S1102,동료 협력,교사,53.82,51.26,2021,2025,-2.56,-4.76,후보(선정 미확정),,감소,15
경기학교교육실태조사,중학교,C04,학교생활·관계,S0401,또래·교사 관계,학부모,68.79,66.27,2021,2025,-2.52,-3.66,후보(선정 미확정),PR_RELATION_02·PR_RELATION_05는 역채점 후 평균 포함. 문항별 값·분포는 원척도.,감소,16
경기학교교육실태조사,중학교,C12,학교풍토·리더십,S1202,민주적 학교문화,교사,70.61,68.18,2021,2025,-2.43,-3.44,후보(선정 미확정),,감소,17
경기학교교육실태조사,중학교,C03,디지털 리터러시,S0302,디지털 기기 활용 교육,학생,67.31,65.2,2021,2025,-2.11,-3.13,후보(선정 미확정),,감소,18
경기학교교육실태조사,중학교,C03,디지털 리터러시,S0301,디지털 리터러시,학생,63.07,64.94,2021,2025,1.87,2.96,후보(선정 미확정),,증가,19
경기학교교육실태조사,중학교,C09,만족도,S0902,세부 만족도,교사,72.04,70.18,2021,2025,-1.86,-2.58,후보(선정 미확정),,감소,20
경기학교교육실태조사,중학교,C09,만족도,S0902,세부 만족도,학부모,61.05,62.88,2021,2025,1.83,3.0,후보(선정 미확정),,증가,21
경기학교교육실태조사,중학교,C02,학업,S0202B,학습전략(조직화),학생,52.0,53.7,2021,2025,1.7,3.27,후보(선정 미확정),,증가,22
경기학교교육실태조사,중학교,C02,학업,S0205,학업성취(주관),학생,54.26,55.83,2021,2025,1.57,2.89,후보(선정 미확정),,증가,23
경기학교교육실태조사,중학교,C02,학업,S0201B,학습동기(내재적),학생,36.56,38.12,2021,2025,1.56,4.27,후보(선정 미확정),,증가,24
경기학교교육실태조사,중학교,C09,만족도,S0901,전반적 만족도,학부모,65.74,67.29,2021,2025,1.55,2.36,후보(선정 미확정),,증가,25
경기학교교육실태조사,중학교,C08,참여·자치,S0801,학생자치,학생,60.58,62.03,2021,2025,1.45,2.39,후보(선정 미확정),,증가,26
경기학교교육실태조사,중학교,C02,학업,S0203B,자기주도학습(자기이해),학생,66.05,64.66,2021,2025,-1.39,-2.1,후보(선정 미확정),,감소,27
경기학교교육실태조사,중학교,C06,수업·평가 혁신,S0602B,교사 수업 진행,학생,67.67,69.0,2021,2025,1.33,1.97,후보(선정 미확정),,증가,28
경기학교교육실태조사,중학교,C02,학업,S0202A,학습전략(정교화),학생,53.71,54.92,2021,2025,1.21,2.25,후보(선정 미확정),,증가,29
경기학교교육실태조사,중학교,C06,수업·평가 혁신,S0602A,수업태도·참여,학생,61.99,63.11,2021,2025,1.12,1.81,후보(선정 미확정),,증가,30
경기학교교육실태조사,중학교,C06,수업·평가 혁신,S0601,학생중심수업,교사,72.79,71.84,2021,2025,-0.95,-1.31,후보(선정 미확정),,감소,31
경기학교교육실태조사,중학교,C02,학업,S0203A,자기주도학습(주도성·창의성),학생,59.46,58.92,2021,2025,-0.54,-0.91,후보(선정 미확정),,감소,32
경기학교교육실태조사,중학교,C10,진로·진학,S1001,교육포부,학부모,57.19,57.56,2021,2025,0.37,0.65,후보(선정 미확정),,증가,33
경기학교교육실태조사,중학교,C08,참여·자치,S0803,교사 참여·의사결정,교사,72.36,72.05,2021,2025,-0.31,-0.43,후보(선정 미확정),,감소,34
경기학교교육실태조사,중학교,C09,만족도,S0901,전반적 만족도,학생,63.97,63.71,2021,2025,-0.26,-0.41,후보(선정 미확정),,감소,35
경기학교교육실태조사,중학교,C11,교사 전문성,S1101B,교사 사기,교사,81.26,81.5,2021,2025,0.24,0.3,후보(선정 미확정),,증가,36
경기학교교육실태조사,중학교,C04,학교생활·관계,S0401,또래·교사 관계,학생,67.57,67.8,2021,2025,0.23,0.34,후보(선정 미확정),교사 무관심 문항(ST_RELATION_06)은 역채점 후 포함. 친구에게 상처받은 경험(ST_RELATION_02)은 구인 평균에서 제외. 문항별 값·분포는 원척도.,증가,37
경기학교교육실태조사,중학교,C10,진로·진학,S1001,교육포부,학생,47.44,47.57,2021,2025,0.13,0.27,후보(선정 미확정),,증가,38
경기학교교육실태조사,중학교,C06,수업·평가 혁신,S0603A,수업 중 평가(학생),학생,64.02,63.97,2021,2025,-0.05,-0.08,후보(선정 미확정),,감소,39
경기학교교육실태조사,중학교,C02,학업,S0204,학업스트레스,학생,48.78,48.8,2021,2025,0.02,0.04,후보(선정 미확정),,증가,40
