조사연도,응답주체,응답자ID,학교ID,indicator_id,값,결측보정,지역규모코드,분모학생수
2025,학교,1003,1003,SC_VIOLENCE_01,2.0,,2.0,63.0
2025,학교,1005,1005,SC_VIOLENCE_01,1.0,,1.0,583.0
2025,학교,1007,1007,SC_VIOLENCE_01,0.0,,1.0,369.0
2025,학교,1009,1009,SC_VIOLENCE_01,1.0,,1.0,229.0
2025,학교,1013,1013,SC_VIOLENCE_01,4.0,,1.0,550.0
2025,학교,1014,1014,SC_VIOLENCE_01,0.0,,2.0,346.0
2025,학교,1015,1015,SC_VIOLENCE_01,0.0,,1.0,589.0
2025,학교,1016,1016,SC_VIOLENCE_01,0.0,,1.0,460.0
2025,학교,1020,1020,SC_VIOLENCE_01,2.0,,1.0,257.0
2025,학교,1021,1021,SC_VIOLENCE_01,0.0,,1.0,1206.0
2025,학교,1023,1023,SC_VIOLENCE_01,0.0,,1.0,287.0
2025,학교,1025,1025,SC_VIOLENCE_01,4.0,,1.0,1046.0
2025,학교,1026,1026,SC_VIOLENCE_01,30.0,,2.0,874.0
2025,학교,1027,1027,SC_VIOLENCE_01,2.0,,1.0,963.0
2025,학교,1029,1029,SC_VIOLENCE_01,0.0,,1.0,558.0
2025,학교,1031,1031,SC_VIOLENCE_01,2.0,,1.0,986.0
2025,학교,1033,1033,SC_VIOLENCE_01,0.0,,1.0,175.0
2025,학교,1034,1034,SC_VIOLENCE_01,7.0,,1.0,400.0
2025,학교,1035,1035,SC_VIOLENCE_01,3.0,,1.0,891.0
2025,학교,1036,1036,SC_VIOLENCE_01,0.0,,1.0,851.0
2025,학교,1038,1038,SC_VIOLENCE_01,0.0,,1.0,612.0
2025,학교,1039,1039,SC_VIOLENCE_01,0.0,,1.0,705.0
2025,학교,1042,1042,SC_VIOLENCE_01,0.0,,1.0,272.0
2025,학교,1043,1043,SC_VIOLENCE_01,2.0,,1.0,522.0
2025,학교,1044,1044,SC_VIOLENCE_01,0.0,,1.0,302.0
2025,학교,1045,1045,SC_VIOLENCE_01,2.0,,1.0,535.0
2025,학교,1046,1046,SC_VIOLENCE_01,0.0,,1.0,442.0
2025,학교,1047,1047,SC_VIOLENCE_01,0.0,학교중복응답통합,1.0,440.0
2025,학교,1048,1048,SC_VIOLENCE_01,2.0,,1.0,923.0
2025,학교,1050,1050,SC_VIOLENCE_01,0.0,,1.0,1231.0
2025,학교,1052,1052,SC_VIOLENCE_01,2.0,,1.0,393.0
2025,학교,1053,1053,SC_VIOLENCE_01,3.0,,1.0,1303.0
2025,학교,1058,1058,SC_VIOLENCE_01,0.0,,1.0,759.0
2025,학교,1059,1059,SC_VIOLENCE_01,2.0,,1.0,511.0
2025,학교,1060,1060,SC_VIOLENCE_01,0.0,,1.0,729.0
2025,학교,1062,1062,SC_VIOLENCE_01,1.0,,1.0,644.0
2025,학교,1063,1063,SC_VIOLENCE_01,0.0,,1.0,401.0
2025,학교,1064,1064,SC_VIOLENCE_01,0.0,,1.0,218.0
2025,학교,1065,1065,SC_VIOLENCE_01,3.0,,1.0,385.0
2025,학교,1066,1066,SC_VIOLENCE_01,0.0,,1.0,444.0
2025,학교,1067,1067,SC_VIOLENCE_01,5.0,,1.0,1098.0
2025,학교,1070,1070,SC_VIOLENCE_01,0.0,,1.0,526.0
2025,학교,1073,1073,SC_VIOLENCE_01,3.0,,1.0,944.0
2025,학교,1075,1075,SC_VIOLENCE_01,0.0,,1.0,237.0
2025,학교,1076,1076,SC_VIOLENCE_01,,학교중복충돌→결측,1.0,560.0
2025,학교,1077,1077,SC_VIOLENCE_01,0.0,,1.0,268.0
2025,학교,1083,1083,SC_VIOLENCE_01,0.0,,1.0,607.0
2025,학교,1090,1090,SC_VIOLENCE_01,0.0,,1.0,373.0
2025,학교,1094,1094,SC_VIOLENCE_01,0.0,,1.0,1065.0
2025,학교,1097,1097,SC_VIOLENCE_01,1.0,,1.0,593.0
2025,학교,1098,1098,SC_VIOLENCE_01,2.0,,1.0,1019.0
2025,학교,1099,1099,SC_VIOLENCE_01,3.0,,1.0,608.0
2025,학교,1100,1100,SC_VIOLENCE_01,0.0,,1.0,174.0
2025,학교,1101,1101,SC_VIOLENCE_01,0.0,,1.0,878.0
2025,학교,1103,1103,SC_VIOLENCE_01,10.0,,1.0,641.0
2025,학교,1104,1104,SC_VIOLENCE_01,0.0,,1.0,711.0
2025,학교,1105,1105,SC_VIOLENCE_01,2.0,,2.0,988.0
2025,학교,1106,1106,SC_VIOLENCE_01,1.0,,1.0,602.0
2025,학교,1107,1107,SC_VIOLENCE_01,,학교중복충돌→결측,1.0,538.0
2025,학교,1113,1113,SC_VIOLENCE_01,0.0,,2.0,384.0
2025,학교,1114,1114,SC_VIOLENCE_01,1.0,,1.0,511.0
2025,학교,1116,1116,SC_VIOLENCE_01,0.0,,1.0,404.0
2025,학교,1118,1118,SC_VIOLENCE_01,10.0,,1.0,714.0
2025,학교,1119,1119,SC_VIOLENCE_01,3.0,,1.0,921.0
2025,학교,1120,1120,SC_VIOLENCE_01,0.0,,1.0,694.0
2025,학교,1121,1121,SC_VIOLENCE_01,0.0,,1.0,639.0
2025,학교,1122,1122,SC_VIOLENCE_01,3.0,,1.0,784.0
2025,학교,1123,1123,SC_VIOLENCE_01,1.0,,1.0,927.0
2025,학교,1125,1125,SC_VIOLENCE_01,0.0,,1.0,1299.0
2025,학교,1127,1127,SC_VIOLENCE_01,5.0,,2.0,674.0
2025,학교,1129,1129,SC_VIOLENCE_01,0.0,,2.0,478.0
2025,학교,1131,1131,SC_VIOLENCE_01,0.0,,1.0,833.0
2025,학교,1132,1132,SC_VIOLENCE_01,0.0,학교중복응답통합,1.0,171.0
2025,학교,1133,1133,SC_VIOLENCE_01,0.0,,1.0,116.0
2025,학교,1135,1135,SC_VIOLENCE_01,0.0,,1.0,312.0
2025,학교,1137,1137,SC_VIOLENCE_01,2.0,,1.0,292.0
2025,학교,1139,1139,SC_VIOLENCE_01,2.0,,1.0,833.0
2025,학교,1140,1140,SC_VIOLENCE_01,2.0,,2.0,260.0
2025,학교,1141,1141,SC_VIOLENCE_01,0.0,,1.0,414.0
2025,학교,1142,1142,SC_VIOLENCE_01,2.0,,1.0,557.0
2025,학교,1143,1143,SC_VIOLENCE_01,0.0,,1.0,1244.0
2025,학교,1144,1144,SC_VIOLENCE_01,0.0,,2.0,376.0
2025,학교,1147,1147,SC_VIOLENCE_01,0.0,,2.0,253.0
2025,학교,1148,1148,SC_VIOLENCE_01,3.0,,1.0,441.0
2025,학교,1149,1149,SC_VIOLENCE_01,0.0,,1.0,988.0
2025,학교,1150,1150,SC_VIOLENCE_01,0.0,,1.0,453.0
2025,학교,1152,1152,SC_VIOLENCE_01,2.0,,2.0,388.0
2025,학교,1153,1153,SC_VIOLENCE_01,0.0,학교중복응답통합,1.0,249.0
2025,학교,1154,1154,SC_VIOLENCE_01,0.0,,1.0,817.0
2025,학교,1155,1155,SC_VIOLENCE_01,0.0,,1.0,1166.0
2025,학교,1156,1156,SC_VIOLENCE_01,0.0,,1.0,566.0
2025,학교,1161,1161,SC_VIOLENCE_01,1.0,,1.0,889.0
2025,학교,1162,1162,SC_VIOLENCE_01,0.0,,1.0,409.0
2025,학교,1163,1163,SC_VIOLENCE_01,4.0,,1.0,1298.0
2025,학교,1164,1164,SC_VIOLENCE_01,0.0,,1.0,451.0
2025,학교,1165,1165,SC_VIOLENCE_01,0.0,,1.0,1263.0
2025,학교,1166,1166,SC_VIOLENCE_01,0.0,,1.0,1078.0
2025,학교,1167,1167,SC_VIOLENCE_01,2.0,,2.0,413.0
2025,학교,1168,1168,SC_VIOLENCE_01,3.0,,1.0,987.0
2025,학교,1170,1170,SC_VIOLENCE_01,0.0,,1.0,409.0
2025,학교,1176,1176,SC_VIOLENCE_01,1.0,,1.0,819.0
2025,학교,1177,1177,SC_VIOLENCE_01,2.0,,2.0,615.0
2025,학교,1180,1180,SC_VIOLENCE_01,0.0,,2.0,498.0
2025,학교,1182,1182,SC_VIOLENCE_01,1.0,,1.0,374.0
2025,학교,1003,1003,SC_VIOLENCE_02,0.0,,2.0,63.0
2025,학교,1005,1005,SC_VIOLENCE_02,13.0,,1.0,583.0
2025,학교,1007,1007,SC_VIOLENCE_02,5.0,,1.0,369.0
2025,학교,1009,1009,SC_VIOLENCE_02,5.0,,1.0,229.0
2025,학교,1013,1013,SC_VIOLENCE_02,21.0,,1.0,550.0
2025,학교,1014,1014,SC_VIOLENCE_02,9.0,,2.0,346.0
2025,학교,1015,1015,SC_VIOLENCE_02,17.0,,1.0,589.0
2025,학교,1016,1016,SC_VIOLENCE_02,0.0,,1.0,460.0
2025,학교,1020,1020,SC_VIOLENCE_02,17.0,,1.0,257.0
2025,학교,1021,1021,SC_VIOLENCE_02,39.0,,1.0,1206.0
2025,학교,1023,1023,SC_VIOLENCE_02,8.0,,1.0,287.0
2025,학교,1025,1025,SC_VIOLENCE_02,50.0,,1.0,1046.0
2025,학교,1026,1026,SC_VIOLENCE_02,10.0,,2.0,874.0
2025,학교,1027,1027,SC_VIOLENCE_02,18.0,,1.0,963.0
2025,학교,1029,1029,SC_VIOLENCE_02,9.0,,1.0,558.0
2025,학교,1031,1031,SC_VIOLENCE_02,10.0,,1.0,986.0
2025,학교,1033,1033,SC_VIOLENCE_02,8.0,,1.0,175.0
2025,학교,1034,1034,SC_VIOLENCE_02,0.0,,1.0,400.0
2025,학교,1035,1035,SC_VIOLENCE_02,10.0,,1.0,891.0
2025,학교,1036,1036,SC_VIOLENCE_02,11.0,,1.0,851.0
2025,학교,1038,1038,SC_VIOLENCE_02,5.0,,1.0,612.0
2025,학교,1039,1039,SC_VIOLENCE_02,32.0,,1.0,705.0
2025,학교,1042,1042,SC_VIOLENCE_02,0.0,,1.0,272.0
2025,학교,1043,1043,SC_VIOLENCE_02,21.0,,1.0,522.0
2025,학교,1044,1044,SC_VIOLENCE_02,2.0,,1.0,302.0
2025,학교,1045,1045,SC_VIOLENCE_02,2.0,,1.0,535.0
2025,학교,1046,1046,SC_VIOLENCE_02,0.0,,1.0,442.0
2025,학교,1047,1047,SC_VIOLENCE_02,0.0,학교중복응답통합,1.0,440.0
2025,학교,1048,1048,SC_VIOLENCE_02,13.0,,1.0,923.0
2025,학교,1050,1050,SC_VIOLENCE_02,18.0,,1.0,1231.0
2025,학교,1052,1052,SC_VIOLENCE_02,7.0,,1.0,393.0
2025,학교,1053,1053,SC_VIOLENCE_02,21.0,,1.0,1303.0
2025,학교,1058,1058,SC_VIOLENCE_02,10.0,,1.0,759.0
2025,학교,1059,1059,SC_VIOLENCE_02,13.0,,1.0,511.0
2025,학교,1060,1060,SC_VIOLENCE_02,16.0,,1.0,729.0
2025,학교,1062,1062,SC_VIOLENCE_02,2.0,,1.0,644.0
2025,학교,1063,1063,SC_VIOLENCE_02,10.0,,1.0,401.0
2025,학교,1064,1064,SC_VIOLENCE_02,1.0,,1.0,218.0
2025,학교,1065,1065,SC_VIOLENCE_02,3.0,,1.0,385.0
2025,학교,1066,1066,SC_VIOLENCE_02,4.0,,1.0,444.0
2025,학교,1067,1067,SC_VIOLENCE_02,10.0,,1.0,1098.0
2025,학교,1070,1070,SC_VIOLENCE_02,8.0,,1.0,526.0
2025,학교,1073,1073,SC_VIOLENCE_02,5.0,,1.0,944.0
2025,학교,1075,1075,SC_VIOLENCE_02,2.0,,1.0,237.0
2025,학교,1076,1076,SC_VIOLENCE_02,,학교중복충돌→결측,1.0,560.0
2025,학교,1077,1077,SC_VIOLENCE_02,1.0,,1.0,268.0
2025,학교,1083,1083,SC_VIOLENCE_02,12.0,,1.0,607.0
2025,학교,1090,1090,SC_VIOLENCE_02,1.0,,1.0,373.0
2025,학교,1094,1094,SC_VIOLENCE_02,5.0,,1.0,1065.0
2025,학교,1097,1097,SC_VIOLENCE_02,15.0,,1.0,593.0
2025,학교,1098,1098,SC_VIOLENCE_02,11.0,,1.0,1019.0
2025,학교,1099,1099,SC_VIOLENCE_02,12.0,,1.0,608.0
2025,학교,1100,1100,SC_VIOLENCE_02,0.0,,1.0,174.0
2025,학교,1101,1101,SC_VIOLENCE_02,11.0,,1.0,878.0
2025,학교,1103,1103,SC_VIOLENCE_02,0.0,,1.0,641.0
2025,학교,1104,1104,SC_VIOLENCE_02,19.0,,1.0,711.0
2025,학교,1105,1105,SC_VIOLENCE_02,29.0,,2.0,988.0
2025,학교,1106,1106,SC_VIOLENCE_02,19.0,,1.0,602.0
2025,학교,1107,1107,SC_VIOLENCE_02,,학교중복충돌→결측,1.0,538.0
2025,학교,1113,1113,SC_VIOLENCE_02,10.0,,2.0,384.0
2025,학교,1114,1114,SC_VIOLENCE_02,14.0,,1.0,511.0
2025,학교,1116,1116,SC_VIOLENCE_02,2.0,,1.0,404.0
2025,학교,1118,1118,SC_VIOLENCE_02,20.0,,1.0,714.0
2025,학교,1119,1119,SC_VIOLENCE_02,2.0,,1.0,921.0
2025,학교,1120,1120,SC_VIOLENCE_02,7.0,,1.0,694.0
2025,학교,1121,1121,SC_VIOLENCE_02,9.0,,1.0,639.0
2025,학교,1122,1122,SC_VIOLENCE_02,8.0,,1.0,784.0
2025,학교,1123,1123,SC_VIOLENCE_02,16.0,,1.0,927.0
2025,학교,1125,1125,SC_VIOLENCE_02,6.0,,1.0,1299.0
2025,학교,1127,1127,SC_VIOLENCE_02,5.0,,2.0,674.0
2025,학교,1129,1129,SC_VIOLENCE_02,0.0,,2.0,478.0
2025,학교,1131,1131,SC_VIOLENCE_02,6.0,,1.0,833.0
2025,학교,1132,1132,SC_VIOLENCE_02,0.0,학교중복응답통합,1.0,171.0
2025,학교,1133,1133,SC_VIOLENCE_02,7.0,,1.0,116.0
2025,학교,1135,1135,SC_VIOLENCE_02,23.0,,1.0,312.0
2025,학교,1137,1137,SC_VIOLENCE_02,4.0,,1.0,292.0
2025,학교,1139,1139,SC_VIOLENCE_02,20.0,,1.0,833.0
2025,학교,1140,1140,SC_VIOLENCE_02,2.0,,2.0,260.0
2025,학교,1141,1141,SC_VIOLENCE_02,16.0,,1.0,414.0
2025,학교,1142,1142,SC_VIOLENCE_02,15.0,,1.0,557.0
2025,학교,1143,1143,SC_VIOLENCE_02,3.0,,1.0,1244.0
2025,학교,1144,1144,SC_VIOLENCE_02,6.0,,2.0,376.0
2025,학교,1147,1147,SC_VIOLENCE_02,2.0,,2.0,253.0
2025,학교,1148,1148,SC_VIOLENCE_02,13.0,,1.0,441.0
2025,학교,1149,1149,SC_VIOLENCE_02,2.0,,1.0,988.0
2025,학교,1150,1150,SC_VIOLENCE_02,0.0,,1.0,453.0
2025,학교,1152,1152,SC_VIOLENCE_02,7.0,,2.0,388.0
2025,학교,1153,1153,SC_VIOLENCE_02,,학교중복충돌→결측,1.0,249.0
2025,학교,1154,1154,SC_VIOLENCE_02,0.0,,1.0,817.0
2025,학교,1155,1155,SC_VIOLENCE_02,10.0,,1.0,1166.0
2025,학교,1156,1156,SC_VIOLENCE_02,6.0,,1.0,566.0
2025,학교,1161,1161,SC_VIOLENCE_02,19.0,,1.0,889.0
2025,학교,1162,1162,SC_VIOLENCE_02,0.0,,1.0,409.0
2025,학교,1163,1163,SC_VIOLENCE_02,20.0,,1.0,1298.0
2025,학교,1164,1164,SC_VIOLENCE_02,5.0,,1.0,451.0
2025,학교,1165,1165,SC_VIOLENCE_02,19.0,,1.0,1263.0
2025,학교,1166,1166,SC_VIOLENCE_02,14.0,,1.0,1078.0
2025,학교,1167,1167,SC_VIOLENCE_02,6.0,,2.0,413.0
2025,학교,1168,1168,SC_VIOLENCE_02,15.0,,1.0,987.0
2025,학교,1170,1170,SC_VIOLENCE_02,10.0,,1.0,409.0
2025,학교,1176,1176,SC_VIOLENCE_02,7.0,,1.0,819.0
2025,학교,1177,1177,SC_VIOLENCE_02,3.0,,2.0,615.0
2025,학교,1180,1180,SC_VIOLENCE_02,10.0,,2.0,498.0
2025,학교,1182,1182,SC_VIOLENCE_02,5.0,,1.0,374.0
2025,학교,1003,1003,SC_VIOLENCE_03,0.0,,2.0,63.0
2025,학교,1005,1005,SC_VIOLENCE_03,2.0,,1.0,583.0
2025,학교,1007,1007,SC_VIOLENCE_03,0.0,,1.0,369.0
2025,학교,1009,1009,SC_VIOLENCE_03,1.0,,1.0,229.0
2025,학교,1013,1013,SC_VIOLENCE_03,3.0,,1.0,550.0
2025,학교,1014,1014,SC_VIOLENCE_03,1.0,,2.0,346.0
2025,학교,1015,1015,SC_VIOLENCE_03,3.0,,1.0,589.0
2025,학교,1016,1016,SC_VIOLENCE_03,1.0,,1.0,460.0
2025,학교,1020,1020,SC_VIOLENCE_03,15.0,,1.0,257.0
2025,학교,1021,1021,SC_VIOLENCE_03,11.0,,1.0,1206.0
2025,학교,1023,1023,SC_VIOLENCE_03,0.0,,1.0,287.0
2025,학교,1025,1025,SC_VIOLENCE_03,15.0,,1.0,1046.0
2025,학교,1026,1026,SC_VIOLENCE_03,2.0,,2.0,874.0
2025,학교,1027,1027,SC_VIOLENCE_03,0.0,,1.0,963.0
2025,학교,1029,1029,SC_VIOLENCE_03,2.0,,1.0,558.0
2025,학교,1031,1031,SC_VIOLENCE_03,4.0,,1.0,986.0
2025,학교,1033,1033,SC_VIOLENCE_03,0.0,,1.0,175.0
2025,학교,1034,1034,SC_VIOLENCE_03,0.0,,1.0,400.0
2025,학교,1035,1035,SC_VIOLENCE_03,3.0,,1.0,891.0
2025,학교,1036,1036,SC_VIOLENCE_03,0.0,,1.0,851.0
2025,학교,1038,1038,SC_VIOLENCE_03,0.0,,1.0,612.0
2025,학교,1039,1039,SC_VIOLENCE_03,1.0,,1.0,705.0
2025,학교,1042,1042,SC_VIOLENCE_03,1.0,,1.0,272.0
2025,학교,1043,1043,SC_VIOLENCE_03,2.0,,1.0,522.0
2025,학교,1044,1044,SC_VIOLENCE_03,0.0,,1.0,302.0
2025,학교,1045,1045,SC_VIOLENCE_03,0.0,,1.0,535.0
2025,학교,1046,1046,SC_VIOLENCE_03,1.0,,1.0,442.0
2025,학교,1047,1047,SC_VIOLENCE_03,0.0,학교중복응답통합,1.0,440.0
2025,학교,1048,1048,SC_VIOLENCE_03,0.0,,1.0,923.0
2025,학교,1050,1050,SC_VIOLENCE_03,1.0,,1.0,1231.0
2025,학교,1052,1052,SC_VIOLENCE_03,0.0,,1.0,393.0
2025,학교,1053,1053,SC_VIOLENCE_03,3.0,,1.0,1303.0
2025,학교,1058,1058,SC_VIOLENCE_03,0.0,,1.0,759.0
2025,학교,1059,1059,SC_VIOLENCE_03,0.0,,1.0,511.0
2025,학교,1060,1060,SC_VIOLENCE_03,5.0,,1.0,729.0
2025,학교,1062,1062,SC_VIOLENCE_03,0.0,,1.0,644.0
2025,학교,1063,1063,SC_VIOLENCE_03,1.0,,1.0,401.0
2025,학교,1064,1064,SC_VIOLENCE_03,0.0,,1.0,218.0
2025,학교,1065,1065,SC_VIOLENCE_03,0.0,,1.0,385.0
2025,학교,1066,1066,SC_VIOLENCE_03,0.0,,1.0,444.0
2025,학교,1067,1067,SC_VIOLENCE_03,0.0,,1.0,1098.0
2025,학교,1070,1070,SC_VIOLENCE_03,0.0,,1.0,526.0
2025,학교,1073,1073,SC_VIOLENCE_03,0.0,,1.0,944.0
2025,학교,1075,1075,SC_VIOLENCE_03,1.0,,1.0,237.0
2025,학교,1076,1076,SC_VIOLENCE_03,,학교중복충돌→결측,1.0,560.0
2025,학교,1077,1077,SC_VIOLENCE_03,0.0,,1.0,268.0
2025,학교,1083,1083,SC_VIOLENCE_03,1.0,,1.0,607.0
2025,학교,1090,1090,SC_VIOLENCE_03,0.0,,1.0,373.0
2025,학교,1094,1094,SC_VIOLENCE_03,0.0,,1.0,1065.0
2025,학교,1097,1097,SC_VIOLENCE_03,3.0,,1.0,593.0
2025,학교,1098,1098,SC_VIOLENCE_03,12.0,,1.0,1019.0
2025,학교,1099,1099,SC_VIOLENCE_03,3.0,,1.0,608.0
2025,학교,1100,1100,SC_VIOLENCE_03,0.0,,1.0,174.0
2025,학교,1101,1101,SC_VIOLENCE_03,3.0,,1.0,878.0
2025,학교,1103,1103,SC_VIOLENCE_03,0.0,,1.0,641.0
2025,학교,1104,1104,SC_VIOLENCE_03,2.0,,1.0,711.0
2025,학교,1105,1105,SC_VIOLENCE_03,13.0,,2.0,988.0
2025,학교,1106,1106,SC_VIOLENCE_03,0.0,,1.0,602.0
2025,학교,1107,1107,SC_VIOLENCE_03,,학교중복충돌→결측,1.0,538.0
2025,학교,1113,1113,SC_VIOLENCE_03,1.0,,2.0,384.0
2025,학교,1114,1114,SC_VIOLENCE_03,0.0,,1.0,511.0
2025,학교,1116,1116,SC_VIOLENCE_03,1.0,,1.0,404.0
2025,학교,1118,1118,SC_VIOLENCE_03,1.0,,1.0,714.0
2025,학교,1119,1119,SC_VIOLENCE_03,0.0,,1.0,921.0
2025,학교,1120,1120,SC_VIOLENCE_03,0.0,,1.0,694.0
2025,학교,1121,1121,SC_VIOLENCE_03,0.0,,1.0,639.0
2025,학교,1122,1122,SC_VIOLENCE_03,0.0,,1.0,784.0
2025,학교,1123,1123,SC_VIOLENCE_03,0.0,,1.0,927.0
2025,학교,1125,1125,SC_VIOLENCE_03,10.0,,1.0,1299.0
2025,학교,1127,1127,SC_VIOLENCE_03,0.0,,2.0,674.0
2025,학교,1129,1129,SC_VIOLENCE_03,0.0,,2.0,478.0
2025,학교,1131,1131,SC_VIOLENCE_03,0.0,,1.0,833.0
2025,학교,1132,1132,SC_VIOLENCE_03,0.0,학교중복응답통합,1.0,171.0
2025,학교,1133,1133,SC_VIOLENCE_03,0.0,,1.0,116.0
2025,학교,1135,1135,SC_VIOLENCE_03,2.0,,1.0,312.0
2025,학교,1137,1137,SC_VIOLENCE_03,1.0,,1.0,292.0
2025,학교,1139,1139,SC_VIOLENCE_03,2.0,,1.0,833.0
2025,학교,1140,1140,SC_VIOLENCE_03,0.0,,2.0,260.0
2025,학교,1141,1141,SC_VIOLENCE_03,1.0,,1.0,414.0
2025,학교,1142,1142,SC_VIOLENCE_03,1.0,,1.0,557.0
2025,학교,1143,1143,SC_VIOLENCE_03,3.0,,1.0,1244.0
2025,학교,1144,1144,SC_VIOLENCE_03,0.0,,2.0,376.0
2025,학교,1147,1147,SC_VIOLENCE_03,0.0,,2.0,253.0
2025,학교,1148,1148,SC_VIOLENCE_03,0.0,,1.0,441.0
2025,학교,1149,1149,SC_VIOLENCE_03,5.0,,1.0,988.0
2025,학교,1150,1150,SC_VIOLENCE_03,0.0,,1.0,453.0
2025,학교,1152,1152,SC_VIOLENCE_03,2.0,,2.0,388.0
2025,학교,1153,1153,SC_VIOLENCE_03,5.0,학교중복응답통합,1.0,249.0
2025,학교,1154,1154,SC_VIOLENCE_03,0.0,,1.0,817.0
2025,학교,1155,1155,SC_VIOLENCE_03,0.0,,1.0,1166.0
2025,학교,1156,1156,SC_VIOLENCE_03,3.0,,1.0,566.0
2025,학교,1161,1161,SC_VIOLENCE_03,4.0,,1.0,889.0
2025,학교,1162,1162,SC_VIOLENCE_03,0.0,,1.0,409.0
2025,학교,1163,1163,SC_VIOLENCE_03,10.0,,1.0,1298.0
2025,학교,1164,1164,SC_VIOLENCE_03,0.0,,1.0,451.0
2025,학교,1165,1165,SC_VIOLENCE_03,0.0,,1.0,1263.0
2025,학교,1166,1166,SC_VIOLENCE_03,1.0,,1.0,1078.0
2025,학교,1167,1167,SC_VIOLENCE_03,3.0,,2.0,413.0
2025,학교,1168,1168,SC_VIOLENCE_03,1.0,,1.0,987.0
2025,학교,1170,1170,SC_VIOLENCE_03,3.0,,1.0,409.0
2025,학교,1176,1176,SC_VIOLENCE_03,0.0,,1.0,819.0
2025,학교,1177,1177,SC_VIOLENCE_03,0.0,,2.0,615.0
2025,학교,1180,1180,SC_VIOLENCE_03,0.0,,2.0,498.0
2025,학교,1182,1182,SC_VIOLENCE_03,0.0,,1.0,374.0
2025,학교,1003,1003,SC_VIOLENCE_04,1.0,,2.0,63.0
2025,학교,1005,1005,SC_VIOLENCE_04,0.0,,1.0,583.0
2025,학교,1007,1007,SC_VIOLENCE_04,1.0,,1.0,369.0
2025,학교,1009,1009,SC_VIOLENCE_04,0.0,,1.0,229.0
2025,학교,1013,1013,SC_VIOLENCE_04,0.0,,1.0,550.0
2025,학교,1014,1014,SC_VIOLENCE_04,1.0,,2.0,346.0
2025,학교,1015,1015,SC_VIOLENCE_04,3.0,,1.0,589.0
2025,학교,1016,1016,SC_VIOLENCE_04,0.0,,1.0,460.0
2025,학교,1020,1020,SC_VIOLENCE_04,0.0,,1.0,257.0
2025,학교,1021,1021,SC_VIOLENCE_04,2.0,,1.0,1206.0
2025,학교,1023,1023,SC_VIOLENCE_04,0.0,,1.0,287.0
2025,학교,1025,1025,SC_VIOLENCE_04,1.0,,1.0,1046.0
2025,학교,1026,1026,SC_VIOLENCE_04,1.0,,2.0,874.0
2025,학교,1027,1027,SC_VIOLENCE_04,0.0,,1.0,963.0
2025,학교,1029,1029,SC_VIOLENCE_04,0.0,,1.0,558.0
2025,학교,1031,1031,SC_VIOLENCE_04,3.0,,1.0,986.0
2025,학교,1033,1033,SC_VIOLENCE_04,1.0,,1.0,175.0
2025,학교,1034,1034,SC_VIOLENCE_04,0.0,,1.0,400.0
2025,학교,1035,1035,SC_VIOLENCE_04,4.0,,1.0,891.0
2025,학교,1036,1036,SC_VIOLENCE_04,2.0,,1.0,851.0
2025,학교,1038,1038,SC_VIOLENCE_04,0.0,,1.0,612.0
2025,학교,1039,1039,SC_VIOLENCE_04,0.0,,1.0,705.0
2025,학교,1042,1042,SC_VIOLENCE_04,0.0,,1.0,272.0
2025,학교,1043,1043,SC_VIOLENCE_04,0.0,,1.0,522.0
2025,학교,1044,1044,SC_VIOLENCE_04,1.0,,1.0,302.0
2025,학교,1045,1045,SC_VIOLENCE_04,2.0,,1.0,535.0
2025,학교,1046,1046,SC_VIOLENCE_04,0.0,,1.0,442.0
2025,학교,1047,1047,SC_VIOLENCE_04,0.0,학교중복응답통합,1.0,440.0
2025,학교,1048,1048,SC_VIOLENCE_04,0.0,,1.0,923.0
2025,학교,1050,1050,SC_VIOLENCE_04,1.0,,1.0,1231.0
2025,학교,1052,1052,SC_VIOLENCE_04,0.0,,1.0,393.0
2025,학교,1053,1053,SC_VIOLENCE_04,1.0,,1.0,1303.0
2025,학교,1058,1058,SC_VIOLENCE_04,0.0,,1.0,759.0
2025,학교,1059,1059,SC_VIOLENCE_04,2.0,,1.0,511.0
2025,학교,1060,1060,SC_VIOLENCE_04,3.0,,1.0,729.0
2025,학교,1062,1062,SC_VIOLENCE_04,1.0,,1.0,644.0
2025,학교,1063,1063,SC_VIOLENCE_04,2.0,,1.0,401.0
2025,학교,1064,1064,SC_VIOLENCE_04,0.0,,1.0,218.0
2025,학교,1065,1065,SC_VIOLENCE_04,0.0,,1.0,385.0
2025,학교,1066,1066,SC_VIOLENCE_04,0.0,,1.0,444.0
2025,학교,1067,1067,SC_VIOLENCE_04,5.0,,1.0,1098.0
2025,학교,1070,1070,SC_VIOLENCE_04,5.0,,1.0,526.0
2025,학교,1073,1073,SC_VIOLENCE_04,0.0,,1.0,944.0
2025,학교,1075,1075,SC_VIOLENCE_04,0.0,,1.0,237.0
2025,학교,1076,1076,SC_VIOLENCE_04,,학교중복충돌→결측,1.0,560.0
2025,학교,1077,1077,SC_VIOLENCE_04,0.0,,1.0,268.0
2025,학교,1083,1083,SC_VIOLENCE_04,3.0,,1.0,607.0
2025,학교,1090,1090,SC_VIOLENCE_04,1.0,,1.0,373.0
2025,학교,1094,1094,SC_VIOLENCE_04,0.0,,1.0,1065.0
2025,학교,1097,1097,SC_VIOLENCE_04,2.0,,1.0,593.0
2025,학교,1098,1098,SC_VIOLENCE_04,5.0,,1.0,1019.0
2025,학교,1099,1099,SC_VIOLENCE_04,0.0,,1.0,608.0
2025,학교,1100,1100,SC_VIOLENCE_04,0.0,,1.0,174.0
2025,학교,1101,1101,SC_VIOLENCE_04,0.0,,1.0,878.0
2025,학교,1103,1103,SC_VIOLENCE_04,2.0,,1.0,641.0
2025,학교,1104,1104,SC_VIOLENCE_04,0.0,,1.0,711.0
2025,학교,1105,1105,SC_VIOLENCE_04,4.0,,2.0,988.0
2025,학교,1106,1106,SC_VIOLENCE_04,1.0,,1.0,602.0
2025,학교,1107,1107,SC_VIOLENCE_04,,학교중복충돌→결측,1.0,538.0
2025,학교,1113,1113,SC_VIOLENCE_04,1.0,,2.0,384.0
2025,학교,1114,1114,SC_VIOLENCE_04,0.0,,1.0,511.0
2025,학교,1116,1116,SC_VIOLENCE_04,0.0,,1.0,404.0
2025,학교,1118,1118,SC_VIOLENCE_04,2.0,,1.0,714.0
2025,학교,1119,1119,SC_VIOLENCE_04,2.0,,1.0,921.0
2025,학교,1120,1120,SC_VIOLENCE_04,0.0,,1.0,694.0
2025,학교,1121,1121,SC_VIOLENCE_04,0.0,,1.0,639.0
2025,학교,1122,1122,SC_VIOLENCE_04,1.0,,1.0,784.0
2025,학교,1123,1123,SC_VIOLENCE_04,2.0,,1.0,927.0
2025,학교,1125,1125,SC_VIOLENCE_04,3.0,,1.0,1299.0
2025,학교,1127,1127,SC_VIOLENCE_04,0.0,,2.0,674.0
2025,학교,1129,1129,SC_VIOLENCE_04,0.0,,2.0,478.0
2025,학교,1131,1131,SC_VIOLENCE_04,0.0,,1.0,833.0
2025,학교,1132,1132,SC_VIOLENCE_04,0.0,학교중복응답통합,1.0,171.0
2025,학교,1133,1133,SC_VIOLENCE_04,1.0,,1.0,116.0
2025,학교,1135,1135,SC_VIOLENCE_04,2.0,,1.0,312.0
2025,학교,1137,1137,SC_VIOLENCE_04,0.0,,1.0,292.0
2025,학교,1139,1139,SC_VIOLENCE_04,5.0,,1.0,833.0
2025,학교,1140,1140,SC_VIOLENCE_04,0.0,,2.0,260.0
2025,학교,1141,1141,SC_VIOLENCE_04,0.0,,1.0,414.0
2025,학교,1142,1142,SC_VIOLENCE_04,0.0,,1.0,557.0
2025,학교,1143,1143,SC_VIOLENCE_04,2.0,,1.0,1244.0
2025,학교,1144,1144,SC_VIOLENCE_04,0.0,,2.0,376.0
2025,학교,1147,1147,SC_VIOLENCE_04,0.0,,2.0,253.0
2025,학교,1148,1148,SC_VIOLENCE_04,3.0,,1.0,441.0
2025,학교,1149,1149,SC_VIOLENCE_04,5.0,,1.0,988.0
2025,학교,1150,1150,SC_VIOLENCE_04,0.0,,1.0,453.0
2025,학교,1152,1152,SC_VIOLENCE_04,1.0,,2.0,388.0
2025,학교,1153,1153,SC_VIOLENCE_04,,학교중복충돌→결측,1.0,249.0
2025,학교,1154,1154,SC_VIOLENCE_04,0.0,,1.0,817.0
2025,학교,1155,1155,SC_VIOLENCE_04,0.0,,1.0,1166.0
2025,학교,1156,1156,SC_VIOLENCE_04,0.0,,1.0,566.0
2025,학교,1161,1161,SC_VIOLENCE_04,5.0,,1.0,889.0
2025,학교,1162,1162,SC_VIOLENCE_04,0.0,,1.0,409.0
2025,학교,1163,1163,SC_VIOLENCE_04,2.0,,1.0,1298.0
2025,학교,1164,1164,SC_VIOLENCE_04,0.0,,1.0,451.0
2025,학교,1165,1165,SC_VIOLENCE_04,0.0,,1.0,1263.0
2025,학교,1166,1166,SC_VIOLENCE_04,3.0,,1.0,1078.0
2025,학교,1167,1167,SC_VIOLENCE_04,1.0,,2.0,413.0
2025,학교,1168,1168,SC_VIOLENCE_04,3.0,,1.0,987.0
2025,학교,1170,1170,SC_VIOLENCE_04,0.0,,1.0,409.0
2025,학교,1176,1176,SC_VIOLENCE_04,2.0,,1.0,819.0
2025,학교,1177,1177,SC_VIOLENCE_04,0.0,,2.0,615.0
2025,학교,1180,1180,SC_VIOLENCE_04,3.0,,2.0,498.0
2025,학교,1182,1182,SC_VIOLENCE_04,0.0,,1.0,374.0
2025,학교,1003,1003,SC_VIOLENCE_05,0.0,,2.0,63.0
2025,학교,1005,1005,SC_VIOLENCE_05,1.0,,1.0,583.0
2025,학교,1007,1007,SC_VIOLENCE_05,0.0,,1.0,369.0
2025,학교,1009,1009,SC_VIOLENCE_05,1.0,,1.0,229.0
2025,학교,1013,1013,SC_VIOLENCE_05,2.0,,1.0,550.0
2025,학교,1014,1014,SC_VIOLENCE_05,1.0,,2.0,346.0
2025,학교,1015,1015,SC_VIOLENCE_05,0.0,,1.0,589.0
2025,학교,1016,1016,SC_VIOLENCE_05,0.0,,1.0,460.0
2025,학교,1020,1020,SC_VIOLENCE_05,1.0,,1.0,257.0
2025,학교,1021,1021,SC_VIOLENCE_05,3.0,,1.0,1206.0
2025,학교,1023,1023,SC_VIOLENCE_05,0.0,,1.0,287.0
2025,학교,1025,1025,SC_VIOLENCE_05,3.0,,1.0,1046.0
2025,학교,1026,1026,SC_VIOLENCE_05,1.0,,2.0,874.0
2025,학교,1027,1027,SC_VIOLENCE_05,0.0,,1.0,963.0
2025,학교,1029,1029,SC_VIOLENCE_05,0.0,,1.0,558.0
2025,학교,1031,1031,SC_VIOLENCE_05,7.0,,1.0,986.0
2025,학교,1033,1033,SC_VIOLENCE_05,1.0,,1.0,175.0
2025,학교,1034,1034,SC_VIOLENCE_05,1.0,,1.0,400.0
2025,학교,1035,1035,SC_VIOLENCE_05,1.0,,1.0,891.0
2025,학교,1036,1036,SC_VIOLENCE_05,3.0,,1.0,851.0
2025,학교,1038,1038,SC_VIOLENCE_05,0.0,,1.0,612.0
2025,학교,1039,1039,SC_VIOLENCE_05,2.0,,1.0,705.0
2025,학교,1042,1042,SC_VIOLENCE_05,0.0,,1.0,272.0
2025,학교,1043,1043,SC_VIOLENCE_05,2.0,,1.0,522.0
2025,학교,1044,1044,SC_VIOLENCE_05,0.0,,1.0,302.0
2025,학교,1045,1045,SC_VIOLENCE_05,0.0,,1.0,535.0
2025,학교,1046,1046,SC_VIOLENCE_05,0.0,,1.0,442.0
2025,학교,1047,1047,SC_VIOLENCE_05,0.0,학교중복응답통합,1.0,440.0
2025,학교,1048,1048,SC_VIOLENCE_05,3.0,,1.0,923.0
2025,학교,1050,1050,SC_VIOLENCE_05,1.0,,1.0,1231.0
2025,학교,1052,1052,SC_VIOLENCE_05,1.0,,1.0,393.0
2025,학교,1053,1053,SC_VIOLENCE_05,3.0,,1.0,1303.0
2025,학교,1058,1058,SC_VIOLENCE_05,0.0,,1.0,759.0
2025,학교,1059,1059,SC_VIOLENCE_05,0.0,,1.0,511.0
2025,학교,1060,1060,SC_VIOLENCE_05,1.0,,1.0,729.0
2025,학교,1062,1062,SC_VIOLENCE_05,1.0,,1.0,644.0
2025,학교,1063,1063,SC_VIOLENCE_05,0.0,,1.0,401.0
2025,학교,1064,1064,SC_VIOLENCE_05,0.0,,1.0,218.0
2025,학교,1065,1065,SC_VIOLENCE_05,0.0,,1.0,385.0
2025,학교,1066,1066,SC_VIOLENCE_05,0.0,,1.0,444.0
2025,학교,1067,1067,SC_VIOLENCE_05,5.0,,1.0,1098.0
2025,학교,1070,1070,SC_VIOLENCE_05,1.0,,1.0,526.0
2025,학교,1073,1073,SC_VIOLENCE_05,0.0,,1.0,944.0
2025,학교,1075,1075,SC_VIOLENCE_05,0.0,,1.0,237.0
2025,학교,1076,1076,SC_VIOLENCE_05,,학교중복충돌→결측,1.0,560.0
2025,학교,1077,1077,SC_VIOLENCE_05,0.0,,1.0,268.0
2025,학교,1083,1083,SC_VIOLENCE_05,0.0,,1.0,607.0
2025,학교,1090,1090,SC_VIOLENCE_05,0.0,,1.0,373.0
2025,학교,1094,1094,SC_VIOLENCE_05,2.0,,1.0,1065.0
2025,학교,1097,1097,SC_VIOLENCE_05,3.0,,1.0,593.0
2025,학교,1098,1098,SC_VIOLENCE_05,4.0,,1.0,1019.0
2025,학교,1099,1099,SC_VIOLENCE_05,2.0,,1.0,608.0
2025,학교,1100,1100,SC_VIOLENCE_05,0.0,,1.0,174.0
2025,학교,1101,1101,SC_VIOLENCE_05,2.0,,1.0,878.0
2025,학교,1103,1103,SC_VIOLENCE_05,0.0,,1.0,641.0
2025,학교,1104,1104,SC_VIOLENCE_05,1.0,,1.0,711.0
2025,학교,1105,1105,SC_VIOLENCE_05,4.0,,2.0,988.0
2025,학교,1106,1106,SC_VIOLENCE_05,0.0,,1.0,602.0
2025,학교,1107,1107,SC_VIOLENCE_05,,학교중복충돌→결측,1.0,538.0
2025,학교,1113,1113,SC_VIOLENCE_05,0.0,,2.0,384.0
2025,학교,1114,1114,SC_VIOLENCE_05,0.0,,1.0,511.0
2025,학교,1116,1116,SC_VIOLENCE_05,1.0,,1.0,404.0
2025,학교,1118,1118,SC_VIOLENCE_05,0.0,,1.0,714.0
2025,학교,1119,1119,SC_VIOLENCE_05,6.0,,1.0,921.0
2025,학교,1120,1120,SC_VIOLENCE_05,0.0,,1.0,694.0
2025,학교,1121,1121,SC_VIOLENCE_05,1.0,,1.0,639.0
2025,학교,1122,1122,SC_VIOLENCE_05,0.0,,1.0,784.0
2025,학교,1123,1123,SC_VIOLENCE_05,2.0,,1.0,927.0
2025,학교,1125,1125,SC_VIOLENCE_05,5.0,,1.0,1299.0
2025,학교,1127,1127,SC_VIOLENCE_05,0.0,,2.0,674.0
2025,학교,1129,1129,SC_VIOLENCE_05,0.0,,2.0,478.0
2025,학교,1131,1131,SC_VIOLENCE_05,0.0,,1.0,833.0
2025,학교,1132,1132,SC_VIOLENCE_05,0.0,학교중복응답통합,1.0,171.0
2025,학교,1133,1133,SC_VIOLENCE_05,0.0,,1.0,116.0
2025,학교,1135,1135,SC_VIOLENCE_05,1.0,,1.0,312.0
2025,학교,1137,1137,SC_VIOLENCE_05,0.0,,1.0,292.0
2025,학교,1139,1139,SC_VIOLENCE_05,2.0,,1.0,833.0
2025,학교,1140,1140,SC_VIOLENCE_05,2.0,,2.0,260.0
2025,학교,1141,1141,SC_VIOLENCE_05,1.0,,1.0,414.0
2025,학교,1142,1142,SC_VIOLENCE_05,0.0,,1.0,557.0
2025,학교,1143,1143,SC_VIOLENCE_05,6.0,,1.0,1244.0
2025,학교,1144,1144,SC_VIOLENCE_05,2.0,,2.0,376.0
2025,학교,1147,1147,SC_VIOLENCE_05,0.0,,2.0,253.0
2025,학교,1148,1148,SC_VIOLENCE_05,0.0,,1.0,441.0
2025,학교,1149,1149,SC_VIOLENCE_05,2.0,,1.0,988.0
2025,학교,1150,1150,SC_VIOLENCE_05,1.0,,1.0,453.0
2025,학교,1152,1152,SC_VIOLENCE_05,3.0,,2.0,388.0
2025,학교,1153,1153,SC_VIOLENCE_05,,학교중복충돌→결측,1.0,249.0
2025,학교,1154,1154,SC_VIOLENCE_05,0.0,,1.0,817.0
2025,학교,1155,1155,SC_VIOLENCE_05,0.0,,1.0,1166.0
2025,학교,1156,1156,SC_VIOLENCE_05,1.0,,1.0,566.0
2025,학교,1161,1161,SC_VIOLENCE_05,20.0,,1.0,889.0
2025,학교,1162,1162,SC_VIOLENCE_05,0.0,,1.0,409.0
2025,학교,1163,1163,SC_VIOLENCE_05,5.0,,1.0,1298.0
2025,학교,1164,1164,SC_VIOLENCE_05,0.0,,1.0,451.0
2025,학교,1165,1165,SC_VIOLENCE_05,0.0,,1.0,1263.0
2025,학교,1166,1166,SC_VIOLENCE_05,0.0,,1.0,1078.0
2025,학교,1167,1167,SC_VIOLENCE_05,8.0,,2.0,413.0
2025,학교,1168,1168,SC_VIOLENCE_05,3.0,,1.0,987.0
2025,학교,1170,1170,SC_VIOLENCE_05,1.0,,1.0,409.0
2025,학교,1176,1176,SC_VIOLENCE_05,0.0,,1.0,819.0
2025,학교,1177,1177,SC_VIOLENCE_05,2.0,,2.0,615.0
2025,학교,1180,1180,SC_VIOLENCE_05,2.0,,2.0,498.0
2025,학교,1182,1182,SC_VIOLENCE_05,1.0,,1.0,374.0
2025,학교,1003,1003,SC_VIOLENCE_06,0.0,,2.0,63.0
2025,학교,1005,1005,SC_VIOLENCE_06,0.0,,1.0,583.0
2025,학교,1007,1007,SC_VIOLENCE_06,0.0,,1.0,369.0
2025,학교,1009,1009,SC_VIOLENCE_06,0.0,,1.0,229.0
2025,학교,1013,1013,SC_VIOLENCE_06,0.0,,1.0,550.0
2025,학교,1014,1014,SC_VIOLENCE_06,0.0,,2.0,346.0
2025,학교,1015,1015,SC_VIOLENCE_06,0.0,,1.0,589.0
2025,학교,1016,1016,SC_VIOLENCE_06,0.0,,1.0,460.0
2025,학교,1020,1020,SC_VIOLENCE_06,0.0,,1.0,257.0
2025,학교,1021,1021,SC_VIOLENCE_06,1.0,,1.0,1206.0
2025,학교,1023,1023,SC_VIOLENCE_06,0.0,,1.0,287.0
2025,학교,1025,1025,SC_VIOLENCE_06,0.0,,1.0,1046.0
2025,학교,1026,1026,SC_VIOLENCE_06,0.0,,2.0,874.0
2025,학교,1027,1027,SC_VIOLENCE_06,0.0,,1.0,963.0
2025,학교,1029,1029,SC_VIOLENCE_06,0.0,,1.0,558.0
2025,학교,1031,1031,SC_VIOLENCE_06,0.0,,1.0,986.0
2025,학교,1033,1033,SC_VIOLENCE_06,0.0,,1.0,175.0
2025,학교,1034,1034,SC_VIOLENCE_06,0.0,,1.0,400.0
2025,학교,1035,1035,SC_VIOLENCE_06,1.0,,1.0,891.0
2025,학교,1036,1036,SC_VIOLENCE_06,0.0,,1.0,851.0
2025,학교,1038,1038,SC_VIOLENCE_06,0.0,,1.0,612.0
2025,학교,1039,1039,SC_VIOLENCE_06,0.0,,1.0,705.0
2025,학교,1042,1042,SC_VIOLENCE_06,0.0,,1.0,272.0
2025,학교,1043,1043,SC_VIOLENCE_06,0.0,,1.0,522.0
2025,학교,1044,1044,SC_VIOLENCE_06,0.0,,1.0,302.0
2025,학교,1045,1045,SC_VIOLENCE_06,0.0,,1.0,535.0
2025,학교,1046,1046,SC_VIOLENCE_06,0.0,,1.0,442.0
2025,학교,1047,1047,SC_VIOLENCE_06,0.0,학교중복응답통합,1.0,440.0
2025,학교,1048,1048,SC_VIOLENCE_06,0.0,,1.0,923.0
2025,학교,1050,1050,SC_VIOLENCE_06,0.0,,1.0,1231.0
2025,학교,1052,1052,SC_VIOLENCE_06,0.0,,1.0,393.0
2025,학교,1053,1053,SC_VIOLENCE_06,0.0,,1.0,1303.0
2025,학교,1058,1058,SC_VIOLENCE_06,0.0,,1.0,759.0
2025,학교,1059,1059,SC_VIOLENCE_06,0.0,,1.0,511.0
2025,학교,1060,1060,SC_VIOLENCE_06,0.0,,1.0,729.0
2025,학교,1062,1062,SC_VIOLENCE_06,0.0,,1.0,644.0
2025,학교,1063,1063,SC_VIOLENCE_06,0.0,,1.0,401.0
2025,학교,1064,1064,SC_VIOLENCE_06,0.0,,1.0,218.0
2025,학교,1065,1065,SC_VIOLENCE_06,0.0,,1.0,385.0
2025,학교,1066,1066,SC_VIOLENCE_06,0.0,,1.0,444.0
2025,학교,1067,1067,SC_VIOLENCE_06,0.0,,1.0,1098.0
2025,학교,1070,1070,SC_VIOLENCE_06,0.0,,1.0,526.0
2025,학교,1073,1073,SC_VIOLENCE_06,0.0,,1.0,944.0
2025,학교,1075,1075,SC_VIOLENCE_06,0.0,,1.0,237.0
2025,학교,1076,1076,SC_VIOLENCE_06,,학교중복충돌→결측,1.0,560.0
2025,학교,1077,1077,SC_VIOLENCE_06,0.0,,1.0,268.0
2025,학교,1083,1083,SC_VIOLENCE_06,1.0,,1.0,607.0
2025,학교,1090,1090,SC_VIOLENCE_06,0.0,,1.0,373.0
2025,학교,1094,1094,SC_VIOLENCE_06,0.0,,1.0,1065.0
2025,학교,1097,1097,SC_VIOLENCE_06,0.0,,1.0,593.0
2025,학교,1098,1098,SC_VIOLENCE_06,0.0,,1.0,1019.0
2025,학교,1099,1099,SC_VIOLENCE_06,0.0,,1.0,608.0
2025,학교,1100,1100,SC_VIOLENCE_06,0.0,,1.0,174.0
2025,학교,1101,1101,SC_VIOLENCE_06,0.0,,1.0,878.0
2025,학교,1103,1103,SC_VIOLENCE_06,0.0,,1.0,641.0
2025,학교,1104,1104,SC_VIOLENCE_06,0.0,,1.0,711.0
2025,학교,1105,1105,SC_VIOLENCE_06,0.0,,2.0,988.0
2025,학교,1106,1106,SC_VIOLENCE_06,0.0,,1.0,602.0
2025,학교,1107,1107,SC_VIOLENCE_06,,학교중복충돌→결측,1.0,538.0
2025,학교,1113,1113,SC_VIOLENCE_06,1.0,,2.0,384.0
2025,학교,1114,1114,SC_VIOLENCE_06,0.0,,1.0,511.0
2025,학교,1116,1116,SC_VIOLENCE_06,0.0,,1.0,404.0
2025,학교,1118,1118,SC_VIOLENCE_06,0.0,,1.0,714.0
2025,학교,1119,1119,SC_VIOLENCE_06,0.0,,1.0,921.0
2025,학교,1120,1120,SC_VIOLENCE_06,0.0,,1.0,694.0
2025,학교,1121,1121,SC_VIOLENCE_06,0.0,,1.0,639.0
2025,학교,1122,1122,SC_VIOLENCE_06,0.0,,1.0,784.0
2025,학교,1123,1123,SC_VIOLENCE_06,1.0,,1.0,927.0
2025,학교,1125,1125,SC_VIOLENCE_06,0.0,,1.0,1299.0
2025,학교,1127,1127,SC_VIOLENCE_06,0.0,,2.0,674.0
2025,학교,1129,1129,SC_VIOLENCE_06,0.0,,2.0,478.0
2025,학교,1131,1131,SC_VIOLENCE_06,0.0,,1.0,833.0
2025,학교,1132,1132,SC_VIOLENCE_06,0.0,학교중복응답통합,1.0,171.0
2025,학교,1133,1133,SC_VIOLENCE_06,0.0,,1.0,116.0
2025,학교,1135,1135,SC_VIOLENCE_06,0.0,,1.0,312.0
2025,학교,1137,1137,SC_VIOLENCE_06,0.0,,1.0,292.0
2025,학교,1139,1139,SC_VIOLENCE_06,0.0,,1.0,833.0
2025,학교,1140,1140,SC_VIOLENCE_06,0.0,,2.0,260.0
2025,학교,1141,1141,SC_VIOLENCE_06,0.0,,1.0,414.0
2025,학교,1142,1142,SC_VIOLENCE_06,0.0,,1.0,557.0
2025,학교,1143,1143,SC_VIOLENCE_06,0.0,,1.0,1244.0
2025,학교,1144,1144,SC_VIOLENCE_06,0.0,,2.0,376.0
2025,학교,1147,1147,SC_VIOLENCE_06,0.0,,2.0,253.0
2025,학교,1148,1148,SC_VIOLENCE_06,0.0,,1.0,441.0
2025,학교,1149,1149,SC_VIOLENCE_06,0.0,,1.0,988.0
2025,학교,1150,1150,SC_VIOLENCE_06,0.0,,1.0,453.0
2025,학교,1152,1152,SC_VIOLENCE_06,0.0,,2.0,388.0
2025,학교,1153,1153,SC_VIOLENCE_06,0.0,학교중복응답통합,1.0,249.0
2025,학교,1154,1154,SC_VIOLENCE_06,0.0,,1.0,817.0
2025,학교,1155,1155,SC_VIOLENCE_06,0.0,,1.0,1166.0
2025,학교,1156,1156,SC_VIOLENCE_06,0.0,,1.0,566.0
2025,학교,1161,1161,SC_VIOLENCE_06,0.0,,1.0,889.0
2025,학교,1162,1162,SC_VIOLENCE_06,0.0,,1.0,409.0
2025,학교,1163,1163,SC_VIOLENCE_06,0.0,,1.0,1298.0
2025,학교,1164,1164,SC_VIOLENCE_06,1.0,,1.0,451.0
2025,학교,1165,1165,SC_VIOLENCE_06,0.0,,1.0,1263.0
2025,학교,1166,1166,SC_VIOLENCE_06,0.0,,1.0,1078.0
2025,학교,1167,1167,SC_VIOLENCE_06,0.0,,2.0,413.0
2025,학교,1168,1168,SC_VIOLENCE_06,0.0,,1.0,987.0
2025,학교,1170,1170,SC_VIOLENCE_06,0.0,,1.0,409.0
2025,학교,1176,1176,SC_VIOLENCE_06,0.0,,1.0,819.0
2025,학교,1177,1177,SC_VIOLENCE_06,0.0,,2.0,615.0
2025,학교,1180,1180,SC_VIOLENCE_06,0.0,,2.0,498.0
2025,학교,1182,1182,SC_VIOLENCE_06,0.0,,1.0,374.0
2025,학교,1003,1003,SC_VIOLENCE_07,3.0,,2.0,63.0
2025,학교,1005,1005,SC_VIOLENCE_07,5.0,,1.0,583.0
2025,학교,1007,1007,SC_VIOLENCE_07,3.0,,1.0,369.0
2025,학교,1009,1009,SC_VIOLENCE_07,6.0,,1.0,229.0
2025,학교,1013,1013,SC_VIOLENCE_07,1.0,,1.0,550.0
2025,학교,1014,1014,SC_VIOLENCE_07,0.0,,2.0,346.0
2025,학교,1015,1015,SC_VIOLENCE_07,10.0,,1.0,589.0
2025,학교,1016,1016,SC_VIOLENCE_07,1.0,,1.0,460.0
2025,학교,1020,1020,SC_VIOLENCE_07,29.0,,1.0,257.0
2025,학교,1021,1021,SC_VIOLENCE_07,6.0,,1.0,1206.0
2025,학교,1023,1023,SC_VIOLENCE_07,0.0,,1.0,287.0
2025,학교,1025,1025,SC_VIOLENCE_07,15.0,,1.0,1046.0
2025,학교,1026,1026,SC_VIOLENCE_07,10.0,,2.0,874.0
2025,학교,1027,1027,SC_VIOLENCE_07,6.0,,1.0,963.0
2025,학교,1029,1029,SC_VIOLENCE_07,0.0,,1.0,558.0
2025,학교,1031,1031,SC_VIOLENCE_07,5.0,,1.0,986.0
2025,학교,1033,1033,SC_VIOLENCE_07,8.0,,1.0,175.0
2025,학교,1034,1034,SC_VIOLENCE_07,1.0,,1.0,400.0
2025,학교,1035,1035,SC_VIOLENCE_07,10.0,,1.0,891.0
2025,학교,1036,1036,SC_VIOLENCE_07,3.0,,1.0,851.0
2025,학교,1038,1038,SC_VIOLENCE_07,0.0,,1.0,612.0
2025,학교,1039,1039,SC_VIOLENCE_07,8.0,,1.0,705.0
2025,학교,1042,1042,SC_VIOLENCE_07,0.0,,1.0,272.0
2025,학교,1043,1043,SC_VIOLENCE_07,5.0,,1.0,522.0
2025,학교,1044,1044,SC_VIOLENCE_07,1.0,,1.0,302.0
2025,학교,1045,1045,SC_VIOLENCE_07,4.0,,1.0,535.0
2025,학교,1046,1046,SC_VIOLENCE_07,0.0,,1.0,442.0
2025,학교,1047,1047,SC_VIOLENCE_07,0.0,학교중복응답통합,1.0,440.0
2025,학교,1048,1048,SC_VIOLENCE_07,0.0,,1.0,923.0
2025,학교,1050,1050,SC_VIOLENCE_07,4.0,,1.0,1231.0
2025,학교,1052,1052,SC_VIOLENCE_07,0.0,,1.0,393.0
2025,학교,1053,1053,SC_VIOLENCE_07,4.0,,1.0,1303.0
2025,학교,1058,1058,SC_VIOLENCE_07,5.0,,1.0,759.0
2025,학교,1059,1059,SC_VIOLENCE_07,0.0,,1.0,511.0
2025,학교,1060,1060,SC_VIOLENCE_07,3.0,,1.0,729.0
2025,학교,1062,1062,SC_VIOLENCE_07,6.0,,1.0,644.0
2025,학교,1063,1063,SC_VIOLENCE_07,0.0,,1.0,401.0
2025,학교,1064,1064,SC_VIOLENCE_07,0.0,,1.0,218.0
2025,학교,1065,1065,SC_VIOLENCE_07,3.0,,1.0,385.0
2025,학교,1066,1066,SC_VIOLENCE_07,2.0,,1.0,444.0
2025,학교,1067,1067,SC_VIOLENCE_07,5.0,,1.0,1098.0
2025,학교,1070,1070,SC_VIOLENCE_07,4.0,,1.0,526.0
2025,학교,1073,1073,SC_VIOLENCE_07,1.0,,1.0,944.0
2025,학교,1075,1075,SC_VIOLENCE_07,0.0,,1.0,237.0
2025,학교,1076,1076,SC_VIOLENCE_07,,학교중복충돌→결측,1.0,560.0
2025,학교,1077,1077,SC_VIOLENCE_07,0.0,,1.0,268.0
2025,학교,1083,1083,SC_VIOLENCE_07,3.0,,1.0,607.0
2025,학교,1090,1090,SC_VIOLENCE_07,0.0,,1.0,373.0
2025,학교,1094,1094,SC_VIOLENCE_07,2.0,,1.0,1065.0
2025,학교,1097,1097,SC_VIOLENCE_07,8.0,,1.0,593.0
2025,학교,1098,1098,SC_VIOLENCE_07,5.0,,1.0,1019.0
2025,학교,1099,1099,SC_VIOLENCE_07,3.0,,1.0,608.0
2025,학교,1100,1100,SC_VIOLENCE_07,0.0,,1.0,174.0
2025,학교,1101,1101,SC_VIOLENCE_07,19.0,,1.0,878.0
2025,학교,1103,1103,SC_VIOLENCE_07,0.0,,1.0,641.0
2025,학교,1104,1104,SC_VIOLENCE_07,5.0,,1.0,711.0
2025,학교,1105,1105,SC_VIOLENCE_07,14.0,,2.0,988.0
2025,학교,1106,1106,SC_VIOLENCE_07,0.0,,1.0,602.0
2025,학교,1107,1107,SC_VIOLENCE_07,,학교중복충돌→결측,1.0,538.0
2025,학교,1113,1113,SC_VIOLENCE_07,2.0,,2.0,384.0
2025,학교,1114,1114,SC_VIOLENCE_07,2.0,,1.0,511.0
2025,학교,1116,1116,SC_VIOLENCE_07,1.0,,1.0,404.0
2025,학교,1118,1118,SC_VIOLENCE_07,1.0,,1.0,714.0
2025,학교,1119,1119,SC_VIOLENCE_07,0.0,,1.0,921.0
2025,학교,1120,1120,SC_VIOLENCE_07,0.0,,1.0,694.0
2025,학교,1121,1121,SC_VIOLENCE_07,3.0,,1.0,639.0
2025,학교,1122,1122,SC_VIOLENCE_07,0.0,,1.0,784.0
2025,학교,1123,1123,SC_VIOLENCE_07,4.0,,1.0,927.0
2025,학교,1125,1125,SC_VIOLENCE_07,35.0,,1.0,1299.0
2025,학교,1127,1127,SC_VIOLENCE_07,5.0,,2.0,674.0
2025,학교,1129,1129,SC_VIOLENCE_07,5.0,,2.0,478.0
2025,학교,1131,1131,SC_VIOLENCE_07,2.0,,1.0,833.0
2025,학교,1132,1132,SC_VIOLENCE_07,0.0,학교중복응답통합,1.0,171.0
2025,학교,1133,1133,SC_VIOLENCE_07,3.0,,1.0,116.0
2025,학교,1135,1135,SC_VIOLENCE_07,2.0,,1.0,312.0
2025,학교,1137,1137,SC_VIOLENCE_07,2.0,,1.0,292.0
2025,학교,1139,1139,SC_VIOLENCE_07,2.0,,1.0,833.0
2025,학교,1140,1140,SC_VIOLENCE_07,0.0,,2.0,260.0
2025,학교,1141,1141,SC_VIOLENCE_07,1.0,,1.0,414.0
2025,학교,1142,1142,SC_VIOLENCE_07,6.0,,1.0,557.0
2025,학교,1143,1143,SC_VIOLENCE_07,10.0,,1.0,1244.0
2025,학교,1144,1144,SC_VIOLENCE_07,24.0,,2.0,376.0
2025,학교,1147,1147,SC_VIOLENCE_07,0.0,,2.0,253.0
2025,학교,1148,1148,SC_VIOLENCE_07,0.0,,1.0,441.0
2025,학교,1149,1149,SC_VIOLENCE_07,15.0,,1.0,988.0
2025,학교,1150,1150,SC_VIOLENCE_07,1.0,,1.0,453.0
2025,학교,1152,1152,SC_VIOLENCE_07,15.0,,2.0,388.0
2025,학교,1153,1153,SC_VIOLENCE_07,0.0,학교중복응답통합,1.0,249.0
2025,학교,1154,1154,SC_VIOLENCE_07,0.0,,1.0,817.0
2025,학교,1155,1155,SC_VIOLENCE_07,0.0,,1.0,1166.0
2025,학교,1156,1156,SC_VIOLENCE_07,0.0,,1.0,566.0
2025,학교,1161,1161,SC_VIOLENCE_07,12.0,,1.0,889.0
2025,학교,1162,1162,SC_VIOLENCE_07,0.0,,1.0,409.0
2025,학교,1163,1163,SC_VIOLENCE_07,7.0,,1.0,1298.0
2025,학교,1164,1164,SC_VIOLENCE_07,3.0,,1.0,451.0
2025,학교,1165,1165,SC_VIOLENCE_07,0.0,,1.0,1263.0
2025,학교,1166,1166,SC_VIOLENCE_07,0.0,,1.0,1078.0
2025,학교,1167,1167,SC_VIOLENCE_07,3.0,,2.0,413.0
2025,학교,1168,1168,SC_VIOLENCE_07,15.0,,1.0,987.0
2025,학교,1170,1170,SC_VIOLENCE_07,2.0,,1.0,409.0
2025,학교,1176,1176,SC_VIOLENCE_07,3.0,,1.0,819.0
2025,학교,1177,1177,SC_VIOLENCE_07,4.0,,2.0,615.0
2025,학교,1180,1180,SC_VIOLENCE_07,1.0,,2.0,498.0
2025,학교,1182,1182,SC_VIOLENCE_07,3.0,,1.0,374.0
2025,학교,1003,1003,SC_VIOLENCE_08,0.0,,2.0,63.0
2025,학교,1005,1005,SC_VIOLENCE_08,0.0,,1.0,583.0
2025,학교,1007,1007,SC_VIOLENCE_08,1.0,,1.0,369.0
2025,학교,1009,1009,SC_VIOLENCE_08,1.0,,1.0,229.0
2025,학교,1013,1013,SC_VIOLENCE_08,3.0,,1.0,550.0
2025,학교,1014,1014,SC_VIOLENCE_08,0.0,,2.0,346.0
2025,학교,1015,1015,SC_VIOLENCE_08,3.0,,1.0,589.0
2025,학교,1016,1016,SC_VIOLENCE_08,0.0,,1.0,460.0
2025,학교,1020,1020,SC_VIOLENCE_08,0.0,,1.0,257.0
2025,학교,1021,1021,SC_VIOLENCE_08,0.0,,1.0,1206.0
2025,학교,1023,1023,SC_VIOLENCE_08,0.0,,1.0,287.0
2025,학교,1025,1025,SC_VIOLENCE_08,0.0,,1.0,1046.0
2025,학교,1026,1026,SC_VIOLENCE_08,0.0,,2.0,874.0
2025,학교,1027,1027,SC_VIOLENCE_08,1.0,,1.0,963.0
2025,학교,1029,1029,SC_VIOLENCE_08,0.0,,1.0,558.0
2025,학교,1031,1031,SC_VIOLENCE_08,2.0,,1.0,986.0
2025,학교,1033,1033,SC_VIOLENCE_08,1.0,,1.0,175.0
2025,학교,1034,1034,SC_VIOLENCE_08,0.0,,1.0,400.0
2025,학교,1035,1035,SC_VIOLENCE_08,0.0,,1.0,891.0
2025,학교,1036,1036,SC_VIOLENCE_08,2.0,,1.0,851.0
2025,학교,1038,1038,SC_VIOLENCE_08,0.0,,1.0,612.0
2025,학교,1039,1039,SC_VIOLENCE_08,1.0,,1.0,705.0
2025,학교,1042,1042,SC_VIOLENCE_08,0.0,,1.0,272.0
2025,학교,1043,1043,SC_VIOLENCE_08,2.0,,1.0,522.0
2025,학교,1044,1044,SC_VIOLENCE_08,0.0,,1.0,302.0
2025,학교,1045,1045,SC_VIOLENCE_08,1.0,,1.0,535.0
2025,학교,1046,1046,SC_VIOLENCE_08,0.0,,1.0,442.0
2025,학교,1047,1047,SC_VIOLENCE_08,0.0,학교중복응답통합,1.0,440.0
2025,학교,1048,1048,SC_VIOLENCE_08,2.0,,1.0,923.0
2025,학교,1050,1050,SC_VIOLENCE_08,0.0,,1.0,1231.0
2025,학교,1052,1052,SC_VIOLENCE_08,0.0,,1.0,393.0
2025,학교,1053,1053,SC_VIOLENCE_08,1.0,,1.0,1303.0
2025,학교,1058,1058,SC_VIOLENCE_08,0.0,,1.0,759.0
2025,학교,1059,1059,SC_VIOLENCE_08,2.0,,1.0,511.0
2025,학교,1060,1060,SC_VIOLENCE_08,0.0,,1.0,729.0
2025,학교,1062,1062,SC_VIOLENCE_08,0.0,,1.0,644.0
2025,학교,1063,1063,SC_VIOLENCE_08,2.0,,1.0,401.0
2025,학교,1064,1064,SC_VIOLENCE_08,0.0,,1.0,218.0
2025,학교,1065,1065,SC_VIOLENCE_08,0.0,,1.0,385.0
2025,학교,1066,1066,SC_VIOLENCE_08,1.0,,1.0,444.0
2025,학교,1067,1067,SC_VIOLENCE_08,0.0,,1.0,1098.0
2025,학교,1070,1070,SC_VIOLENCE_08,0.0,,1.0,526.0
2025,학교,1073,1073,SC_VIOLENCE_08,1.0,,1.0,944.0
2025,학교,1075,1075,SC_VIOLENCE_08,2.0,,1.0,237.0
2025,학교,1076,1076,SC_VIOLENCE_08,10.0,학교중복응답통합,1.0,560.0
2025,학교,1077,1077,SC_VIOLENCE_08,0.0,,1.0,268.0
2025,학교,1083,1083,SC_VIOLENCE_08,0.0,,1.0,607.0
2025,학교,1090,1090,SC_VIOLENCE_08,0.0,,1.0,373.0
2025,학교,1094,1094,SC_VIOLENCE_08,0.0,,1.0,1065.0
2025,학교,1097,1097,SC_VIOLENCE_08,0.0,,1.0,593.0
2025,학교,1098,1098,SC_VIOLENCE_08,1.0,,1.0,1019.0
2025,학교,1099,1099,SC_VIOLENCE_08,0.0,,1.0,608.0
2025,학교,1100,1100,SC_VIOLENCE_08,0.0,,1.0,174.0
2025,학교,1101,1101,SC_VIOLENCE_08,7.0,,1.0,878.0
2025,학교,1103,1103,SC_VIOLENCE_08,0.0,,1.0,641.0
2025,학교,1104,1104,SC_VIOLENCE_08,1.0,,1.0,711.0
2025,학교,1105,1105,SC_VIOLENCE_08,2.0,,2.0,988.0
2025,학교,1106,1106,SC_VIOLENCE_08,0.0,,1.0,602.0
2025,학교,1107,1107,SC_VIOLENCE_08,,학교중복충돌→결측,1.0,538.0
2025,학교,1113,1113,SC_VIOLENCE_08,0.0,,2.0,384.0
2025,학교,1114,1114,SC_VIOLENCE_08,1.0,,1.0,511.0
2025,학교,1116,1116,SC_VIOLENCE_08,0.0,,1.0,404.0
2025,학교,1118,1118,SC_VIOLENCE_08,4.0,,1.0,714.0
2025,학교,1119,1119,SC_VIOLENCE_08,0.0,,1.0,921.0
2025,학교,1120,1120,SC_VIOLENCE_08,2.0,,1.0,694.0
2025,학교,1121,1121,SC_VIOLENCE_08,0.0,,1.0,639.0
2025,학교,1122,1122,SC_VIOLENCE_08,0.0,,1.0,784.0
2025,학교,1123,1123,SC_VIOLENCE_08,9.0,,1.0,927.0
2025,학교,1125,1125,SC_VIOLENCE_08,2.0,,1.0,1299.0
2025,학교,1127,1127,SC_VIOLENCE_08,0.0,,2.0,674.0
2025,학교,1129,1129,SC_VIOLENCE_08,1.0,,2.0,478.0
2025,학교,1131,1131,SC_VIOLENCE_08,2.0,,1.0,833.0
2025,학교,1132,1132,SC_VIOLENCE_08,0.0,학교중복응답통합,1.0,171.0
2025,학교,1133,1133,SC_VIOLENCE_08,0.0,,1.0,116.0
2025,학교,1135,1135,SC_VIOLENCE_08,0.0,,1.0,312.0
2025,학교,1137,1137,SC_VIOLENCE_08,4.0,,1.0,292.0
2025,학교,1139,1139,SC_VIOLENCE_08,1.0,,1.0,833.0
2025,학교,1140,1140,SC_VIOLENCE_08,1.0,,2.0,260.0
2025,학교,1141,1141,SC_VIOLENCE_08,3.0,,1.0,414.0
2025,학교,1142,1142,SC_VIOLENCE_08,0.0,,1.0,557.0
2025,학교,1143,1143,SC_VIOLENCE_08,0.0,,1.0,1244.0
2025,학교,1144,1144,SC_VIOLENCE_08,0.0,,2.0,376.0
2025,학교,1147,1147,SC_VIOLENCE_08,0.0,,2.0,253.0
2025,학교,1148,1148,SC_VIOLENCE_08,1.0,,1.0,441.0
2025,학교,1149,1149,SC_VIOLENCE_08,2.0,,1.0,988.0
2025,학교,1150,1150,SC_VIOLENCE_08,0.0,,1.0,453.0
2025,학교,1152,1152,SC_VIOLENCE_08,2.0,,2.0,388.0
2025,학교,1153,1153,SC_VIOLENCE_08,,학교중복충돌→결측,1.0,249.0
2025,학교,1154,1154,SC_VIOLENCE_08,0.0,,1.0,817.0
2025,학교,1155,1155,SC_VIOLENCE_08,6.0,,1.0,1166.0
2025,학교,1156,1156,SC_VIOLENCE_08,1.0,,1.0,566.0
2025,학교,1161,1161,SC_VIOLENCE_08,3.0,,1.0,889.0
2025,학교,1162,1162,SC_VIOLENCE_08,0.0,,1.0,409.0
2025,학교,1163,1163,SC_VIOLENCE_08,5.0,,1.0,1298.0
2025,학교,1164,1164,SC_VIOLENCE_08,2.0,,1.0,451.0
2025,학교,1165,1165,SC_VIOLENCE_08,2.0,,1.0,1263.0
2025,학교,1166,1166,SC_VIOLENCE_08,0.0,,1.0,1078.0
2025,학교,1167,1167,SC_VIOLENCE_08,1.0,,2.0,413.0
2025,학교,1168,1168,SC_VIOLENCE_08,0.0,,1.0,987.0
2025,학교,1170,1170,SC_VIOLENCE_08,0.0,,1.0,409.0
2025,학교,1176,1176,SC_VIOLENCE_08,1.0,,1.0,819.0
2025,학교,1177,1177,SC_VIOLENCE_08,1.0,,2.0,615.0
2025,학교,1180,1180,SC_VIOLENCE_08,5.0,,2.0,498.0
2025,학교,1182,1182,SC_VIOLENCE_08,0.0,,1.0,374.0
2025,학교,1003,1003,SC_SAFETY_EDU_01,30.0,,2.0,
2025,학교,1005,1005,SC_SAFETY_EDU_01,2.0,,1.0,
2025,학교,1007,1007,SC_SAFETY_EDU_01,4.0,,1.0,
2025,학교,1009,1009,SC_SAFETY_EDU_01,6.0,,1.0,
2025,학교,1013,1013,SC_SAFETY_EDU_01,10.0,,1.0,
2025,학교,1014,1014,SC_SAFETY_EDU_01,4.0,,2.0,
2025,학교,1015,1015,SC_SAFETY_EDU_01,10.0,,1.0,
2025,학교,1016,1016,SC_SAFETY_EDU_01,10.0,,1.0,
2025,학교,1020,1020,SC_SAFETY_EDU_01,49.0,,1.0,
2025,학교,1021,1021,SC_SAFETY_EDU_01,8.0,,1.0,
2025,학교,1023,1023,SC_SAFETY_EDU_01,14.0,,1.0,
2025,학교,1025,1025,SC_SAFETY_EDU_01,4.0,,1.0,
2025,학교,1026,1026,SC_SAFETY_EDU_01,4.0,,2.0,
2025,학교,1027,1027,SC_SAFETY_EDU_01,3.0,,1.0,
2025,학교,1029,1029,SC_SAFETY_EDU_01,20.0,,1.0,
2025,학교,1031,1031,SC_SAFETY_EDU_01,5.0,,1.0,
2025,학교,1033,1033,SC_SAFETY_EDU_01,10.0,,1.0,
2025,학교,1034,1034,SC_SAFETY_EDU_01,15.0,,1.0,
2025,학교,1035,1035,SC_SAFETY_EDU_01,10.0,,1.0,
2025,학교,1036,1036,SC_SAFETY_EDU_01,2.0,,1.0,
2025,학교,1038,1038,SC_SAFETY_EDU_01,40.0,,1.0,
2025,학교,1039,1039,SC_SAFETY_EDU_01,4.0,,1.0,
2025,학교,1042,1042,SC_SAFETY_EDU_01,3.0,,1.0,
2025,학교,1043,1043,SC_SAFETY_EDU_01,8.0,,1.0,
2025,학교,1044,1044,SC_SAFETY_EDU_01,4.0,,1.0,
2025,학교,1045,1045,SC_SAFETY_EDU_01,2.0,,1.0,
2025,학교,1046,1046,SC_SAFETY_EDU_01,10.0,,1.0,
2025,학교,1047,1047,SC_SAFETY_EDU_01,,학교중복충돌→결측,1.0,
2025,학교,1048,1048,SC_SAFETY_EDU_01,2.0,,1.0,
2025,학교,1050,1050,SC_SAFETY_EDU_01,38.0,,1.0,
2025,학교,1052,1052,SC_SAFETY_EDU_01,6.0,,1.0,
2025,학교,1053,1053,SC_SAFETY_EDU_01,2.0,,1.0,
2025,학교,1058,1058,SC_SAFETY_EDU_01,10.0,,1.0,
2025,학교,1059,1059,SC_SAFETY_EDU_01,2.0,,1.0,
2025,학교,1060,1060,SC_SAFETY_EDU_01,10.0,,1.0,
2025,학교,1062,1062,SC_SAFETY_EDU_01,22.0,,1.0,
2025,학교,1063,1063,SC_SAFETY_EDU_01,10.0,,1.0,
2025,학교,1064,1064,SC_SAFETY_EDU_01,2.0,,1.0,
2025,학교,1065,1065,SC_SAFETY_EDU_01,4.0,,1.0,
2025,학교,1066,1066,SC_SAFETY_EDU_01,8.0,,1.0,
2025,학교,1067,1067,SC_SAFETY_EDU_01,4.0,,1.0,
2025,학교,1070,1070,SC_SAFETY_EDU_01,10.0,,1.0,
2025,학교,1073,1073,SC_SAFETY_EDU_01,6.0,,1.0,
2025,학교,1075,1075,SC_SAFETY_EDU_01,10.0,,1.0,
2025,학교,1076,1076,SC_SAFETY_EDU_01,,학교중복충돌→결측,1.0,
2025,학교,1077,1077,SC_SAFETY_EDU_01,2.0,,1.0,
2025,학교,1083,1083,SC_SAFETY_EDU_01,10.0,,1.0,
2025,학교,1090,1090,SC_SAFETY_EDU_01,10.0,,1.0,
2025,학교,1094,1094,SC_SAFETY_EDU_01,2.0,,1.0,
2025,학교,1097,1097,SC_SAFETY_EDU_01,10.0,,1.0,
2025,학교,1098,1098,SC_SAFETY_EDU_01,21.0,,1.0,
2025,학교,1099,1099,SC_SAFETY_EDU_01,10.0,,1.0,
2025,학교,1100,1100,SC_SAFETY_EDU_01,2.0,,1.0,
2025,학교,1101,1101,SC_SAFETY_EDU_01,18.0,,1.0,
2025,학교,1103,1103,SC_SAFETY_EDU_01,16.0,,1.0,
2025,학교,1104,1104,SC_SAFETY_EDU_01,10.0,,1.0,
2025,학교,1105,1105,SC_SAFETY_EDU_01,36.0,,2.0,
2025,학교,1106,1106,SC_SAFETY_EDU_01,13.0,,1.0,
2025,학교,1107,1107,SC_SAFETY_EDU_01,,학교중복충돌→결측,1.0,
2025,학교,1113,1113,SC_SAFETY_EDU_01,5.0,,2.0,
2025,학교,1114,1114,SC_SAFETY_EDU_01,11.0,,1.0,
2025,학교,1116,1116,SC_SAFETY_EDU_01,12.0,,1.0,
2025,학교,1118,1118,SC_SAFETY_EDU_01,10.0,,1.0,
2025,학교,1119,1119,SC_SAFETY_EDU_01,5.0,,1.0,
2025,학교,1120,1120,SC_SAFETY_EDU_01,4.0,,1.0,
2025,학교,1121,1121,SC_SAFETY_EDU_01,3.0,,1.0,
2025,학교,1122,1122,SC_SAFETY_EDU_01,29.0,,1.0,
2025,학교,1123,1123,SC_SAFETY_EDU_01,4.0,,1.0,
2025,학교,1125,1125,SC_SAFETY_EDU_01,4.0,,1.0,
2025,학교,1127,1127,SC_SAFETY_EDU_01,10.0,,2.0,
2025,학교,1129,1129,SC_SAFETY_EDU_01,10.0,,2.0,
2025,학교,1131,1131,SC_SAFETY_EDU_01,10.0,,1.0,
2025,학교,1132,1132,SC_SAFETY_EDU_01,,학교중복충돌→결측,1.0,
2025,학교,1133,1133,SC_SAFETY_EDU_01,21.0,,1.0,
2025,학교,1135,1135,SC_SAFETY_EDU_01,25.0,,1.0,
2025,학교,1137,1137,SC_SAFETY_EDU_01,35.0,,1.0,
2025,학교,1139,1139,SC_SAFETY_EDU_01,10.0,,1.0,
2025,학교,1140,1140,SC_SAFETY_EDU_01,2.0,,2.0,
2025,학교,1141,1141,SC_SAFETY_EDU_01,1.0,,1.0,
2025,학교,1142,1142,SC_SAFETY_EDU_01,2.0,,1.0,
2025,학교,1143,1143,SC_SAFETY_EDU_01,11.0,,1.0,
2025,학교,1144,1144,SC_SAFETY_EDU_01,6.0,,2.0,
2025,학교,1147,1147,SC_SAFETY_EDU_01,4.0,,2.0,
2025,학교,1148,1148,SC_SAFETY_EDU_01,15.0,,1.0,
2025,학교,1149,1149,SC_SAFETY_EDU_01,,,1.0,
2025,학교,1150,1150,SC_SAFETY_EDU_01,43.0,,1.0,
2025,학교,1152,1152,SC_SAFETY_EDU_01,10.0,,2.0,
2025,학교,1153,1153,SC_SAFETY_EDU_01,2.0,학교중복응답통합,1.0,
2025,학교,1154,1154,SC_SAFETY_EDU_01,2.0,,1.0,
2025,학교,1155,1155,SC_SAFETY_EDU_01,2.0,,1.0,
2025,학교,1156,1156,SC_SAFETY_EDU_01,7.0,,1.0,
2025,학교,1161,1161,SC_SAFETY_EDU_01,20.0,,1.0,
2025,학교,1162,1162,SC_SAFETY_EDU_01,0.0,,1.0,
2025,학교,1163,1163,SC_SAFETY_EDU_01,2.0,,1.0,
2025,학교,1164,1164,SC_SAFETY_EDU_01,4.0,,1.0,
2025,학교,1165,1165,SC_SAFETY_EDU_01,4.0,,1.0,
2025,학교,1166,1166,SC_SAFETY_EDU_01,14.0,,1.0,
2025,학교,1167,1167,SC_SAFETY_EDU_01,2.0,,2.0,
2025,학교,1168,1168,SC_SAFETY_EDU_01,4.0,,1.0,
2025,학교,1170,1170,SC_SAFETY_EDU_01,29.0,,1.0,
2025,학교,1176,1176,SC_SAFETY_EDU_01,6.0,,1.0,
2025,학교,1177,1177,SC_SAFETY_EDU_01,2.0,,2.0,
2025,학교,1180,1180,SC_SAFETY_EDU_01,2.0,,2.0,
2025,학교,1182,1182,SC_SAFETY_EDU_01,10.0,,1.0,
2025,학교,1003,1003,SC_SAFETY_EDU_02,30.0,,2.0,
2025,학교,1005,1005,SC_SAFETY_EDU_02,2.0,,1.0,
2025,학교,1007,1007,SC_SAFETY_EDU_02,2.0,,1.0,
2025,학교,1009,1009,SC_SAFETY_EDU_02,1.0,,1.0,
2025,학교,1013,1013,SC_SAFETY_EDU_02,10.0,,1.0,
2025,학교,1014,1014,SC_SAFETY_EDU_02,4.0,,2.0,
2025,학교,1015,1015,SC_SAFETY_EDU_02,3.0,,1.0,
2025,학교,1016,1016,SC_SAFETY_EDU_02,4.0,,1.0,
2025,학교,1020,1020,SC_SAFETY_EDU_02,5.0,,1.0,
2025,학교,1021,1021,SC_SAFETY_EDU_02,2.0,,1.0,
2025,학교,1023,1023,SC_SAFETY_EDU_02,10.0,,1.0,
2025,학교,1025,1025,SC_SAFETY_EDU_02,4.0,,1.0,
2025,학교,1026,1026,SC_SAFETY_EDU_02,2.0,,2.0,
2025,학교,1027,1027,SC_SAFETY_EDU_02,2.0,,1.0,
2025,학교,1029,1029,SC_SAFETY_EDU_02,5.0,,1.0,
2025,학교,1031,1031,SC_SAFETY_EDU_02,2.0,,1.0,
2025,학교,1033,1033,SC_SAFETY_EDU_02,10.0,,1.0,
2025,학교,1034,1034,SC_SAFETY_EDU_02,11.0,,1.0,
2025,학교,1035,1035,SC_SAFETY_EDU_02,10.0,,1.0,
2025,학교,1036,1036,SC_SAFETY_EDU_02,2.0,,1.0,
2025,학교,1038,1038,SC_SAFETY_EDU_02,4.0,,1.0,
2025,학교,1039,1039,SC_SAFETY_EDU_02,2.0,,1.0,
2025,학교,1042,1042,SC_SAFETY_EDU_02,1.0,,1.0,
2025,학교,1043,1043,SC_SAFETY_EDU_02,2.0,,1.0,
2025,학교,1044,1044,SC_SAFETY_EDU_02,2.0,,1.0,
2025,학교,1045,1045,SC_SAFETY_EDU_02,2.0,,1.0,
2025,학교,1046,1046,SC_SAFETY_EDU_02,10.0,,1.0,
2025,학교,1047,1047,SC_SAFETY_EDU_02,,학교중복충돌→결측,1.0,
2025,학교,1048,1048,SC_SAFETY_EDU_02,6.0,,1.0,
2025,학교,1050,1050,SC_SAFETY_EDU_02,4.0,,1.0,
2025,학교,1052,1052,SC_SAFETY_EDU_02,2.0,,1.0,
2025,학교,1053,1053,SC_SAFETY_EDU_02,2.0,,1.0,
2025,학교,1058,1058,SC_SAFETY_EDU_02,2.0,,1.0,
2025,학교,1059,1059,SC_SAFETY_EDU_02,2.0,,1.0,
2025,학교,1060,1060,SC_SAFETY_EDU_02,10.0,,1.0,
2025,학교,1062,1062,SC_SAFETY_EDU_02,23.0,,1.0,
2025,학교,1063,1063,SC_SAFETY_EDU_02,4.0,,1.0,
2025,학교,1064,1064,SC_SAFETY_EDU_02,2.0,,1.0,
2025,학교,1065,1065,SC_SAFETY_EDU_02,4.0,,1.0,
2025,학교,1066,1066,SC_SAFETY_EDU_02,6.0,,1.0,
2025,학교,1067,1067,SC_SAFETY_EDU_02,2.0,,1.0,
2025,학교,1070,1070,SC_SAFETY_EDU_02,10.0,,1.0,
2025,학교,1073,1073,SC_SAFETY_EDU_02,1.0,,1.0,
2025,학교,1075,1075,SC_SAFETY_EDU_02,10.0,,1.0,
2025,학교,1076,1076,SC_SAFETY_EDU_02,2.0,학교중복응답통합,1.0,
2025,학교,1077,1077,SC_SAFETY_EDU_02,2.0,,1.0,
2025,학교,1083,1083,SC_SAFETY_EDU_02,11.0,,1.0,
2025,학교,1090,1090,SC_SAFETY_EDU_02,10.0,,1.0,
2025,학교,1094,1094,SC_SAFETY_EDU_02,2.0,,1.0,
2025,학교,1097,1097,SC_SAFETY_EDU_02,10.0,,1.0,
2025,학교,1098,1098,SC_SAFETY_EDU_02,4.0,,1.0,
2025,학교,1099,1099,SC_SAFETY_EDU_02,4.0,,1.0,
2025,학교,1100,1100,SC_SAFETY_EDU_02,2.0,,1.0,
2025,학교,1101,1101,SC_SAFETY_EDU_02,3.0,,1.0,
2025,학교,1103,1103,SC_SAFETY_EDU_02,4.0,,1.0,
2025,학교,1104,1104,SC_SAFETY_EDU_02,4.0,,1.0,
2025,학교,1105,1105,SC_SAFETY_EDU_02,30.0,,2.0,
2025,학교,1106,1106,SC_SAFETY_EDU_02,12.0,,1.0,
2025,학교,1107,1107,SC_SAFETY_EDU_02,4.0,학교중복응답통합,1.0,
2025,학교,1113,1113,SC_SAFETY_EDU_02,2.0,,2.0,
2025,학교,1114,1114,SC_SAFETY_EDU_02,11.0,,1.0,
2025,학교,1116,1116,SC_SAFETY_EDU_02,6.0,,1.0,
2025,학교,1118,1118,SC_SAFETY_EDU_02,4.0,,1.0,
2025,학교,1119,1119,SC_SAFETY_EDU_02,3.0,,1.0,
2025,학교,1120,1120,SC_SAFETY_EDU_02,4.0,,1.0,
2025,학교,1121,1121,SC_SAFETY_EDU_02,4.0,,1.0,
2025,학교,1122,1122,SC_SAFETY_EDU_02,12.0,,1.0,
2025,학교,1123,1123,SC_SAFETY_EDU_02,3.0,,1.0,
2025,학교,1125,1125,SC_SAFETY_EDU_02,2.0,,1.0,
2025,학교,1127,1127,SC_SAFETY_EDU_02,4.0,,2.0,
2025,학교,1129,1129,SC_SAFETY_EDU_02,4.0,,2.0,
2025,학교,1131,1131,SC_SAFETY_EDU_02,10.0,,1.0,
2025,학교,1132,1132,SC_SAFETY_EDU_02,,학교중복충돌→결측,1.0,
2025,학교,1133,1133,SC_SAFETY_EDU_02,18.0,,1.0,
2025,학교,1135,1135,SC_SAFETY_EDU_02,4.0,,1.0,
2025,학교,1137,1137,SC_SAFETY_EDU_02,10.0,,1.0,
2025,학교,1139,1139,SC_SAFETY_EDU_02,4.0,,1.0,
2025,학교,1140,1140,SC_SAFETY_EDU_02,2.0,,2.0,
2025,학교,1141,1141,SC_SAFETY_EDU_02,1.0,,1.0,
2025,학교,1142,1142,SC_SAFETY_EDU_02,2.0,,1.0,
2025,학교,1143,1143,SC_SAFETY_EDU_02,10.0,,1.0,
2025,학교,1144,1144,SC_SAFETY_EDU_02,2.0,,2.0,
2025,학교,1147,1147,SC_SAFETY_EDU_02,4.0,,2.0,
2025,학교,1148,1148,SC_SAFETY_EDU_02,3.0,,1.0,
2025,학교,1149,1149,SC_SAFETY_EDU_02,1.0,,1.0,
2025,학교,1150,1150,SC_SAFETY_EDU_02,16.0,,1.0,
2025,학교,1152,1152,SC_SAFETY_EDU_02,10.0,,2.0,
2025,학교,1153,1153,SC_SAFETY_EDU_02,2.0,학교중복응답통합,1.0,
2025,학교,1154,1154,SC_SAFETY_EDU_02,2.0,,1.0,
2025,학교,1155,1155,SC_SAFETY_EDU_02,1.0,,1.0,
2025,학교,1156,1156,SC_SAFETY_EDU_02,2.0,,1.0,
2025,학교,1161,1161,SC_SAFETY_EDU_02,11.0,,1.0,
2025,학교,1162,1162,SC_SAFETY_EDU_02,0.0,,1.0,
2025,학교,1163,1163,SC_SAFETY_EDU_02,1.0,,1.0,
2025,학교,1164,1164,SC_SAFETY_EDU_02,2.0,,1.0,
2025,학교,1165,1165,SC_SAFETY_EDU_02,5.0,,1.0,
2025,학교,1166,1166,SC_SAFETY_EDU_02,10.0,,1.0,
2025,학교,1167,1167,SC_SAFETY_EDU_02,2.0,,2.0,
2025,학교,1168,1168,SC_SAFETY_EDU_02,2.0,,1.0,
2025,학교,1170,1170,SC_SAFETY_EDU_02,20.0,,1.0,
2025,학교,1176,1176,SC_SAFETY_EDU_02,4.0,,1.0,
2025,학교,1177,1177,SC_SAFETY_EDU_02,1.0,,2.0,
2025,학교,1180,1180,SC_SAFETY_EDU_02,2.0,,2.0,
2025,학교,1182,1182,SC_SAFETY_EDU_02,10.0,,1.0,
2025,학교,1003,1003,SC_SAFETY_EDU_03,18.0,,2.0,
2025,학교,1005,1005,SC_SAFETY_EDU_03,2.0,,1.0,
2025,학교,1007,1007,SC_SAFETY_EDU_03,2.0,,1.0,
2025,학교,1009,1009,SC_SAFETY_EDU_03,2.0,,1.0,
2025,학교,1013,1013,SC_SAFETY_EDU_03,6.0,,1.0,
2025,학교,1014,1014,SC_SAFETY_EDU_03,4.0,,2.0,
2025,학교,1015,1015,SC_SAFETY_EDU_03,6.0,,1.0,
2025,학교,1016,1016,SC_SAFETY_EDU_03,6.0,,1.0,
2025,학교,1020,1020,SC_SAFETY_EDU_03,6.0,,1.0,
2025,학교,1021,1021,SC_SAFETY_EDU_03,1.0,,1.0,
2025,학교,1023,1023,SC_SAFETY_EDU_03,6.0,,1.0,
2025,학교,1025,1025,SC_SAFETY_EDU_03,4.0,,1.0,
2025,학교,1026,1026,SC_SAFETY_EDU_03,2.0,,2.0,
2025,학교,1027,1027,SC_SAFETY_EDU_03,2.0,,1.0,
2025,학교,1029,1029,SC_SAFETY_EDU_03,5.0,,1.0,
2025,학교,1031,1031,SC_SAFETY_EDU_03,3.0,,1.0,
2025,학교,1033,1033,SC_SAFETY_EDU_03,6.0,,1.0,
2025,학교,1034,1034,SC_SAFETY_EDU_03,19.0,,1.0,
2025,학교,1035,1035,SC_SAFETY_EDU_03,6.0,,1.0,
2025,학교,1036,1036,SC_SAFETY_EDU_03,2.0,,1.0,
2025,학교,1038,1038,SC_SAFETY_EDU_03,31.0,,1.0,
2025,학교,1039,1039,SC_SAFETY_EDU_03,3.0,,1.0,
2025,학교,1042,1042,SC_SAFETY_EDU_03,1.0,,1.0,
2025,학교,1043,1043,SC_SAFETY_EDU_03,2.0,,1.0,
2025,학교,1044,1044,SC_SAFETY_EDU_03,2.0,,1.0,
2025,학교,1045,1045,SC_SAFETY_EDU_03,2.0,,1.0,
2025,학교,1046,1046,SC_SAFETY_EDU_03,6.0,,1.0,
2025,학교,1047,1047,SC_SAFETY_EDU_03,,학교중복충돌→결측,1.0,
2025,학교,1048,1048,SC_SAFETY_EDU_03,6.0,,1.0,
2025,학교,1050,1050,SC_SAFETY_EDU_03,6.0,,1.0,
2025,학교,1052,1052,SC_SAFETY_EDU_03,2.0,,1.0,
2025,학교,1053,1053,SC_SAFETY_EDU_03,2.0,,1.0,
2025,학교,1058,1058,SC_SAFETY_EDU_03,2.0,,1.0,
2025,학교,1059,1059,SC_SAFETY_EDU_03,4.0,,1.0,
2025,학교,1060,1060,SC_SAFETY_EDU_03,6.0,,1.0,
2025,학교,1062,1062,SC_SAFETY_EDU_03,14.0,,1.0,
2025,학교,1063,1063,SC_SAFETY_EDU_03,6.0,,1.0,
2025,학교,1064,1064,SC_SAFETY_EDU_03,2.0,,1.0,
2025,학교,1065,1065,SC_SAFETY_EDU_03,2.0,,1.0,
2025,학교,1066,1066,SC_SAFETY_EDU_03,4.0,,1.0,
2025,학교,1067,1067,SC_SAFETY_EDU_03,4.0,,1.0,
2025,학교,1070,1070,SC_SAFETY_EDU_03,6.0,,1.0,
2025,학교,1073,1073,SC_SAFETY_EDU_03,2.0,,1.0,
2025,학교,1075,1075,SC_SAFETY_EDU_03,6.0,,1.0,
2025,학교,1076,1076,SC_SAFETY_EDU_03,2.0,학교중복응답통합,1.0,
2025,학교,1077,1077,SC_SAFETY_EDU_03,2.0,,1.0,
2025,학교,1083,1083,SC_SAFETY_EDU_03,7.0,,1.0,
2025,학교,1090,1090,SC_SAFETY_EDU_03,6.0,,1.0,
2025,학교,1094,1094,SC_SAFETY_EDU_03,5.0,,1.0,
2025,학교,1097,1097,SC_SAFETY_EDU_03,6.0,,1.0,
2025,학교,1098,1098,SC_SAFETY_EDU_03,6.0,,1.0,
2025,학교,1099,1099,SC_SAFETY_EDU_03,6.0,,1.0,
2025,학교,1100,1100,SC_SAFETY_EDU_03,2.0,,1.0,
2025,학교,1101,1101,SC_SAFETY_EDU_03,6.0,,1.0,
2025,학교,1103,1103,SC_SAFETY_EDU_03,6.0,,1.0,
2025,학교,1104,1104,SC_SAFETY_EDU_03,8.0,,1.0,
2025,학교,1105,1105,SC_SAFETY_EDU_03,18.0,,2.0,
2025,학교,1106,1106,SC_SAFETY_EDU_03,10.0,,1.0,
2025,학교,1107,1107,SC_SAFETY_EDU_03,6.0,학교중복응답통합,1.0,
2025,학교,1113,1113,SC_SAFETY_EDU_03,4.0,,2.0,
2025,학교,1114,1114,SC_SAFETY_EDU_03,6.0,,1.0,
2025,학교,1116,1116,SC_SAFETY_EDU_03,6.0,,1.0,
2025,학교,1118,1118,SC_SAFETY_EDU_03,3.0,,1.0,
2025,학교,1119,1119,SC_SAFETY_EDU_03,3.0,,1.0,
2025,학교,1120,1120,SC_SAFETY_EDU_03,6.0,,1.0,
2025,학교,1121,1121,SC_SAFETY_EDU_03,6.0,,1.0,
2025,학교,1122,1122,SC_SAFETY_EDU_03,8.0,,1.0,
2025,학교,1123,1123,SC_SAFETY_EDU_03,4.0,,1.0,
2025,학교,1125,1125,SC_SAFETY_EDU_03,2.0,,1.0,
2025,학교,1127,1127,SC_SAFETY_EDU_03,6.0,,2.0,
2025,학교,1129,1129,SC_SAFETY_EDU_03,6.0,,2.0,
2025,학교,1131,1131,SC_SAFETY_EDU_03,6.0,,1.0,
2025,학교,1132,1132,SC_SAFETY_EDU_03,,학교중복충돌→결측,1.0,
2025,학교,1133,1133,SC_SAFETY_EDU_03,18.0,,1.0,
2025,학교,1135,1135,SC_SAFETY_EDU_03,6.0,,1.0,
2025,학교,1137,1137,SC_SAFETY_EDU_03,20.0,,1.0,
2025,학교,1139,1139,SC_SAFETY_EDU_03,6.0,,1.0,
2025,학교,1140,1140,SC_SAFETY_EDU_03,6.0,,2.0,
2025,학교,1141,1141,SC_SAFETY_EDU_03,1.0,,1.0,
2025,학교,1142,1142,SC_SAFETY_EDU_03,2.0,,1.0,
2025,학교,1143,1143,SC_SAFETY_EDU_03,5.0,,1.0,
2025,학교,1144,1144,SC_SAFETY_EDU_03,2.0,,2.0,
2025,학교,1147,1147,SC_SAFETY_EDU_03,4.0,,2.0,
2025,학교,1148,1148,SC_SAFETY_EDU_03,10.0,,1.0,
2025,학교,1149,1149,SC_SAFETY_EDU_03,4.0,,1.0,
2025,학교,1150,1150,SC_SAFETY_EDU_03,22.0,,1.0,
2025,학교,1152,1152,SC_SAFETY_EDU_03,8.0,,2.0,
2025,학교,1153,1153,SC_SAFETY_EDU_03,,학교중복충돌→결측,1.0,
2025,학교,1154,1154,SC_SAFETY_EDU_03,2.0,,1.0,
2025,학교,1155,1155,SC_SAFETY_EDU_03,1.0,,1.0,
2025,학교,1156,1156,SC_SAFETY_EDU_03,3.0,,1.0,
2025,학교,1161,1161,SC_SAFETY_EDU_03,13.0,,1.0,
2025,학교,1162,1162,SC_SAFETY_EDU_03,0.0,,1.0,
2025,학교,1163,1163,SC_SAFETY_EDU_03,1.0,,1.0,
2025,학교,1164,1164,SC_SAFETY_EDU_03,2.0,,1.0,
2025,학교,1165,1165,SC_SAFETY_EDU_03,6.0,,1.0,
2025,학교,1166,1166,SC_SAFETY_EDU_03,6.0,,1.0,
2025,학교,1167,1167,SC_SAFETY_EDU_03,2.0,,2.0,
2025,학교,1168,1168,SC_SAFETY_EDU_03,2.0,,1.0,
2025,학교,1170,1170,SC_SAFETY_EDU_03,32.0,,1.0,
2025,학교,1176,1176,SC_SAFETY_EDU_03,5.0,,1.0,
2025,학교,1177,1177,SC_SAFETY_EDU_03,1.0,,2.0,
2025,학교,1180,1180,SC_SAFETY_EDU_03,2.0,,2.0,
2025,학교,1182,1182,SC_SAFETY_EDU_03,6.0,,1.0,
2025,학교,1003,1003,SC_SAFETY_EDU_04,30.0,,2.0,
2025,학교,1005,1005,SC_SAFETY_EDU_04,2.0,,1.0,
2025,학교,1007,1007,SC_SAFETY_EDU_04,2.0,,1.0,
2025,학교,1009,1009,SC_SAFETY_EDU_04,1.0,,1.0,
2025,학교,1013,1013,SC_SAFETY_EDU_04,10.0,,1.0,
2025,학교,1014,1014,SC_SAFETY_EDU_04,4.0,,2.0,
2025,학교,1015,1015,SC_SAFETY_EDU_04,10.0,,1.0,
2025,학교,1016,1016,SC_SAFETY_EDU_04,10.0,,1.0,
2025,학교,1020,1020,SC_SAFETY_EDU_04,11.0,,1.0,
2025,학교,1021,1021,SC_SAFETY_EDU_04,2.0,,1.0,
2025,학교,1023,1023,SC_SAFETY_EDU_04,10.0,,1.0,
2025,학교,1025,1025,SC_SAFETY_EDU_04,4.0,,1.0,
2025,학교,1026,1026,SC_SAFETY_EDU_04,2.0,,2.0,
2025,학교,1027,1027,SC_SAFETY_EDU_04,9.0,,1.0,
2025,학교,1029,1029,SC_SAFETY_EDU_04,5.0,,1.0,
2025,학교,1031,1031,SC_SAFETY_EDU_04,6.0,,1.0,
2025,학교,1033,1033,SC_SAFETY_EDU_04,10.0,,1.0,
2025,학교,1034,1034,SC_SAFETY_EDU_04,30.0,,1.0,
2025,학교,1035,1035,SC_SAFETY_EDU_04,10.0,,1.0,
2025,학교,1036,1036,SC_SAFETY_EDU_04,4.0,,1.0,
2025,학교,1038,1038,SC_SAFETY_EDU_04,35.0,,1.0,
2025,학교,1039,1039,SC_SAFETY_EDU_04,3.0,,1.0,
2025,학교,1042,1042,SC_SAFETY_EDU_04,1.0,,1.0,
2025,학교,1043,1043,SC_SAFETY_EDU_04,2.0,,1.0,
2025,학교,1044,1044,SC_SAFETY_EDU_04,2.0,,1.0,
2025,학교,1045,1045,SC_SAFETY_EDU_04,2.0,,1.0,
2025,학교,1046,1046,SC_SAFETY_EDU_04,10.0,,1.0,
2025,학교,1047,1047,SC_SAFETY_EDU_04,,학교중복충돌→결측,1.0,
2025,학교,1048,1048,SC_SAFETY_EDU_04,12.0,,1.0,
2025,학교,1050,1050,SC_SAFETY_EDU_04,16.0,,1.0,
2025,학교,1052,1052,SC_SAFETY_EDU_04,4.0,,1.0,
2025,학교,1053,1053,SC_SAFETY_EDU_04,2.0,,1.0,
2025,학교,1058,1058,SC_SAFETY_EDU_04,5.0,,1.0,
2025,학교,1059,1059,SC_SAFETY_EDU_04,2.0,,1.0,
2025,학교,1060,1060,SC_SAFETY_EDU_04,10.0,,1.0,
2025,학교,1062,1062,SC_SAFETY_EDU_04,22.0,,1.0,
2025,학교,1063,1063,SC_SAFETY_EDU_04,10.0,,1.0,
2025,학교,1064,1064,SC_SAFETY_EDU_04,2.0,,1.0,
2025,학교,1065,1065,SC_SAFETY_EDU_04,4.0,,1.0,
2025,학교,1066,1066,SC_SAFETY_EDU_04,6.0,,1.0,
2025,학교,1067,1067,SC_SAFETY_EDU_04,6.0,,1.0,
2025,학교,1070,1070,SC_SAFETY_EDU_04,10.0,,1.0,
2025,학교,1073,1073,SC_SAFETY_EDU_04,1.0,,1.0,
2025,학교,1075,1075,SC_SAFETY_EDU_04,10.0,,1.0,
2025,학교,1076,1076,SC_SAFETY_EDU_04,,학교중복충돌→결측,1.0,
2025,학교,1077,1077,SC_SAFETY_EDU_04,2.0,,1.0,
2025,학교,1083,1083,SC_SAFETY_EDU_04,10.0,,1.0,
2025,학교,1090,1090,SC_SAFETY_EDU_04,10.0,,1.0,
2025,학교,1094,1094,SC_SAFETY_EDU_04,5.0,,1.0,
2025,학교,1097,1097,SC_SAFETY_EDU_04,10.0,,1.0,
2025,학교,1098,1098,SC_SAFETY_EDU_04,10.0,,1.0,
2025,학교,1099,1099,SC_SAFETY_EDU_04,11.0,,1.0,
2025,학교,1100,1100,SC_SAFETY_EDU_04,2.0,,1.0,
2025,학교,1101,1101,SC_SAFETY_EDU_04,10.0,,1.0,
2025,학교,1103,1103,SC_SAFETY_EDU_04,12.0,,1.0,
2025,학교,1104,1104,SC_SAFETY_EDU_04,10.0,,1.0,
2025,학교,1105,1105,SC_SAFETY_EDU_04,30.0,,2.0,
2025,학교,1106,1106,SC_SAFETY_EDU_04,10.0,,1.0,
2025,학교,1107,1107,SC_SAFETY_EDU_04,10.0,학교중복응답통합,1.0,
2025,학교,1113,1113,SC_SAFETY_EDU_04,20.0,,2.0,
2025,학교,1114,1114,SC_SAFETY_EDU_04,10.0,,1.0,
2025,학교,1116,1116,SC_SAFETY_EDU_04,12.0,,1.0,
2025,학교,1118,1118,SC_SAFETY_EDU_04,4.0,,1.0,
2025,학교,1119,1119,SC_SAFETY_EDU_04,3.0,,1.0,
2025,학교,1120,1120,SC_SAFETY_EDU_04,10.0,,1.0,
2025,학교,1121,1121,SC_SAFETY_EDU_04,10.0,,1.0,
2025,학교,1122,1122,SC_SAFETY_EDU_04,10.0,,1.0,
2025,학교,1123,1123,SC_SAFETY_EDU_04,4.0,,1.0,
2025,학교,1125,1125,SC_SAFETY_EDU_04,0.0,,1.0,
2025,학교,1127,1127,SC_SAFETY_EDU_04,10.0,,2.0,
2025,학교,1129,1129,SC_SAFETY_EDU_04,10.0,,2.0,
2025,학교,1131,1131,SC_SAFETY_EDU_04,10.0,,1.0,
2025,학교,1132,1132,SC_SAFETY_EDU_04,,학교중복충돌→결측,1.0,
2025,학교,1133,1133,SC_SAFETY_EDU_04,10.0,,1.0,
2025,학교,1135,1135,SC_SAFETY_EDU_04,10.0,,1.0,
2025,학교,1137,1137,SC_SAFETY_EDU_04,18.0,,1.0,
2025,학교,1139,1139,SC_SAFETY_EDU_04,10.0,,1.0,
2025,학교,1140,1140,SC_SAFETY_EDU_04,10.0,,2.0,
2025,학교,1141,1141,SC_SAFETY_EDU_04,1.0,,1.0,
2025,학교,1142,1142,SC_SAFETY_EDU_04,2.0,,1.0,
2025,학교,1143,1143,SC_SAFETY_EDU_04,10.0,,1.0,
2025,학교,1144,1144,SC_SAFETY_EDU_04,2.0,,2.0,
2025,학교,1147,1147,SC_SAFETY_EDU_04,4.0,,2.0,
2025,학교,1148,1148,SC_SAFETY_EDU_04,20.0,,1.0,
2025,학교,1149,1149,SC_SAFETY_EDU_04,2.0,,1.0,
2025,학교,1150,1150,SC_SAFETY_EDU_04,34.0,,1.0,
2025,학교,1152,1152,SC_SAFETY_EDU_04,10.0,,2.0,
2025,학교,1153,1153,SC_SAFETY_EDU_04,,학교중복충돌→결측,1.0,
2025,학교,1154,1154,SC_SAFETY_EDU_04,2.0,,1.0,
2025,학교,1155,1155,SC_SAFETY_EDU_04,1.0,,1.0,
2025,학교,1156,1156,SC_SAFETY_EDU_04,3.0,,1.0,
2025,학교,1161,1161,SC_SAFETY_EDU_04,12.0,,1.0,
2025,학교,1162,1162,SC_SAFETY_EDU_04,0.0,,1.0,
2025,학교,1163,1163,SC_SAFETY_EDU_04,1.0,,1.0,
2025,학교,1164,1164,SC_SAFETY_EDU_04,2.0,,1.0,
2025,학교,1165,1165,SC_SAFETY_EDU_04,10.0,,1.0,
2025,학교,1166,1166,SC_SAFETY_EDU_04,11.0,,1.0,
2025,학교,1167,1167,SC_SAFETY_EDU_04,2.0,,2.0,
2025,학교,1168,1168,SC_SAFETY_EDU_04,2.0,,1.0,
2025,학교,1170,1170,SC_SAFETY_EDU_04,51.0,,1.0,
2025,학교,1176,1176,SC_SAFETY_EDU_04,5.0,,1.0,
2025,학교,1177,1177,SC_SAFETY_EDU_04,1.0,,2.0,
2025,학교,1180,1180,SC_SAFETY_EDU_04,2.0,,2.0,
2025,학교,1182,1182,SC_SAFETY_EDU_04,10.0,,1.0,
2025,학교,1003,1003,SC_SAFETY_EDU_05,6.0,,2.0,
2025,학교,1005,1005,SC_SAFETY_EDU_05,2.0,,1.0,
2025,학교,1007,1007,SC_SAFETY_EDU_05,1.0,,1.0,
2025,학교,1009,1009,SC_SAFETY_EDU_05,1.0,,1.0,
2025,학교,1013,1013,SC_SAFETY_EDU_05,2.0,,1.0,
2025,학교,1014,1014,SC_SAFETY_EDU_05,2.0,,2.0,
2025,학교,1015,1015,SC_SAFETY_EDU_05,2.0,,1.0,
2025,학교,1016,1016,SC_SAFETY_EDU_05,2.0,,1.0,
2025,학교,1020,1020,SC_SAFETY_EDU_05,2.0,,1.0,
2025,학교,1021,1021,SC_SAFETY_EDU_05,1.0,,1.0,
2025,학교,1023,1023,SC_SAFETY_EDU_05,2.0,,1.0,
2025,학교,1025,1025,SC_SAFETY_EDU_05,2.0,,1.0,
2025,학교,1026,1026,SC_SAFETY_EDU_05,2.0,,2.0,
2025,학교,1027,1027,SC_SAFETY_EDU_05,4.0,,1.0,
2025,학교,1029,1029,SC_SAFETY_EDU_05,1.0,,1.0,
2025,학교,1031,1031,SC_SAFETY_EDU_05,2.0,,1.0,
2025,학교,1033,1033,SC_SAFETY_EDU_05,2.0,,1.0,
2025,학교,1034,1034,SC_SAFETY_EDU_05,2.0,,1.0,
2025,학교,1035,1035,SC_SAFETY_EDU_05,2.0,,1.0,
2025,학교,1036,1036,SC_SAFETY_EDU_05,2.0,,1.0,
2025,학교,1038,1038,SC_SAFETY_EDU_05,27.0,,1.0,
2025,학교,1039,1039,SC_SAFETY_EDU_05,4.0,,1.0,
2025,학교,1042,1042,SC_SAFETY_EDU_05,1.0,,1.0,
2025,학교,1043,1043,SC_SAFETY_EDU_05,2.0,,1.0,
2025,학교,1044,1044,SC_SAFETY_EDU_05,2.0,,1.0,
2025,학교,1045,1045,SC_SAFETY_EDU_05,1.0,,1.0,
2025,학교,1046,1046,SC_SAFETY_EDU_05,2.0,,1.0,
2025,학교,1047,1047,SC_SAFETY_EDU_05,,학교중복충돌→결측,1.0,
2025,학교,1048,1048,SC_SAFETY_EDU_05,2.0,,1.0,
2025,학교,1050,1050,SC_SAFETY_EDU_05,2.0,,1.0,
2025,학교,1052,1052,SC_SAFETY_EDU_05,1.0,,1.0,
2025,학교,1053,1053,SC_SAFETY_EDU_05,2.0,,1.0,
2025,학교,1058,1058,SC_SAFETY_EDU_05,1.0,,1.0,
2025,학교,1059,1059,SC_SAFETY_EDU_05,2.0,,1.0,
2025,학교,1060,1060,SC_SAFETY_EDU_05,2.0,,1.0,
2025,학교,1062,1062,SC_SAFETY_EDU_05,8.0,,1.0,
2025,학교,1063,1063,SC_SAFETY_EDU_05,2.0,,1.0,
2025,학교,1064,1064,SC_SAFETY_EDU_05,2.0,,1.0,
2025,학교,1065,1065,SC_SAFETY_EDU_05,2.0,,1.0,
2025,학교,1066,1066,SC_SAFETY_EDU_05,4.0,,1.0,
2025,학교,1067,1067,SC_SAFETY_EDU_05,2.0,,1.0,
2025,학교,1070,1070,SC_SAFETY_EDU_05,6.0,,1.0,
2025,학교,1073,1073,SC_SAFETY_EDU_05,1.0,,1.0,
2025,학교,1075,1075,SC_SAFETY_EDU_05,5.0,,1.0,
2025,학교,1076,1076,SC_SAFETY_EDU_05,2.0,학교중복응답통합,1.0,
2025,학교,1077,1077,SC_SAFETY_EDU_05,2.0,,1.0,
2025,학교,1083,1083,SC_SAFETY_EDU_05,2.0,,1.0,
2025,학교,1090,1090,SC_SAFETY_EDU_05,2.0,,1.0,
2025,학교,1094,1094,SC_SAFETY_EDU_05,2.0,,1.0,
2025,학교,1097,1097,SC_SAFETY_EDU_05,2.0,,1.0,
2025,학교,1098,1098,SC_SAFETY_EDU_05,2.0,,1.0,
2025,학교,1099,1099,SC_SAFETY_EDU_05,3.0,,1.0,
2025,학교,1100,1100,SC_SAFETY_EDU_05,1.0,,1.0,
2025,학교,1101,1101,SC_SAFETY_EDU_05,3.0,,1.0,
2025,학교,1103,1103,SC_SAFETY_EDU_05,2.0,,1.0,
2025,학교,1104,1104,SC_SAFETY_EDU_05,3.0,,1.0,
2025,학교,1105,1105,SC_SAFETY_EDU_05,6.0,,2.0,
2025,학교,1106,1106,SC_SAFETY_EDU_05,3.0,,1.0,
2025,학교,1107,1107,SC_SAFETY_EDU_05,2.0,학교중복응답통합,1.0,
2025,학교,1113,1113,SC_SAFETY_EDU_05,12.0,,2.0,
2025,학교,1114,1114,SC_SAFETY_EDU_05,4.0,,1.0,
2025,학교,1116,1116,SC_SAFETY_EDU_05,3.0,,1.0,
2025,학교,1118,1118,SC_SAFETY_EDU_05,2.0,,1.0,
2025,학교,1119,1119,SC_SAFETY_EDU_05,2.0,,1.0,
2025,학교,1120,1120,SC_SAFETY_EDU_05,2.0,,1.0,
2025,학교,1121,1121,SC_SAFETY_EDU_05,2.0,,1.0,
2025,학교,1122,1122,SC_SAFETY_EDU_05,2.0,,1.0,
2025,학교,1123,1123,SC_SAFETY_EDU_05,2.0,,1.0,
2025,학교,1125,1125,SC_SAFETY_EDU_05,1.0,,1.0,
2025,학교,1127,1127,SC_SAFETY_EDU_05,2.0,,2.0,
2025,학교,1129,1129,SC_SAFETY_EDU_05,2.0,,2.0,
2025,학교,1131,1131,SC_SAFETY_EDU_05,6.0,,1.0,
2025,학교,1132,1132,SC_SAFETY_EDU_05,,학교중복충돌→결측,1.0,
2025,학교,1133,1133,SC_SAFETY_EDU_05,6.0,,1.0,
2025,학교,1135,1135,SC_SAFETY_EDU_05,2.0,,1.0,
2025,학교,1137,1137,SC_SAFETY_EDU_05,15.0,,1.0,
2025,학교,1139,1139,SC_SAFETY_EDU_05,2.0,,1.0,
2025,학교,1140,1140,SC_SAFETY_EDU_05,2.0,,2.0,
2025,학교,1141,1141,SC_SAFETY_EDU_05,1.0,,1.0,
2025,학교,1142,1142,SC_SAFETY_EDU_05,2.0,,1.0,
2025,학교,1143,1143,SC_SAFETY_EDU_05,2.0,,1.0,
2025,학교,1144,1144,SC_SAFETY_EDU_05,1.0,,2.0,
2025,학교,1147,1147,SC_SAFETY_EDU_05,2.0,,2.0,
2025,학교,1148,1148,SC_SAFETY_EDU_05,1.0,,1.0,
2025,학교,1149,1149,SC_SAFETY_EDU_05,1.0,,1.0,
2025,학교,1150,1150,SC_SAFETY_EDU_05,10.0,,1.0,
2025,학교,1152,1152,SC_SAFETY_EDU_05,2.0,,2.0,
2025,학교,1153,1153,SC_SAFETY_EDU_05,2.0,학교중복응답통합,1.0,
2025,학교,1154,1154,SC_SAFETY_EDU_05,2.0,,1.0,
2025,학교,1155,1155,SC_SAFETY_EDU_05,1.0,,1.0,
2025,학교,1156,1156,SC_SAFETY_EDU_05,2.0,,1.0,
2025,학교,1161,1161,SC_SAFETY_EDU_05,2.0,,1.0,
2025,학교,1162,1162,SC_SAFETY_EDU_05,0.0,,1.0,
2025,학교,1163,1163,SC_SAFETY_EDU_05,1.0,,1.0,
2025,학교,1164,1164,SC_SAFETY_EDU_05,2.0,,1.0,
2025,학교,1165,1165,SC_SAFETY_EDU_05,2.0,,1.0,
2025,학교,1166,1166,SC_SAFETY_EDU_05,2.0,,1.0,
2025,학교,1167,1167,SC_SAFETY_EDU_05,2.0,,2.0,
2025,학교,1168,1168,SC_SAFETY_EDU_05,2.0,,1.0,
2025,학교,1170,1170,SC_SAFETY_EDU_05,7.0,,1.0,
2025,학교,1176,1176,SC_SAFETY_EDU_05,4.0,,1.0,
2025,학교,1177,1177,SC_SAFETY_EDU_05,1.0,,2.0,
2025,학교,1180,1180,SC_SAFETY_EDU_05,2.0,,2.0,
2025,학교,1182,1182,SC_SAFETY_EDU_05,2.0,,1.0,
2025,학교,1003,1003,SC_SAFETY_EDU_06,9.0,,2.0,
2025,학교,1005,1005,SC_SAFETY_EDU_06,2.0,,1.0,
2025,학교,1007,1007,SC_SAFETY_EDU_06,2.0,,1.0,
2025,학교,1009,1009,SC_SAFETY_EDU_06,0.0,,1.0,
2025,학교,1013,1013,SC_SAFETY_EDU_06,4.0,,1.0,
2025,학교,1014,1014,SC_SAFETY_EDU_06,2.0,,2.0,
2025,학교,1015,1015,SC_SAFETY_EDU_06,10.0,,1.0,
2025,학교,1016,1016,SC_SAFETY_EDU_06,3.0,,1.0,
2025,학교,1020,1020,SC_SAFETY_EDU_06,3.0,,1.0,
2025,학교,1021,1021,SC_SAFETY_EDU_06,1.0,,1.0,
2025,학교,1023,1023,SC_SAFETY_EDU_06,3.0,,1.0,
2025,학교,1025,1025,SC_SAFETY_EDU_06,2.0,,1.0,
2025,학교,1026,1026,SC_SAFETY_EDU_06,2.0,,2.0,
2025,학교,1027,1027,SC_SAFETY_EDU_06,2.0,,1.0,
2025,학교,1029,1029,SC_SAFETY_EDU_06,0.0,,1.0,
2025,학교,1031,1031,SC_SAFETY_EDU_06,2.0,,1.0,
2025,학교,1033,1033,SC_SAFETY_EDU_06,3.0,,1.0,
2025,학교,1034,1034,SC_SAFETY_EDU_06,3.0,,1.0,
2025,학교,1035,1035,SC_SAFETY_EDU_06,3.0,,1.0,
2025,학교,1036,1036,SC_SAFETY_EDU_06,1.0,,1.0,
2025,학교,1038,1038,SC_SAFETY_EDU_06,3.0,,1.0,
2025,학교,1039,1039,SC_SAFETY_EDU_06,2.0,,1.0,
2025,학교,1042,1042,SC_SAFETY_EDU_06,1.0,,1.0,
2025,학교,1043,1043,SC_SAFETY_EDU_06,2.0,,1.0,
2025,학교,1044,1044,SC_SAFETY_EDU_06,1.0,,1.0,
2025,학교,1045,1045,SC_SAFETY_EDU_06,1.0,,1.0,
2025,학교,1046,1046,SC_SAFETY_EDU_06,3.0,,1.0,
2025,학교,1047,1047,SC_SAFETY_EDU_06,,학교중복충돌→결측,1.0,
2025,학교,1048,1048,SC_SAFETY_EDU_06,3.0,,1.0,
2025,학교,1050,1050,SC_SAFETY_EDU_06,3.0,,1.0,
2025,학교,1052,1052,SC_SAFETY_EDU_06,0.0,,1.0,
2025,학교,1053,1053,SC_SAFETY_EDU_06,2.0,,1.0,
2025,학교,1058,1058,SC_SAFETY_EDU_06,1.0,,1.0,
2025,학교,1059,1059,SC_SAFETY_EDU_06,2.0,,1.0,
2025,학교,1060,1060,SC_SAFETY_EDU_06,3.0,,1.0,
2025,학교,1062,1062,SC_SAFETY_EDU_06,8.0,,1.0,
2025,학교,1063,1063,SC_SAFETY_EDU_06,3.0,,1.0,
2025,학교,1064,1064,SC_SAFETY_EDU_06,2.0,,1.0,
2025,학교,1065,1065,SC_SAFETY_EDU_06,2.0,,1.0,
2025,학교,1066,1066,SC_SAFETY_EDU_06,2.0,,1.0,
2025,학교,1067,1067,SC_SAFETY_EDU_06,2.0,,1.0,
2025,학교,1070,1070,SC_SAFETY_EDU_06,3.0,,1.0,
2025,학교,1073,1073,SC_SAFETY_EDU_06,1.0,,1.0,
2025,학교,1075,1075,SC_SAFETY_EDU_06,3.0,,1.0,
2025,학교,1076,1076,SC_SAFETY_EDU_06,2.0,학교중복응답통합,1.0,
2025,학교,1077,1077,SC_SAFETY_EDU_06,2.0,,1.0,
2025,학교,1083,1083,SC_SAFETY_EDU_06,4.0,,1.0,
2025,학교,1090,1090,SC_SAFETY_EDU_06,3.0,,1.0,
2025,학교,1094,1094,SC_SAFETY_EDU_06,2.0,,1.0,
2025,학교,1097,1097,SC_SAFETY_EDU_06,3.0,,1.0,
2025,학교,1098,1098,SC_SAFETY_EDU_06,3.0,,1.0,
2025,학교,1099,1099,SC_SAFETY_EDU_06,3.0,,1.0,
2025,학교,1100,1100,SC_SAFETY_EDU_06,1.0,,1.0,
2025,학교,1101,1101,SC_SAFETY_EDU_06,3.0,,1.0,
2025,학교,1103,1103,SC_SAFETY_EDU_06,3.0,,1.0,
2025,학교,1104,1104,SC_SAFETY_EDU_06,19.0,,1.0,
2025,학교,1105,1105,SC_SAFETY_EDU_06,9.0,,2.0,
2025,학교,1106,1106,SC_SAFETY_EDU_06,5.0,,1.0,
2025,학교,1107,1107,SC_SAFETY_EDU_06,3.0,학교중복응답통합,1.0,
2025,학교,1113,1113,SC_SAFETY_EDU_06,12.0,,2.0,
2025,학교,1114,1114,SC_SAFETY_EDU_06,6.0,,1.0,
2025,학교,1116,1116,SC_SAFETY_EDU_06,3.0,,1.0,
2025,학교,1118,1118,SC_SAFETY_EDU_06,3.0,,1.0,
2025,학교,1119,1119,SC_SAFETY_EDU_06,2.0,,1.0,
2025,학교,1120,1120,SC_SAFETY_EDU_06,3.0,,1.0,
2025,학교,1121,1121,SC_SAFETY_EDU_06,3.0,,1.0,
2025,학교,1122,1122,SC_SAFETY_EDU_06,3.0,,1.0,
2025,학교,1123,1123,SC_SAFETY_EDU_06,4.0,,1.0,
2025,학교,1125,1125,SC_SAFETY_EDU_06,0.0,,1.0,
2025,학교,1127,1127,SC_SAFETY_EDU_06,3.0,,2.0,
2025,학교,1129,1129,SC_SAFETY_EDU_06,3.0,,2.0,
2025,학교,1131,1131,SC_SAFETY_EDU_06,3.0,,1.0,
2025,학교,1132,1132,SC_SAFETY_EDU_06,,학교중복충돌→결측,1.0,
2025,학교,1133,1133,SC_SAFETY_EDU_06,9.0,,1.0,
2025,학교,1135,1135,SC_SAFETY_EDU_06,3.0,,1.0,
2025,학교,1137,1137,SC_SAFETY_EDU_06,2.0,,1.0,
2025,학교,1139,1139,SC_SAFETY_EDU_06,3.0,,1.0,
2025,학교,1140,1140,SC_SAFETY_EDU_06,3.0,,2.0,
2025,학교,1141,1141,SC_SAFETY_EDU_06,1.0,,1.0,
2025,학교,1142,1142,SC_SAFETY_EDU_06,2.0,,1.0,
2025,학교,1143,1143,SC_SAFETY_EDU_06,3.0,,1.0,
2025,학교,1144,1144,SC_SAFETY_EDU_06,1.0,,2.0,
2025,학교,1147,1147,SC_SAFETY_EDU_06,2.0,,2.0,
2025,학교,1148,1148,SC_SAFETY_EDU_06,1.0,,1.0,
2025,학교,1149,1149,SC_SAFETY_EDU_06,1.0,,1.0,
2025,학교,1150,1150,SC_SAFETY_EDU_06,15.0,,1.0,
2025,학교,1152,1152,SC_SAFETY_EDU_06,3.0,,2.0,
2025,학교,1153,1153,SC_SAFETY_EDU_06,2.0,학교중복응답통합,1.0,
2025,학교,1154,1154,SC_SAFETY_EDU_06,2.0,,1.0,
2025,학교,1155,1155,SC_SAFETY_EDU_06,1.0,,1.0,
2025,학교,1156,1156,SC_SAFETY_EDU_06,0.0,,1.0,
2025,학교,1161,1161,SC_SAFETY_EDU_06,4.0,,1.0,
2025,학교,1162,1162,SC_SAFETY_EDU_06,0.0,,1.0,
2025,학교,1163,1163,SC_SAFETY_EDU_06,1.0,,1.0,
2025,학교,1164,1164,SC_SAFETY_EDU_06,2.0,,1.0,
2025,학교,1165,1165,SC_SAFETY_EDU_06,3.0,,1.0,
2025,학교,1166,1166,SC_SAFETY_EDU_06,3.0,,1.0,
2025,학교,1167,1167,SC_SAFETY_EDU_06,2.0,,2.0,
2025,학교,1168,1168,SC_SAFETY_EDU_06,0.0,,1.0,
2025,학교,1170,1170,SC_SAFETY_EDU_06,18.0,,1.0,
2025,학교,1176,1176,SC_SAFETY_EDU_06,5.0,,1.0,
2025,학교,1177,1177,SC_SAFETY_EDU_06,1.0,,2.0,
2025,학교,1180,1180,SC_SAFETY_EDU_06,2.0,,2.0,
2025,학교,1182,1182,SC_SAFETY_EDU_06,3.0,,1.0,
2025,학교,1003,1003,SC_SAFETY_EDU_07,3.0,,2.0,
2025,학교,1005,1005,SC_SAFETY_EDU_07,2.0,,1.0,
2025,학교,1007,1007,SC_SAFETY_EDU_07,1.0,,1.0,
2025,학교,1009,1009,SC_SAFETY_EDU_07,8.0,,1.0,
2025,학교,1013,1013,SC_SAFETY_EDU_07,2.0,,1.0,
2025,학교,1014,1014,SC_SAFETY_EDU_07,4.0,,2.0,
2025,학교,1015,1015,SC_SAFETY_EDU_07,10.0,,1.0,
2025,학교,1016,1016,SC_SAFETY_EDU_07,2.0,,1.0,
2025,학교,1020,1020,SC_SAFETY_EDU_07,5.0,,1.0,
2025,학교,1021,1021,SC_SAFETY_EDU_07,1.0,,1.0,
2025,학교,1023,1023,SC_SAFETY_EDU_07,1.0,,1.0,
2025,학교,1025,1025,SC_SAFETY_EDU_07,10.0,,1.0,
2025,학교,1026,1026,SC_SAFETY_EDU_07,2.0,,2.0,
2025,학교,1027,1027,SC_SAFETY_EDU_07,2.0,,1.0,
2025,학교,1029,1029,SC_SAFETY_EDU_07,2.0,,1.0,
2025,학교,1031,1031,SC_SAFETY_EDU_07,2.0,,1.0,
2025,학교,1033,1033,SC_SAFETY_EDU_07,2.0,,1.0,
2025,학교,1034,1034,SC_SAFETY_EDU_07,12.0,,1.0,
2025,학교,1035,1035,SC_SAFETY_EDU_07,3.0,,1.0,
2025,학교,1036,1036,SC_SAFETY_EDU_07,2.0,,1.0,
2025,학교,1038,1038,SC_SAFETY_EDU_07,3.0,,1.0,
2025,학교,1039,1039,SC_SAFETY_EDU_07,5.0,,1.0,
2025,학교,1042,1042,SC_SAFETY_EDU_07,1.0,,1.0,
2025,학교,1043,1043,SC_SAFETY_EDU_07,10.0,,1.0,
2025,학교,1044,1044,SC_SAFETY_EDU_07,10.0,,1.0,
2025,학교,1045,1045,SC_SAFETY_EDU_07,1.0,,1.0,
2025,학교,1046,1046,SC_SAFETY_EDU_07,4.0,,1.0,
2025,학교,1047,1047,SC_SAFETY_EDU_07,,학교중복충돌→결측,1.0,
2025,학교,1048,1048,SC_SAFETY_EDU_07,1.0,,1.0,
2025,학교,1050,1050,SC_SAFETY_EDU_07,6.0,,1.0,
2025,학교,1052,1052,SC_SAFETY_EDU_07,1.0,,1.0,
2025,학교,1053,1053,SC_SAFETY_EDU_07,2.0,,1.0,
2025,학교,1058,1058,SC_SAFETY_EDU_07,1.0,,1.0,
2025,학교,1059,1059,SC_SAFETY_EDU_07,2.0,,1.0,
2025,학교,1060,1060,SC_SAFETY_EDU_07,4.0,,1.0,
2025,학교,1062,1062,SC_SAFETY_EDU_07,10.0,,1.0,
2025,학교,1063,1063,SC_SAFETY_EDU_07,6.0,,1.0,
2025,학교,1064,1064,SC_SAFETY_EDU_07,2.0,,1.0,
2025,학교,1065,1065,SC_SAFETY_EDU_07,4.0,,1.0,
2025,학교,1066,1066,SC_SAFETY_EDU_07,6.0,,1.0,
2025,학교,1067,1067,SC_SAFETY_EDU_07,2.0,,1.0,
2025,학교,1070,1070,SC_SAFETY_EDU_07,3.0,,1.0,
2025,학교,1073,1073,SC_SAFETY_EDU_07,0.0,,1.0,
2025,학교,1075,1075,SC_SAFETY_EDU_07,5.0,,1.0,
2025,학교,1076,1076,SC_SAFETY_EDU_07,2.0,학교중복응답통합,1.0,
2025,학교,1077,1077,SC_SAFETY_EDU_07,2.0,,1.0,
2025,학교,1083,1083,SC_SAFETY_EDU_07,4.0,,1.0,
2025,학교,1090,1090,SC_SAFETY_EDU_07,4.0,,1.0,
2025,학교,1094,1094,SC_SAFETY_EDU_07,2.0,,1.0,
2025,학교,1097,1097,SC_SAFETY_EDU_07,10.0,,1.0,
2025,학교,1098,1098,SC_SAFETY_EDU_07,6.0,,1.0,
2025,학교,1099,1099,SC_SAFETY_EDU_07,2.0,,1.0,
2025,학교,1100,1100,SC_SAFETY_EDU_07,1.0,,1.0,
2025,학교,1101,1101,SC_SAFETY_EDU_07,2.0,,1.0,
2025,학교,1103,1103,SC_SAFETY_EDU_07,2.0,,1.0,
2025,학교,1104,1104,SC_SAFETY_EDU_07,1.0,,1.0,
2025,학교,1105,1105,SC_SAFETY_EDU_07,2.0,,2.0,
2025,학교,1106,1106,SC_SAFETY_EDU_07,17.0,,1.0,
2025,학교,1107,1107,SC_SAFETY_EDU_07,10.0,학교중복응답통합,1.0,
2025,학교,1113,1113,SC_SAFETY_EDU_07,2.0,,2.0,
2025,학교,1114,1114,SC_SAFETY_EDU_07,11.0,,1.0,
2025,학교,1116,1116,SC_SAFETY_EDU_07,9.0,,1.0,
2025,학교,1118,1118,SC_SAFETY_EDU_07,2.0,,1.0,
2025,학교,1119,1119,SC_SAFETY_EDU_07,4.0,,1.0,
2025,학교,1120,1120,SC_SAFETY_EDU_07,10.0,,1.0,
2025,학교,1121,1121,SC_SAFETY_EDU_07,2.0,,1.0,
2025,학교,1122,1122,SC_SAFETY_EDU_07,3.0,,1.0,
2025,학교,1123,1123,SC_SAFETY_EDU_07,2.0,,1.0,
2025,학교,1125,1125,SC_SAFETY_EDU_07,1.0,,1.0,
2025,학교,1127,1127,SC_SAFETY_EDU_07,10.0,,2.0,
2025,학교,1129,1129,SC_SAFETY_EDU_07,1.0,,2.0,
2025,학교,1131,1131,SC_SAFETY_EDU_07,10.0,,1.0,
2025,학교,1132,1132,SC_SAFETY_EDU_07,,학교중복충돌→결측,1.0,
2025,학교,1133,1133,SC_SAFETY_EDU_07,1.0,,1.0,
2025,학교,1135,1135,SC_SAFETY_EDU_07,10.0,,1.0,
2025,학교,1137,1137,SC_SAFETY_EDU_07,1.0,,1.0,
2025,학교,1139,1139,SC_SAFETY_EDU_07,2.0,,1.0,
2025,학교,1140,1140,SC_SAFETY_EDU_07,1.0,,2.0,
2025,학교,1141,1141,SC_SAFETY_EDU_07,1.0,,1.0,
2025,학교,1142,1142,SC_SAFETY_EDU_07,2.0,,1.0,
2025,학교,1143,1143,SC_SAFETY_EDU_07,2.0,,1.0,
2025,학교,1144,1144,SC_SAFETY_EDU_07,2.0,,2.0,
2025,학교,1147,1147,SC_SAFETY_EDU_07,2.0,,2.0,
2025,학교,1148,1148,SC_SAFETY_EDU_07,1.0,,1.0,
2025,학교,1149,1149,SC_SAFETY_EDU_07,1.0,,1.0,
2025,학교,1150,1150,SC_SAFETY_EDU_07,4.0,,1.0,
2025,학교,1152,1152,SC_SAFETY_EDU_07,2.0,,2.0,
2025,학교,1153,1153,SC_SAFETY_EDU_07,2.0,학교중복응답통합,1.0,
2025,학교,1154,1154,SC_SAFETY_EDU_07,2.0,,1.0,
2025,학교,1155,1155,SC_SAFETY_EDU_07,1.0,,1.0,
2025,학교,1156,1156,SC_SAFETY_EDU_07,2.0,,1.0,
2025,학교,1161,1161,SC_SAFETY_EDU_07,10.0,,1.0,
2025,학교,1162,1162,SC_SAFETY_EDU_07,0.0,,1.0,
2025,학교,1163,1163,SC_SAFETY_EDU_07,1.0,,1.0,
2025,학교,1164,1164,SC_SAFETY_EDU_07,2.0,,1.0,
2025,학교,1165,1165,SC_SAFETY_EDU_07,5.0,,1.0,
2025,학교,1166,1166,SC_SAFETY_EDU_07,2.0,,1.0,
2025,학교,1167,1167,SC_SAFETY_EDU_07,2.0,,2.0,
2025,학교,1168,1168,SC_SAFETY_EDU_07,2.0,,1.0,
2025,학교,1170,1170,SC_SAFETY_EDU_07,2.0,,1.0,
2025,학교,1176,1176,SC_SAFETY_EDU_07,4.0,,1.0,
2025,학교,1177,1177,SC_SAFETY_EDU_07,1.0,,2.0,
2025,학교,1180,1180,SC_SAFETY_EDU_07,2.0,,2.0,
2025,학교,1182,1182,SC_SAFETY_EDU_07,10.0,,1.0,
2025,학교,1003,1003,SC_SAFETY_EDU_08,30.0,,2.0,
2025,학교,1005,1005,SC_SAFETY_EDU_08,2.0,,1.0,
2025,학교,1007,1007,SC_SAFETY_EDU_08,2.0,,1.0,
2025,학교,1009,1009,SC_SAFETY_EDU_08,1.0,,1.0,
2025,학교,1013,1013,SC_SAFETY_EDU_08,10.0,,1.0,
2025,학교,1014,1014,SC_SAFETY_EDU_08,6.0,,2.0,
2025,학교,1015,1015,SC_SAFETY_EDU_08,3.0,,1.0,
2025,학교,1016,1016,SC_SAFETY_EDU_08,10.0,,1.0,
2025,학교,1020,1020,SC_SAFETY_EDU_08,2.0,,1.0,
2025,학교,1021,1021,SC_SAFETY_EDU_08,1.0,,1.0,
2025,학교,1023,1023,SC_SAFETY_EDU_08,10.0,,1.0,
2025,학교,1025,1025,SC_SAFETY_EDU_08,10.0,,1.0,
2025,학교,1026,1026,SC_SAFETY_EDU_08,2.0,,2.0,
2025,학교,1027,1027,SC_SAFETY_EDU_08,4.0,,1.0,
2025,학교,1029,1029,SC_SAFETY_EDU_08,10.0,,1.0,
2025,학교,1031,1031,SC_SAFETY_EDU_08,5.0,,1.0,
2025,학교,1033,1033,SC_SAFETY_EDU_08,10.0,,1.0,
2025,학교,1034,1034,SC_SAFETY_EDU_08,26.0,,1.0,
2025,학교,1035,1035,SC_SAFETY_EDU_08,10.0,,1.0,
2025,학교,1036,1036,SC_SAFETY_EDU_08,2.0,,1.0,
2025,학교,1038,1038,SC_SAFETY_EDU_08,35.0,,1.0,
2025,학교,1039,1039,SC_SAFETY_EDU_08,2.0,,1.0,
2025,학교,1042,1042,SC_SAFETY_EDU_08,1.0,,1.0,
2025,학교,1043,1043,SC_SAFETY_EDU_08,2.0,,1.0,
2025,학교,1044,1044,SC_SAFETY_EDU_08,2.0,,1.0,
2025,학교,1045,1045,SC_SAFETY_EDU_08,2.0,,1.0,
2025,학교,1046,1046,SC_SAFETY_EDU_08,10.0,,1.0,
2025,학교,1047,1047,SC_SAFETY_EDU_08,,학교중복충돌→결측,1.0,
2025,학교,1048,1048,SC_SAFETY_EDU_08,12.0,,1.0,
2025,학교,1050,1050,SC_SAFETY_EDU_08,10.0,,1.0,
2025,학교,1052,1052,SC_SAFETY_EDU_08,4.0,,1.0,
2025,학교,1053,1053,SC_SAFETY_EDU_08,2.0,,1.0,
2025,학교,1058,1058,SC_SAFETY_EDU_08,7.0,,1.0,
2025,학교,1059,1059,SC_SAFETY_EDU_08,2.0,,1.0,
2025,학교,1060,1060,SC_SAFETY_EDU_08,10.0,,1.0,
2025,학교,1062,1062,SC_SAFETY_EDU_08,25.0,,1.0,
2025,학교,1063,1063,SC_SAFETY_EDU_08,10.0,,1.0,
2025,학교,1064,1064,SC_SAFETY_EDU_08,2.0,,1.0,
2025,학교,1065,1065,SC_SAFETY_EDU_08,2.0,,1.0,
2025,학교,1066,1066,SC_SAFETY_EDU_08,8.0,,1.0,
2025,학교,1067,1067,SC_SAFETY_EDU_08,6.0,,1.0,
2025,학교,1070,1070,SC_SAFETY_EDU_08,10.0,,1.0,
2025,학교,1073,1073,SC_SAFETY_EDU_08,1.0,,1.0,
2025,학교,1075,1075,SC_SAFETY_EDU_08,10.0,,1.0,
2025,학교,1076,1076,SC_SAFETY_EDU_08,2.0,학교중복응답통합,1.0,
2025,학교,1077,1077,SC_SAFETY_EDU_08,2.0,,1.0,
2025,학교,1083,1083,SC_SAFETY_EDU_08,10.0,,1.0,
2025,학교,1090,1090,SC_SAFETY_EDU_08,10.0,,1.0,
2025,학교,1094,1094,SC_SAFETY_EDU_08,2.0,,1.0,
2025,학교,1097,1097,SC_SAFETY_EDU_08,10.0,,1.0,
2025,학교,1098,1098,SC_SAFETY_EDU_08,10.0,,1.0,
2025,학교,1099,1099,SC_SAFETY_EDU_08,10.0,,1.0,
2025,학교,1100,1100,SC_SAFETY_EDU_08,1.0,,1.0,
2025,학교,1101,1101,SC_SAFETY_EDU_08,10.0,,1.0,
2025,학교,1103,1103,SC_SAFETY_EDU_08,11.0,,1.0,
2025,학교,1104,1104,SC_SAFETY_EDU_08,10.0,,1.0,
2025,학교,1105,1105,SC_SAFETY_EDU_08,30.0,,2.0,
2025,학교,1106,1106,SC_SAFETY_EDU_08,17.0,,1.0,
2025,학교,1107,1107,SC_SAFETY_EDU_08,10.0,학교중복응답통합,1.0,
2025,학교,1113,1113,SC_SAFETY_EDU_08,16.0,,2.0,
2025,학교,1114,1114,SC_SAFETY_EDU_08,10.0,,1.0,
2025,학교,1116,1116,SC_SAFETY_EDU_08,10.0,,1.0,
2025,학교,1118,1118,SC_SAFETY_EDU_08,31.0,,1.0,
2025,학교,1119,1119,SC_SAFETY_EDU_08,4.0,,1.0,
2025,학교,1120,1120,SC_SAFETY_EDU_08,10.0,,1.0,
2025,학교,1121,1121,SC_SAFETY_EDU_08,10.0,,1.0,
2025,학교,1122,1122,SC_SAFETY_EDU_08,10.0,,1.0,
2025,학교,1123,1123,SC_SAFETY_EDU_08,4.0,,1.0,
2025,학교,1125,1125,SC_SAFETY_EDU_08,2.0,,1.0,
2025,학교,1127,1127,SC_SAFETY_EDU_08,10.0,,2.0,
2025,학교,1129,1129,SC_SAFETY_EDU_08,20.0,,2.0,
2025,학교,1131,1131,SC_SAFETY_EDU_08,10.0,,1.0,
2025,학교,1132,1132,SC_SAFETY_EDU_08,,학교중복충돌→결측,1.0,
2025,학교,1133,1133,SC_SAFETY_EDU_08,10.0,,1.0,
2025,학교,1135,1135,SC_SAFETY_EDU_08,10.0,,1.0,
2025,학교,1137,1137,SC_SAFETY_EDU_08,24.0,,1.0,
2025,학교,1139,1139,SC_SAFETY_EDU_08,10.0,,1.0,
2025,학교,1140,1140,SC_SAFETY_EDU_08,10.0,,2.0,
2025,학교,1141,1141,SC_SAFETY_EDU_08,1.0,,1.0,
2025,학교,1142,1142,SC_SAFETY_EDU_08,2.0,,1.0,
2025,학교,1143,1143,SC_SAFETY_EDU_08,10.0,,1.0,
2025,학교,1144,1144,SC_SAFETY_EDU_08,4.0,,2.0,
2025,학교,1147,1147,SC_SAFETY_EDU_08,6.0,,2.0,
2025,학교,1148,1148,SC_SAFETY_EDU_08,7.0,,1.0,
2025,학교,1149,1149,SC_SAFETY_EDU_08,1.0,,1.0,
2025,학교,1150,1150,SC_SAFETY_EDU_08,34.0,,1.0,
2025,학교,1152,1152,SC_SAFETY_EDU_08,10.0,,2.0,
2025,학교,1153,1153,SC_SAFETY_EDU_08,2.0,학교중복응답통합,1.0,
2025,학교,1154,1154,SC_SAFETY_EDU_08,2.0,,1.0,
2025,학교,1155,1155,SC_SAFETY_EDU_08,1.0,,1.0,
2025,학교,1156,1156,SC_SAFETY_EDU_08,1.0,,1.0,
2025,학교,1161,1161,SC_SAFETY_EDU_08,20.0,,1.0,
2025,학교,1162,1162,SC_SAFETY_EDU_08,0.0,,1.0,
2025,학교,1163,1163,SC_SAFETY_EDU_08,3.0,,1.0,
2025,학교,1164,1164,SC_SAFETY_EDU_08,2.0,,1.0,
2025,학교,1165,1165,SC_SAFETY_EDU_08,10.0,,1.0,
2025,학교,1166,1166,SC_SAFETY_EDU_08,10.0,,1.0,
2025,학교,1167,1167,SC_SAFETY_EDU_08,2.0,,2.0,
2025,학교,1168,1168,SC_SAFETY_EDU_08,2.0,,1.0,
2025,학교,1170,1170,SC_SAFETY_EDU_08,13.0,,1.0,
2025,학교,1176,1176,SC_SAFETY_EDU_08,10.0,,1.0,
2025,학교,1177,1177,SC_SAFETY_EDU_08,1.0,,2.0,
2025,학교,1180,1180,SC_SAFETY_EDU_08,2.0,,2.0,
2025,학교,1182,1182,SC_SAFETY_EDU_08,10.0,,1.0,
